{"stats":{"minecraft:killed":{"kimetsunoyaiba:demon":3,"minecraft:sheep":1,"minecraft:skeleton":7,"minecraft:zombie":7,"kimetsunoyaiba:muscular_mouse":1,"kimetsunoyaiba:demon_4":1,"minecraft:spider":3,"minecraft:creeper":15},"minecraft:used":{"minecraft:wooden_axe":19,"minecraft:oak_planks":9,"kimetsunoyaiba:boar_flesh":9,"minecraft:potion":2,"minecraft:crafting_table":1,"kimetsunoyaiba:nichirinsword_flame":104},"minecraft:crafted":{"minecraft:oak_planks":16,"minecraft:crafting_table":1,"minecraft:wooden_axe":1},"minecraft:mined":{"minecraft:birch_log":7,"minecraft:spruce_log":19,"minecraft:grass":7,"minecraft:grass_block":4,"minecraft:oak_log":10,"minecraft:dirt":2,"minecraft:spruce_leaves":7,"minecraft:oak_leaves":9,"minecraft:fern":3,"minecraft:large_fern":1},"minecraft:killed_by":{"kimetsunoyaiba:shadow_wolf":2,"kimetsunoyaiba:goldfishbig":1,"minecraft:skeleton":1,"kimetsunoyaiba:susamaru":1,"kimetsunoyaiba:demon":5,"minecraft:spider":1,"kimetsunoyaiba:demon_9":4,"kimetsunoyaiba:demon_4":1},"minecraft:custom":{"minecraft:time_since_rest":3703,"minecraft:sprint_one_cm":139286,"minecraft:damage_taken":6598,"minecraft:walk_one_cm":151453,"minecraft:mob_kills":50,"minecraft:damage_dealt":8003,"minecraft:swim_one_cm":1616,"minecraft:interact_with_crafting_table":1,"minecraft:fly_one_cm":75319,"minecraft:open_chest":1,"minecraft:play_one_minute":51424,"minecraft:crouch_one_cm":2814,"minecraft:deaths":16,"minecraft:sneak_time":1370,"minecraft:walk_under_water_one_cm":8124,"minecraft:jump":346,"minecraft:damage_dealt_resisted":1652,"minecraft:leave_game":3,"minecraft:time_since_death":3678,"minecraft:walk_on_water_one_cm":36259,"minecraft:damage_resisted":738,"minecraft:fall_one_cm":13067},"minecraft:picked_up":{"kimetsunoyaiba:human_flesh_2":1,"minecraft:birch_log":7,"minecraft:stick":2,"minecraft:oak_log":9,"minecraft:spruce_log":17,"minecraft:gunpowder":23,"minecraft:spider_eye":1,"minecraft:dirt":3,"minecraft:string":4,"minecraft:bone":10,"minecraft:arrow":6,"minecraft:rotten_flesh":22,"minecraft:bow":1,"minecraft:wheat_seeds":1,"minecraft:oak_sapling":1,"croptopia:roe":2,"minecraft:mutton":2,"minecraft:white_wool":1}},"DataVersion":2586}