{"stats":{"minecraft:killed":{"kimetsunoyaiba:demon":18,"kimetsunoyaiba:demon_2":10,"kimetsunoyaiba:demon_4":1,"minecraft:spider":3,"kimetsunoyaiba:yahaba":1,"minecraft:creeper":15,"minecraft:sheep":1,"minecraft:skeleton":15,"kimetsunoyaiba:demon_9":1,"minecraft:zombie":10,"kimetsunoyaiba:muscular_mouse":2,"kimetsunoyaiba:goldfishbig":1,"kimetsunoyaiba:demon_3":1},"minecraft:dropped":{"minecraft:wheat_seeds":3,"minecraft:glass_bottle":1,"kimetsunoyaiba:dice_steak_head_1":2,"minecraft:rotten_flesh":2,"kimetsunoyaiba:dice_steak_head_2":2,"kimetsunoyaiba:dice_steak_leg":2,"minecraft:dirt":3,"kimetsunoyaiba:human_flesh_2":10,"minecraft:gunpowder":23,"minecraft:ink_sac":4,"kimetsunoyaiba:dice_steak_head_4":2,"minecraft:wooden_axe":1,"minecraft:oak_sapling":1,"kimetsunoyaiba:dice_steak_body":2,"minecraft:spider_eye":1,"minecraft:spruce_log":7,"minecraft:string":4,"kimetsunoyaiba:dice_steak_arm":4,"minecraft:bone":38},"minecraft:used":{"minecraft:oak_planks":9,"minecraft:rotten_flesh":1,"minecraft:white_wool":1,"minecraft:mutton":2,"minecraft:crafting_table":1,"minecraft:wooden_axe":19,"kimetsunoyaiba:boar_flesh":24,"kimetsunoyaiba:muzanblood":2,"minecraft:potion":2,"croptopia:roe":2,"kimetsunoyaiba:nichirinsword_flame":260},"minecraft:crafted":{"minecraft:oak_planks":16,"minecraft:crafting_table":1,"minecraft:wooden_axe":1},"minecraft:mined":{"minecraft:grass_block":4,"minecraft:spruce_leaves":7,"minecraft:large_fern":1,"minecraft:birch_log":7,"minecraft:spruce_log":19,"minecraft:grass":21,"minecraft:oak_log":10,"minecraft:dirt":2,"minecraft:oak_leaves":9,"minecraft:fern":3},"minecraft:killed_by":{"kimetsunoyaiba:demon_slayer":3,"kimetsunoyaiba:goldfishbig":8,"kimetsunoyaiba:demon":19,"minecraft:skeleton":2,"minecraft:spider":1,"kimetsunoyaiba:demon_2":11,"kimetsunoyaiba:demon_4":6,"kimetsunoyaiba:shadow_wolf":2,"kimetsunoyaiba:temple_demon":2,"kimetsunoyaiba:susamaru":3,"kimetsunoyaiba:uzui":1,"kimetsunoyaiba:demon_9":5,"kimetsunoyaiba:demon_5":2,"kimetsunoyaiba:demon_3":1},"minecraft:custom":{"minecraft:mob_kills":137,"minecraft:interact_with_crafting_table":1,"minecraft:play_one_minute":81424,"minecraft:damage_dealt_resisted":8775,"minecraft:leave_game":3,"minecraft:time_since_death":463,"minecraft:damage_resisted":2793,"minecraft:time_since_rest":497,"minecraft:sprint_one_cm":581476,"minecraft:damage_taken":32096,"minecraft:walk_one_cm":309667,"minecraft:drop":24,"minecraft:damage_dealt":27552,"minecraft:damage_dealt_absorbed":120,"minecraft:swim_one_cm":1616,"minecraft:fly_one_cm":190053,"minecraft:open_chest":1,"minecraft:crouch_one_cm":9228,"minecraft:deaths":66,"minecraft:sneak_time":3384,"minecraft:walk_under_water_one_cm":8189,"minecraft:jump":594,"minecraft:walk_on_water_one_cm":44169,"minecraft:fall_one_cm":27902},"minecraft:picked_up":{"kimetsunoyaiba:human_flesh_2":14,"minecraft:birch_log":7,"croptopia:calamari":2,"minecraft:oak_log":9,"kimetsunoyaiba:dice_steak_leg":2,"minecraft:gunpowder":23,"kimetsunoyaiba:uniform_chestplate":1,"kimetsunoyaiba:dice_steak_arm":4,"minecraft:string":4,"minecraft:dirt":3,"kimetsunoyaiba:dice_steak_head_2":2,"minecraft:bone":35,"minecraft:bow":1,"minecraft:wheat_seeds":3,"kimetsunoyaiba:blooddemonart_yahaba":1,"croptopia:roe":2,"kimetsunoyaiba:dice_steak_head_4":2,"kimetsunoyaiba:muzanblood":2,"minecraft:stick":2,"minecraft:ink_sac":4,"kimetsunoyaiba:uniform_leggings":1,"minecraft:spruce_log":17,"minecraft:spider_eye":1,"minecraft:arrow":28,"minecraft:rotten_flesh":40,"kimetsunoyaiba:uniform_boots":1,"minecraft:iron_helmet":1,"kimetsunoyaiba:dice_steak_head_1":2,"kimetsunoyaiba:demon_hand":4,"kimetsunoyaiba:dice_steak_body":2,"minecraft:oak_sapling":1,"minecraft:mutton":2,"minecraft:white_wool":1},"minecraft:broken":{"kimetsunoyaiba:uniform_boots":1,"kimetsunoyaiba:uniform_leggings":2,"minecraft:iron_helmet":1,"kimetsunoyaiba:uniform_chestplate":1}},"DataVersion":2586}