{"stats":{"minecraft:killed":{"minecraft:skeleton":4,"minecraft:zombie":4,"kimetsunoyaiba:muscular_mouse":1,"kimetsunoyaiba:demon_4":1,"minecraft:spider":2,"minecraft:creeper":2},"minecraft:used":{"minecraft:wooden_axe":19,"minecraft:oak_planks":2,"kimetsunoyaiba:boar_flesh":7,"minecraft:potion":1,"minecraft:crafting_table":1,"kimetsunoyaiba:nichirinsword_flame":49},"minecraft:crafted":{"minecraft:oak_planks":16,"minecraft:crafting_table":1,"minecraft:wooden_axe":1},"minecraft:mined":{"minecraft:birch_log":7,"minecraft:spruce_log":19,"minecraft:grass":6,"minecraft:grass_block":4,"minecraft:oak_log":10,"minecraft:dirt":2,"minecraft:spruce_leaves":7,"minecraft:oak_leaves":7},"minecraft:killed_by":{"kimetsunoyaiba:shadow_wolf":2,"kimetsunoyaiba:susamaru":1,"kimetsunoyaiba:demon":1,"minecraft:spider":1,"kimetsunoyaiba:demon_9":3,"kimetsunoyaiba:demon_4":1},"minecraft:custom":{"minecraft:time_since_rest":5276,"minecraft:sprint_one_cm":70358,"minecraft:damage_taken":3773,"minecraft:walk_one_cm":106267,"minecraft:mob_kills":19,"minecraft:damage_dealt":2695,"minecraft:interact_with_crafting_table":1,"minecraft:swim_one_cm":143,"minecraft:fly_one_cm":44275,"minecraft:open_chest":1,"minecraft:crouch_one_cm":853,"minecraft:play_one_minute":35175,"minecraft:deaths":9,"minecraft:sneak_time":445,"minecraft:walk_under_water_one_cm":3965,"minecraft:jump":230,"minecraft:damage_dealt_resisted":682,"minecraft:leave_game":3,"minecraft:walk_on_water_one_cm":16598,"minecraft:time_since_death":5253,"minecraft:damage_resisted":505,"minecraft:fall_one_cm":6256},"minecraft:picked_up":{"kimetsunoyaiba:human_flesh_2":1,"minecraft:birch_log":7,"minecraft:stick":2,"minecraft:oak_log":8,"minecraft:spruce_log":17,"minecraft:gunpowder":5,"minecraft:string":3,"minecraft:dirt":3,"minecraft:bone":4,"minecraft:arrow":5,"minecraft:rotten_flesh":12,"minecraft:bow":1}},"DataVersion":2586}