{"stats":{"minecraft:killed":{"kimetsunoyaiba:demon":11,"minecraft:sheep":1,"minecraft:skeleton":8,"minecraft:zombie":7,"kimetsunoyaiba:muscular_mouse":1,"kimetsunoyaiba:demon_2":5,"kimetsunoyaiba:goldfishbig":1,"kimetsunoyaiba:demon_3":1,"kimetsunoyaiba:demon_4":1,"minecraft:spider":3,"minecraft:creeper":15},"minecraft:used":{"minecraft:wooden_axe":19,"minecraft:oak_planks":9,"kimetsunoyaiba:boar_flesh":15,"minecraft:rotten_flesh":1,"minecraft:white_wool":1,"minecraft:mutton":2,"minecraft:potion":2,"minecraft:crafting_table":1,"croptopia:roe":2,"kimetsunoyaiba:nichirinsword_flame":158},"minecraft:crafted":{"minecraft:oak_planks":16,"minecraft:crafting_table":1,"minecraft:wooden_axe":1},"minecraft:mined":{"minecraft:birch_log":7,"minecraft:spruce_log":19,"minecraft:grass":14,"minecraft:grass_block":4,"minecraft:oak_log":10,"minecraft:dirt":2,"minecraft:spruce_leaves":7,"minecraft:oak_leaves":9,"minecraft:fern":3,"minecraft:large_fern":1},"minecraft:killed_by":{"kimetsunoyaiba:shadow_wolf":2,"kimetsunoyaiba:goldfishbig":6,"minecraft:skeleton":1,"kimetsunoyaiba:susamaru":1,"kimetsunoyaiba:demon":9,"minecraft:spider":1,"kimetsunoyaiba:demon_5":1,"kimetsunoyaiba:demon_3":1,"kimetsunoyaiba:demon_9":4,"kimetsunoyaiba:demon_2":6,"kimetsunoyaiba:demon_4":4},"minecraft:custom":{"minecraft:time_since_rest":1242,"minecraft:sprint_one_cm":288472,"minecraft:damage_taken":16796,"minecraft:walk_one_cm":221487,"minecraft:mob_kills":78,"minecraft:damage_dealt":14958,"minecraft:swim_one_cm":1616,"minecraft:interact_with_crafting_table":1,"minecraft:fly_one_cm":116442,"minecraft:open_chest":1,"minecraft:play_one_minute":63424,"minecraft:crouch_one_cm":9089,"minecraft:deaths":36,"minecraft:sneak_time":3236,"minecraft:walk_under_water_one_cm":8189,"minecraft:jump":435,"minecraft:damage_dealt_resisted":4007,"minecraft:leave_game":3,"minecraft:time_since_death":1220,"minecraft:walk_on_water_one_cm":41053,"minecraft:damage_resisted":1706,"minecraft:fall_one_cm":19795},"minecraft:picked_up":{"kimetsunoyaiba:human_flesh_2":8,"minecraft:birch_log":7,"minecraft:stick":2,"croptopia:calamari":2,"minecraft:oak_log":9,"minecraft:ink_sac":4,"minecraft:spruce_log":17,"minecraft:gunpowder":23,"minecraft:spider_eye":1,"minecraft:dirt":3,"minecraft:string":4,"minecraft:bone":16,"minecraft:arrow":11,"minecraft:rotten_flesh":29,"minecraft:bow":1,"minecraft:wheat_seeds":3,"kimetsunoyaiba:demon_hand":1,"minecraft:oak_sapling":1,"croptopia:roe":2,"minecraft:mutton":2,"minecraft:white_wool":1}},"DataVersion":2586}