{"stats":{"minecraft:killed":{"minecraft:spider":4,"kimetsunoyaiba:demon_slayer":2,"kimetsunoyaiba:yahaba":1,"minecraft:horse":2,"minecraft:skeleton":17,"kimetsunoyaiba:demon_9":1,"kimetsunoyaiba:muscular_mouse":2,"kimetsunoyaiba:goldfishbig":1,"kimetsunoyaiba:yachan_brother":1,"kimetsunoyaiba:demon":29,"kimetsunoyaiba:demon_2":12,"kimetsunoyaiba:demon_4":2,"minecraft:creeper":28,"minecraft:sheep":5,"minecraft:zombie":28,"kimetsunoyaiba:demon_3":2,"minecraft:cow":7},"minecraft:dropped":{"minecraft:wheat_seeds":3,"minecraft:glass_bottle":1,"kimetsunoyaiba:dice_steak_head_1":2,"minecraft:cobblestone":80,"kimetsunoyaiba:dice_steak_head_2":2,"minecraft:granite":1,"kimetsunoyaiba:dice_steak_leg":4,"minecraft:rail":1,"minecraft:coal":1,"minecraft:dirt":8,"kimetsunoyaiba:human_flesh_2":10,"minecraft:diorite":3,"minecraft:ink_sac":4,"kimetsunoyaiba:dice_steak_head_4":3,"minecraft:wooden_axe":1,"kimetsunoyaiba:demon_hand":4,"kimetsunoyaiba:dice_steak_body":3,"kimetsunoyaiba:nichirinsword_flame":1,"minecraft:string":6,"croptopia:calamari":2,"kimetsunoyaiba:dice_steak_arm":6,"minecraft:bone":42,"kimetsunoyaiba:d_ice_steak_head_3":1,"minecraft:rotten_flesh":50,"minecraft:gunpowder":23,"minecraft:oak_sapling":1,"minecraft:spider_eye":1,"minecraft:spruce_log":7,"minecraft:iron_ore":1,"minecraft:arrow":45},"minecraft:used":{"minecraft:chest":3,"minecraft:rotten_flesh":1,"minecraft:torch":38,"minecraft:mutton":2,"minecraft:wooden_axe":19,"kimetsunoyaiba:boar_flesh":28,"kimetsunoyaiba:muzanblood":2,"artifacts:everlasting_beef":4,"minecraft:beef":1,"minecraft:furnace":1,"croptopia:roe":2,"kimetsunoyaiba:nichirinsword_flame":406,"minecraft:stone_pickaxe":131,"minecraft:oak_planks":9,"minecraft:wooden_pickaxe":4,"minecraft:white_wool":1,"minecraft:crafting_table":4,"kimetsunoyaiba:demon_hand":9,"minecraft:bread":1,"minecraft:iron_pickaxe":34,"minecraft:potion":2,"kimetsunoyaiba:tatami":1},"minecraft:crafted":{"minecraft:oak_planks":36,"minecraft:furnace":1,"minecraft:stone_pickaxe":1,"minecraft:chest":2,"minecraft:crafting_table":4,"minecraft:spruce_planks":40,"minecraft:wooden_pickaxe":1,"minecraft:smithing_table":1,"minecraft:air":0,"minecraft:stick":16,"minecraft:iron_ingot":19,"minecraft:iron_pickaxe":1,"minecraft:wooden_axe":1,"minecraft:torch":40},"minecraft:mined":{"minecraft:granite":1,"minecraft:grass_block":4,"minecraft:spruce_leaves":7,"minecraft:large_fern":1,"minecraft:furnace":1,"minecraft:iron_ore":62,"minecraft:stone":98,"minecraft:dandelion":1,"minecraft:chest":1,"minecraft:tall_grass":4,"minecraft:diorite":3,"minecraft:birch_log":7,"minecraft:spruce_log":19,"kimetsunoyaiba:tatami":2,"minecraft:grass":54,"minecraft:oak_log":10,"minecraft:coal_ore":41,"minecraft:dirt":8,"minecraft:cobweb":1,"minecraft:gold_ore":14,"minecraft:oak_leaves":9,"minecraft:fern":3},"minecraft:killed_by":{"kimetsunoyaiba:demon_slayer":3,"kimetsunoyaiba:demon":28,"minecraft:spider":1,"kimetsunoyaiba:kamanue":2,"kimetsunoyaiba:uzui":1,"kimetsunoyaiba:demon_3":3,"kimetsunoyaiba:demon_10":2,"kimetsunoyaiba:goldfishbig":9,"minecraft:skeleton":2,"kimetsunoyaiba:demon_2":13,"kimetsunoyaiba:demon_4":7,"kimetsunoyaiba:shadow_wolf":2,"kimetsunoyaiba:temple_demon":6,"kimetsunoyaiba:susamaru":3,"kimetsunoyaiba:demon_9":5,"kimetsunoyaiba:demon_5":4},"minecraft:custom":{"minecraft:mob_kills":229,"minecraft:interact_with_crafting_table":9,"minecraft:open_barrel":3,"minecraft:damage_dealt_resisted":11643,"minecraft:leave_game":4,"minecraft:time_since_death":12120,"minecraft:climb_one_cm":670,"minecraft:damage_resisted":5850,"minecraft:sprint_one_cm":862243,"minecraft:walk_one_cm":499248,"minecraft:drop":50,"minecraft:damage_dealt_absorbed":120,"minecraft:deaths":91,"minecraft:sneak_time":5194,"minecraft:walk_under_water_one_cm":8590,"minecraft:jump":888,"minecraft:walk_on_water_one_cm":57074,"minecraft:interact_with_furnace":6,"minecraft:play_one_minute":127956,"minecraft:time_since_rest":12142,"minecraft:damage_taken":45416,"minecraft:trigger_trapped_chest":1,"minecraft:damage_dealt":44068,"minecraft:swim_one_cm":2101,"minecraft:fly_one_cm":285216,"minecraft:open_chest":2,"minecraft:crouch_one_cm":11658,"minecraft:fall_one_cm":45094},"minecraft:picked_up":{"kimetsunoyaiba:nichirinsword_flame":1,"minecraft:chicken":5,"croptopia:calamari":2,"minecraft:string":10,"kimetsunoyaiba:dice_steak_head_2":2,"minecraft:beef":28,"kimetsunoyaiba:dice_steak_head_4":3,"minecraft:chest":1,"minecraft:furnace":1,"minecraft:stick":2,"minecraft:diorite":3,"artifacts:everlasting_beef":1,"kimetsunoyaiba:d_ice_steak_head_3":1,"kimetsunoyaiba:tatami":3,"minecraft:arrow":55,"minecraft:rotten_flesh":80,"kimetsunoyaiba:dice_steak_head_1":2,"kimetsunoyaiba:demon_hand":5,"minecraft:mutton":13,"minecraft:rail":1,"minecraft:white_wool":6,"minecraft:cobblestone":92,"kimetsunoyaiba:human_flesh_2":21,"minecraft:birch_log":7,"minecraft:feather":7,"minecraft:brown_wool":1,"minecraft:leather":36,"kimetsunoyaiba:blooddemonart_kamanue":1,"minecraft:oak_log":9,"kimetsunoyaiba:dice_steak_leg":4,"minecraft:gunpowder":49,"kimetsunoyaiba:uniform_chestplate":1,"kimetsunoyaiba:dice_steak_arm":6,"minecraft:dirt":8,"minecraft:bone":50,"minecraft:bow":1,"minecraft:wheat_seeds":4,"kimetsunoyaiba:blooddemonart_yahaba":1,"minecraft:iron_ore":80,"croptopia:roe":2,"kimetsunoyaiba:muzanblood":3,"kimetsunoyaiba:uniform_leggings":2,"minecraft:ink_sac":4,"minecraft:spruce_log":17,"minecraft:gold_ore":14,"minecraft:spider_eye":1,"kimetsunoyaiba:uniform_boots":1,"minecraft:iron_helmet":1,"minecraft:granite":1,"minecraft:gray_wool":1,"kimetsunoyaiba:dice_steak_body":3,"minecraft:oak_sapling":1,"minecraft:black_wool":1,"minecraft:coal":74},"minecraft:broken":{"kimetsunoyaiba:uniform_boots":2,"kimetsunoyaiba:nichirinsword_flame":1,"minecraft:stone_pickaxe":1,"kimetsunoyaiba:uniform_leggings":2,"minecraft:iron_helmet":1,"kimetsunoyaiba:uniform_chestplate":2}},"DataVersion":2586}