{"stats":{"minecraft:dropped":{"fh:moon_breathitem":1,"fh:water_breathitem":1,"minecraft:sugar_cane":8,"fh:thunder_breathitem":1,"fh:sun_breathitem":1,"fh:flame_breathitem":1,"fh:mist_breathitem":1,"minecraft:bone":2,"fh:wind_breathitem":1},"minecraft:used":{"kimetsunoyaiba:nichirinsword_iguro":1},"minecraft:killed_by":{"kimetsunoyaiba:demon":4},"minecraft:picked_up":{"minecraft:bone":2,"kimetsunoyaiba:nichirinsword_iguro":1,"kimetsunoyaiba:uniform_iguro_chestplate":1,"minecraft:sugar_cane":8},"minecraft:custom":{"minecraft:time_since_rest":363,"minecraft:play_one_minute":7223,"minecraft:crouch_one_cm":23,"minecraft:sprint_one_cm":7262,"minecraft:deaths":4,"minecraft:damage_taken":986,"minecraft:walk_one_cm":21371,"minecraft:sneak_time":33,"minecraft:drop":17,"minecraft:jump":79,"minecraft:damage_dealt":29,"minecraft:leave_game":1,"minecraft:time_since_death":340,"minecraft:fall_one_cm":2200,"minecraft:fly_one_cm":10983}},"DataVersion":2586}