{"stats":{"minecraft:killed":{"kimetsunoyaiba:kanawo":3,"kimetsunoyaiba:enmu_tentacle":1,"kimetsunoyaiba:hairo":1,"minecraft:spider":1,"kimetsunoyaiba:demon_slayer":249,"kimetsunoyaiba:genya":2,"kimetsunoyaiba:yahaba":17,"kimetsunoyaiba:yachan":5,"minecraft:skeleton":50,"kimetsunoyaiba:rengoku":2,"kimetsunoyaiba:doma":1,"kimetsunoyaiba:demon_9":29,"kimetsunoyaiba:temple_demon":30,"kimetsunoyaiba:hand_demon":24,"kimetsunoyaiba:muscular_mouse":14,"kimetsunoyaiba:muichiro":2,"kimetsunoyaiba:goldfishbig":21,"kimetsunoyaiba:demon_5":7,"minecraft:chicken":1,"kimetsunoyaiba:kakushi":5,"kimetsunoyaiba:yachan_brother":2,"kimetsunoyaiba:yorichi_0":9,"kimetsunoyaiba:dice_steak_senior":6,"kimetsunoyaiba:demon":186,"kimetsunoyaiba:demon_10":6,"kimetsunoyaiba:makomo":2,"kimetsunoyaiba:demon_2":84,"kimetsunoyaiba:demon_4":20,"kimetsunoyaiba:boar":5,"kimetsunoyaiba:haganeduka":5,"kimetsunoyaiba:kocho":1,"kimetsunoyaiba:kyogai":7,"minecraft:creeper":3,"minecraft:squid":2,"kimetsunoyaiba:icelotus":1,"kimetsunoyaiba:zenitsu":1,"minecraft:pillager":2,"kimetsunoyaiba:kaigaku":1,"kimetsunoyaiba:kasugai_crow":1,"minecraft:zombie":70,"kimetsunoyaiba:susamaru":14,"kimetsunoyaiba:tomioka":4,"kimetsunoyaiba:uzui":2,"kimetsunoyaiba:demon_3":15,"kimetsunoyaiba:rokuro":3,"minecraft:enderman":1,"minecraft:cow":1},"minecraft:dropped":{"minecraft:wheat_seeds":5,"kimetsunoyaiba:blooddemonart_yahaba":5,"minecraft:glass_bottle":5,"minecraft:ender_pearl":2,"kimetsunoyaiba:dice_steak_head_1":5,"kimetsunoyaiba:blooddemonart_enmu":4,"minecraft:feather":1,"kimetsunoyaiba:nichirinsword_thunder":5,"kimetsunoyaiba:dice_steak_head_2":7,"croptopia:sweetpotato":2,"minecraft:leather":2,"kimetsunoyaiba:dice_steak_leg":5,"kimetsunoyaiba:nichirinsword_wind":1,"minecraft:grass_block":1,"kimetsunoyaiba:yorichi_0_armor_chestplate":2,"kimetsunoyaiba:vase_item":3,"kimetsunoyaiba:drum_armor_chestplate":1,"kimetsunoyaiba:rifle":4,"minecraft:dirt":1,"kimetsunoyaiba:horns":3,"minecraft:ink_sac":36,"kimetsunoyaiba:dice_steak_head_4":4,"minecraft:cooked_cod":1,"croptopia:pepper":1,"kimetsunoyaiba:demon_hand":6,"croptopia:sweetpotato_seed":2,"kimetsunoyaiba:dice_steak_body":2,"minecraft:iron_leggings":1,"minecraft:polished_blackstone_bricks":16,"kimetsunoyaiba:nichirinsword_mist":4,"kimetsunoyaiba:nichirinsword_flame":4,"minecraft:string":4,"kimetsunoyaiba:drum":4,"croptopia:calamari":13,"kimetsunoyaiba:dice_steak_arm":10,"kimetsunoyaiba:nichirinsword_kaigaku":1,"minecraft:bone":115,"kimetsunoyaiba:d_ice_steak_head_3":4,"minecraft:stone_sword":1,"kimetsunoyaiba:nichirinsword_black":2,"minecraft:rotten_flesh":126,"kimetsunoyaiba:uniform_chestplate":21,"kimetsunoyaiba:uniform_boots":11,"minecraft:oak_planks":5,"minecraft:iron_boots":1,"kimetsunoyaiba:mukimuki_chestplate":1,"kimetsunoyaiba:uniform_leggings":18,"minecraft:salmon":8,"kimetsunoyaiba:hair_tsugikuni":2,"minecraft:gunpowder":9,"kimetsunoyaiba:clothes_hand_demon_chestplate":2,"minecraft:iron_chestplate":1,"kimetsunoyaiba:uzui_decoration_helmet":1,"minecraft:oak_sapling":2,"croptopia:roe":10,"kimetsunoyaiba:nichirinswordmoon":2,"minecraft:arrow":79,"minecraft:bow":1,"minecraft:stone_pickaxe":1,"minecraft:wooden_pickaxe":1,"croptopia:pepper_seed":2,"kimetsunoyaiba:nichirinsword_water":5},"minecraft:used":{"minecraft:stone_sword":128,"croptopia:calamari":6,"minecraft:iron_sword":252,"kimetsunoyaiba:nichirinsword_wind":1749,"minecraft:dirt":4,"kimetsunoyaiba:blooddemonart_enmu":2,"minecraft:iron_axe":6,"kimetsunoyaiba:nichirinsword_tomioka":5,"minecraft:grass_block":1,"kimetsunoyaiba:nichirinsword_thunder":3,"kimetsunoyaiba:rifle":1,"kimetsunoyaiba:boar_flesh":38,"minecraft:beef":3,"minecraft:cooked_cod":12,"minecraft:oak_sapling":1,"croptopia:roe":15,"kimetsunoyaiba:nichirinsword_flame":14,"minecraft:stone_pickaxe":42,"minecraft:wooden_pickaxe":3,"kimetsunoyaiba:human_flesh_2":209,"minecraft:salmon":2,"minecraft:sand":7,"minecraft:crafting_table":4,"minecraft:campfire":2,"minecraft:cod":2,"kimetsunoyaiba:nichirinsword_kaigaku":3,"minecraft:chicken":3,"minecraft:bread":3,"minecraft:iron_pickaxe":59,"minecraft:spruce_sapling":1,"croptopia:toast":45,"minecraft:cobblestone":6,"minecraft:white_banner":1,"minecraft:potion":5,"minecraft:porkchop":1,"kimetsunoyaiba:nichirinsword_water":2},"minecraft:crafted":{"minecraft:oak_planks":52,"minecraft:iron_axe":1,"minecraft:stone_pickaxe":1,"minecraft:wheat":180,"minecraft:crafting_table":2,"minecraft:wooden_pickaxe":1,"minecraft:iron_sword":1,"minecraft:campfire":2,"minecraft:bread":60,"minecraft:air":0,"minecraft:stick":24,"minecraft:iron_ingot":8,"minecraft:iron_pickaxe":1,"minecraft:stone_sword":1},"minecraft:mined":{"minecraft:grass_block":5,"minecraft:coal_block":65,"minecraft:spruce_leaves":4,"minecraft:hay_block":1,"minecraft:polished_blackstone_bricks":18,"minecraft:iron_ore":8,"minecraft:stone":11,"minecraft:crafting_table":2,"minecraft:blast_furnace":1,"minecraft:campfire":1,"minecraft:grass":49,"minecraft:oak_log":16,"minecraft:dirt":3,"minecraft:oak_leaves":16},"minecraft:killed_by":{"kimetsunoyaiba:enmu_train":2,"kimetsunoyaiba:kyogai":1,"minecraft:player":1,"kimetsunoyaiba:demon_slayer":7,"kimetsunoyaiba:genya":1,"kimetsunoyaiba:demon":66,"kimetsunoyaiba:doma":3,"kimetsunoyaiba:muichiro":1,"kimetsunoyaiba:shinazugawa":4,"kimetsunoyaiba:akaza":1,"kimetsunoyaiba:kamanue":2,"kimetsunoyaiba:kaigaku":2,"kimetsunoyaiba:tanjiro":1,"kimetsunoyaiba:tomioka":2,"kimetsunoyaiba:uzui":2,"kimetsunoyaiba:yahaba":2,"kimetsunoyaiba:gyokko":2,"kimetsunoyaiba:demon_3":8,"kimetsunoyaiba:daki":1,"kimetsunoyaiba:demon_10":2,"kimetsunoyaiba:hairo":6,"kimetsunoyaiba:goldfishbig":21,"kimetsunoyaiba:gyokko_goldfish":1,"kimetsunoyaiba:kanawo":3,"kimetsunoyaiba:iguro":1,"kimetsunoyaiba:rokuro":3,"kimetsunoyaiba:demon_2":30,"kimetsunoyaiba:demon_4":21,"kimetsunoyaiba:shadow_wolf":2,"kimetsunoyaiba:yorichi_0":2,"kimetsunoyaiba:enmu":3,"kimetsunoyaiba:muzan_2":1,"kimetsunoyaiba:temple_demon":16,"kimetsunoyaiba:susamaru":10,"kimetsunoyaiba:zohakuten":2,"kimetsunoyaiba:demon_9":4,"kimetsunoyaiba:demon_5":6},"minecraft:custom":{"minecraft:mob_kills":1122,"minecraft:interact_with_crafting_table":14,"minecraft:interact_with_campfire":73,"minecraft:damage_dealt_resisted":191184,"minecraft:leave_game":4,"minecraft:time_since_death":180,"minecraft:climb_one_cm":72,"minecraft:damage_resisted":42907,"minecraft:sprint_one_cm":3313582,"minecraft:walk_one_cm":1663439,"minecraft:drop":297,"minecraft:damage_dealt_absorbed":120,"minecraft:sneak_time":2115,"minecraft:deaths":247,"minecraft:walk_under_water_one_cm":17594,"minecraft:jump":4155,"minecraft:interact_with_blast_furnace":5,"minecraft:walk_on_water_one_cm":30743,"minecraft:play_one_minute":350516,"minecraft:time_since_rest":207,"minecraft:damage_taken":235190,"minecraft:damage_dealt":432523,"minecraft:swim_one_cm":22933,"minecraft:player_kills":3,"minecraft:fly_one_cm":1630418,"minecraft:crouch_one_cm":5759,"minecraft:fall_one_cm":240410},"minecraft:picked_up":{"croptopia:toast":45,"minecraft:charcoal":2,"minecraft:crafting_table":2,"minecraft:chicken":3,"kimetsunoyaiba:nichirinsword_flame":1,"croptopia:sweetpotato_seed":2,"kimetsunoyaiba:hair_tsugikuni":2,"croptopia:calamari":19,"minecraft:string":4,"kimetsunoyaiba:horns":4,"kimetsunoyaiba:dice_steak_head_2":7,"minecraft:beef":3,"kimetsunoyaiba:mukimuki_chestplate":1,"croptopia:pepper_seed":2,"minecraft:coal_block":71,"kimetsunoyaiba:dice_steak_head_4":4,"kimetsunoyaiba:blooddemonart_enmu":5,"minecraft:porkchop":1,"kimetsunoyaiba:nichirinsword_uzui":1,"kimetsunoyaiba:handfan":1,"minecraft:polished_blackstone_bricks":16,"kimetsunoyaiba:nichirinsword_water":1,"kimetsunoyaiba:d_ice_steak_head_3":4,"minecraft:arrow":83,"kimetsunoyaiba:demon_slayer_mark_wind":1,"minecraft:rotten_flesh":126,"minecraft:cooked_cod":13,"minecraft:hay_block":20,"kimetsunoyaiba:boar_flesh":6,"kimetsunoyaiba:dice_steak_head_1":5,"croptopia:pepper":1,"kimetsunoyaiba:demon_hand":24,"kimetsunoyaiba:nichirinsword_tomioka":1,"kimetsunoyaiba:clothes_yorichi_leggings":1,"kimetsunoyaiba:rifle":5,"minecraft:cod":16,"minecraft:cobblestone":11,"kimetsunoyaiba:human_flesh_2":262,"minecraft:feather":1,"minecraft:salmon":12,"kimetsunoyaiba:nichirinsword_kaigaku":2,"minecraft:leather":2,"minecraft:oak_log":28,"kimetsunoyaiba:dice_steak_leg":5,"kimetsunoyaiba:clothes_hand_demon_chestplate":2,"minecraft:gunpowder":9,"kimetsunoyaiba:uniform_chestplate":33,"kimetsunoyaiba:dice_steak_arm":10,"kimetsunoyaiba:uniform_muichiro_leggings":1,"minecraft:dirt":5,"minecraft:white_banner":1,"kimetsunoyaiba:kemari":3,"minecraft:bone":77,"croptopia:sweetpotato":2,"minecraft:bow":1,"minecraft:wheat_seeds":5,"kimetsunoyaiba:blooddemonart_yahaba":6,"minecraft:iron_ore":8,"kimetsunoyaiba:nichirinsword_wind":1,"croptopia:roe":25,"kimetsunoyaiba:muzanblood":49,"kimetsunoyaiba:uzui_decoration_helmet":1,"kimetsunoyaiba:nichirinsword_kocho":1,"minecraft:sand":7,"minecraft:ink_sac":36,"kimetsunoyaiba:uniform_leggings":31,"minecraft:blast_furnace":1,"minecraft:spruce_sapling":1,"kimetsunoyaiba:vase_item":5,"minecraft:grass_block":2,"kimetsunoyaiba:drum_armor_chestplate":1,"kimetsunoyaiba:uniform_boots":17,"kimetsunoyaiba:drum":6,"kimetsunoyaiba:yorichi_0_armor_chestplate":2,"kimetsunoyaiba:doma_hat":1,"kimetsunoyaiba:dice_steak_body":2,"kimetsunoyaiba:nichirinsword":30,"minecraft:oak_sapling":3,"minecraft:ender_pearl":2},"minecraft:broken":{"kimetsunoyaiba:uniform_boots":7,"kimetsunoyaiba:uniform_leggings":13,"minecraft:iron_sword":1,"kimetsunoyaiba:uniform_muichiro_leggings":1,"kimetsunoyaiba:uniform_chestplate":11}},"DataVersion":2586}