{"stats":{"minecraft:killed":{"kimetsunoyaiba:demon_10":1,"kimetsunoyaiba:demon":17,"kimetsunoyaiba:makomo":2,"kimetsunoyaiba:demon_2":9,"kimetsunoyaiba:demon_4":2,"kimetsunoyaiba:demon_slayer":32,"kimetsunoyaiba:boar":1,"kimetsunoyaiba:haganeduka":4,"kimetsunoyaiba:genya":1,"kimetsunoyaiba:yahaba":2,"kimetsunoyaiba:kyogai":2,"minecraft:creeper":1,"kimetsunoyaiba:yachan":1,"minecraft:skeleton":1,"minecraft:pillager":2,"kimetsunoyaiba:demon_9":5,"kimetsunoyaiba:temple_demon":3,"kimetsunoyaiba:hand_demon":1,"minecraft:zombie":4,"kimetsunoyaiba:muscular_mouse":2,"kimetsunoyaiba:goldfishbig":1,"kimetsunoyaiba:susamaru":2,"minecraft:chicken":1,"kimetsunoyaiba:demon_3":2,"kimetsunoyaiba:kakushi":3,"kimetsunoyaiba:yachan_brother":1,"kimetsunoyaiba:yorichi_0":2,"minecraft:cow":1,"kimetsunoyaiba:dice_steak_senior":1},"minecraft:dropped":{"minecraft:wheat_seeds":1,"minecraft:glass_bottle":3,"kimetsunoyaiba:dice_steak_head_1":1,"kimetsunoyaiba:uniform_chestplate":1,"minecraft:feather":1,"minecraft:rotten_flesh":3,"kimetsunoyaiba:dice_steak_head_2":2,"kimetsunoyaiba:uniform_boots":3,"minecraft:iron_boots":1,"kimetsunoyaiba:uniform_leggings":4,"minecraft:gunpowder":2,"minecraft:iron_chestplate":1,"minecraft:oak_sapling":2,"kimetsunoyaiba:demon_hand":2,"minecraft:iron_leggings":1,"minecraft:arrow":5,"minecraft:string":2,"minecraft:bone":4},"minecraft:used":{"minecraft:stone_sword":103,"minecraft:stone_pickaxe":3,"minecraft:wooden_pickaxe":3,"kimetsunoyaiba:human_flesh_2":22,"kimetsunoyaiba:nichirinsword_wind":232,"minecraft:dirt":1,"minecraft:crafting_table":2,"minecraft:chicken":3,"minecraft:spruce_sapling":1,"kimetsunoyaiba:boar_flesh":32,"minecraft:potion":3,"minecraft:beef":3,"minecraft:white_banner":1,"minecraft:porkchop":1},"minecraft:crafted":{"minecraft:oak_planks":20,"minecraft:crafting_table":1,"minecraft:wooden_pickaxe":1,"minecraft:stick":8,"minecraft:stone_pickaxe":1,"minecraft:stone_sword":1},"minecraft:mined":{"minecraft:crafting_table":1,"minecraft:grass_block":1,"minecraft:spruce_leaves":4,"minecraft:grass":14,"minecraft:oak_log":6,"minecraft:stone":5,"minecraft:oak_leaves":14},"minecraft:killed_by":{"kimetsunoyaiba:enmu_train":1,"kimetsunoyaiba:demon_slayer":3,"kimetsunoyaiba:hairo":1,"kimetsunoyaiba:goldfishbig":1,"kimetsunoyaiba:demon":14,"kimetsunoyaiba:rokuro":1,"kimetsunoyaiba:demon_2":3,"kimetsunoyaiba:demon_4":4,"kimetsunoyaiba:shinazugawa":1,"kimetsunoyaiba:kamanue":1,"kimetsunoyaiba:temple_demon":2,"kimetsunoyaiba:susamaru":2,"kimetsunoyaiba:demon_5":1,"kimetsunoyaiba:demon_3":2},"minecraft:custom":{"minecraft:mob_kills":133,"minecraft:interact_with_crafting_table":3,"minecraft:play_one_minute":108674,"minecraft:damage_dealt_resisted":20285,"minecraft:leave_game":1,"minecraft:time_since_death":1199,"minecraft:damage_resisted":2660,"minecraft:time_since_rest":1244,"minecraft:sprint_one_cm":515118,"minecraft:damage_taken":20936,"minecraft:walk_one_cm":332963,"minecraft:drop":31,"minecraft:damage_dealt":52571,"minecraft:swim_one_cm":355,"minecraft:fly_one_cm":485188,"minecraft:crouch_one_cm":1702,"minecraft:deaths":38,"minecraft:sneak_time":498,"minecraft:walk_under_water_one_cm":2473,"minecraft:jump":1738,"minecraft:walk_on_water_one_cm":2686,"minecraft:fall_one_cm":84983},"minecraft:picked_up":{"kimetsunoyaiba:human_flesh_2":25,"minecraft:crafting_table":1,"minecraft:feather":1,"minecraft:chicken":3,"minecraft:leather":2,"kimetsunoyaiba:hair_tsugikuni":1,"minecraft:oak_log":10,"minecraft:gunpowder":2,"kimetsunoyaiba:uniform_chestplate":1,"minecraft:string":2,"minecraft:dirt":1,"minecraft:white_banner":1,"kimetsunoyaiba:kemari":1,"kimetsunoyaiba:dice_steak_head_2":2,"minecraft:bone":4,"minecraft:wheat_seeds":1,"kimetsunoyaiba:blooddemonart_yahaba":1,"minecraft:beef":3,"kimetsunoyaiba:mukimuki_chestplate":1,"kimetsunoyaiba:muzanblood":4,"minecraft:porkchop":1,"kimetsunoyaiba:vase_item":1,"minecraft:spruce_sapling":1,"kimetsunoyaiba:uniform_leggings":4,"minecraft:arrow":5,"kimetsunoyaiba:uniform_boots":3,"minecraft:rotten_flesh":3,"kimetsunoyaiba:drum":1,"kimetsunoyaiba:boar_flesh":1,"kimetsunoyaiba:dice_steak_head_1":1,"kimetsunoyaiba:demon_hand":2,"kimetsunoyaiba:nichirinsword":1,"minecraft:oak_sapling":2,"minecraft:cobblestone":5}},"DataVersion":2586}