{"stats":{"minecraft:killed":{"kimetsunoyaiba:kanawo":3,"kimetsunoyaiba:enmu_tentacle":1,"minecraft:spider":1,"kimetsunoyaiba:demon_slayer":202,"kimetsunoyaiba:genya":2,"kimetsunoyaiba:yahaba":9,"kimetsunoyaiba:yachan":4,"minecraft:skeleton":31,"kimetsunoyaiba:rengoku":1,"kimetsunoyaiba:doma":1,"kimetsunoyaiba:demon_9":22,"kimetsunoyaiba:temple_demon":21,"kimetsunoyaiba:hand_demon":16,"kimetsunoyaiba:muscular_mouse":14,"kimetsunoyaiba:goldfishbig":15,"kimetsunoyaiba:muichiro":2,"kimetsunoyaiba:demon_5":4,"minecraft:chicken":1,"kimetsunoyaiba:kakushi":4,"kimetsunoyaiba:yachan_brother":2,"kimetsunoyaiba:yorichi_0":9,"kimetsunoyaiba:dice_steak_senior":4,"kimetsunoyaiba:demon":129,"kimetsunoyaiba:demon_10":4,"kimetsunoyaiba:makomo":2,"kimetsunoyaiba:demon_2":55,"kimetsunoyaiba:demon_4":12,"kimetsunoyaiba:haganeduka":5,"kimetsunoyaiba:boar":5,"kimetsunoyaiba:kocho":1,"kimetsunoyaiba:kyogai":4,"kimetsunoyaiba:icelotus":1,"minecraft:creeper":2,"minecraft:squid":2,"kimetsunoyaiba:zenitsu":1,"kimetsunoyaiba:kaigaku":1,"minecraft:pillager":2,"kimetsunoyaiba:kasugai_crow":1,"minecraft:zombie":55,"kimetsunoyaiba:tomioka":3,"kimetsunoyaiba:susamaru":8,"kimetsunoyaiba:uzui":2,"kimetsunoyaiba:demon_3":13,"kimetsunoyaiba:rokuro":2,"minecraft:enderman":1,"minecraft:cow":1},"minecraft:dropped":{"minecraft:wheat_seeds":4,"kimetsunoyaiba:blooddemonart_yahaba":4,"minecraft:glass_bottle":5,"minecraft:ender_pearl":2,"kimetsunoyaiba:dice_steak_head_1":4,"minecraft:feather":1,"kimetsunoyaiba:nichirinsword_thunder":3,"kimetsunoyaiba:dice_steak_head_2":5,"croptopia:sweetpotato":2,"minecraft:leather":2,"kimetsunoyaiba:dice_steak_leg":3,"kimetsunoyaiba:nichirinsword_wind":1,"minecraft:grass_block":1,"kimetsunoyaiba:vase_item":3,"kimetsunoyaiba:yorichi_0_armor_chestplate":2,"kimetsunoyaiba:rifle":1,"minecraft:dirt":1,"kimetsunoyaiba:horns":1,"minecraft:ink_sac":25,"kimetsunoyaiba:dice_steak_head_4":3,"minecraft:cooked_cod":1,"croptopia:sweetpotato_seed":2,"kimetsunoyaiba:demon_hand":6,"croptopia:pepper":1,"kimetsunoyaiba:dice_steak_body":1,"minecraft:iron_leggings":1,"minecraft:polished_blackstone_bricks":16,"kimetsunoyaiba:nichirinsword_flame":3,"kimetsunoyaiba:nichirinsword_mist":1,"minecraft:string":2,"kimetsunoyaiba:drum":4,"croptopia:calamari":6,"kimetsunoyaiba:dice_steak_arm":6,"kimetsunoyaiba:nichirinsword_kaigaku":1,"minecraft:bone":77,"kimetsunoyaiba:d_ice_steak_head_3":3,"minecraft:stone_sword":1,"kimetsunoyaiba:nichirinsword_black":1,"minecraft:rotten_flesh":75,"kimetsunoyaiba:uniform_chestplate":20,"kimetsunoyaiba:uniform_boots":11,"minecraft:oak_planks":5,"minecraft:iron_boots":1,"kimetsunoyaiba:uniform_leggings":15,"kimetsunoyaiba:mukimuki_chestplate":1,"minecraft:salmon":8,"kimetsunoyaiba:hair_tsugikuni":2,"minecraft:gunpowder":6,"kimetsunoyaiba:clothes_hand_demon_chestplate":2,"minecraft:iron_chestplate":1,"kimetsunoyaiba:uzui_decoration_helmet":1,"minecraft:oak_sapling":2,"croptopia:roe":10,"kimetsunoyaiba:nichirinswordmoon":2,"kimetsunoyaiba:nichirinsword_water":5,"minecraft:arrow":45,"minecraft:stone_pickaxe":1,"minecraft:wooden_pickaxe":1,"croptopia:pepper_seed":2},"minecraft:used":{"minecraft:stone_sword":128,"croptopia:calamari":6,"minecraft:iron_sword":252,"kimetsunoyaiba:nichirinsword_wind":1234,"minecraft:dirt":4,"kimetsunoyaiba:nichirinsword_tomioka":5,"minecraft:iron_axe":6,"minecraft:grass_block":1,"kimetsunoyaiba:nichirinsword_thunder":3,"kimetsunoyaiba:rifle":1,"kimetsunoyaiba:boar_flesh":38,"minecraft:beef":3,"minecraft:cooked_cod":12,"minecraft:oak_sapling":1,"croptopia:roe":15,"kimetsunoyaiba:nichirinsword_flame":3,"minecraft:stone_pickaxe":42,"minecraft:wooden_pickaxe":3,"kimetsunoyaiba:human_flesh_2":150,"minecraft:salmon":2,"minecraft:crafting_table":4,"minecraft:campfire":2,"minecraft:cod":2,"kimetsunoyaiba:nichirinsword_kaigaku":3,"minecraft:chicken":3,"minecraft:bread":3,"minecraft:iron_pickaxe":59,"minecraft:spruce_sapling":1,"croptopia:toast":45,"minecraft:cobblestone":6,"minecraft:potion":5,"minecraft:white_banner":1,"minecraft:porkchop":1,"kimetsunoyaiba:nichirinsword_water":2},"minecraft:crafted":{"minecraft:oak_planks":52,"minecraft:iron_axe":1,"minecraft:stone_pickaxe":1,"minecraft:wheat":180,"minecraft:crafting_table":2,"minecraft:wooden_pickaxe":1,"minecraft:iron_sword":1,"minecraft:campfire":2,"minecraft:bread":60,"minecraft:air":0,"minecraft:stick":24,"minecraft:iron_ingot":8,"minecraft:iron_pickaxe":1,"minecraft:stone_sword":1},"minecraft:mined":{"minecraft:grass_block":5,"minecraft:coal_block":65,"minecraft:spruce_leaves":4,"minecraft:hay_block":1,"minecraft:polished_blackstone_bricks":18,"minecraft:iron_ore":8,"minecraft:stone":11,"minecraft:crafting_table":2,"minecraft:blast_furnace":1,"minecraft:campfire":1,"minecraft:grass":36,"minecraft:oak_log":16,"minecraft:dirt":3,"minecraft:oak_leaves":16},"minecraft:killed_by":{"kimetsunoyaiba:enmu_train":2,"kimetsunoyaiba:kyogai":1,"kimetsunoyaiba:demon_slayer":7,"minecraft:player":1,"kimetsunoyaiba:genya":1,"kimetsunoyaiba:demon":51,"kimetsunoyaiba:doma":3,"kimetsunoyaiba:muichiro":1,"kimetsunoyaiba:shinazugawa":4,"kimetsunoyaiba:akaza":1,"kimetsunoyaiba:kaigaku":1,"kimetsunoyaiba:kamanue":2,"kimetsunoyaiba:tanjiro":1,"kimetsunoyaiba:tomioka":1,"kimetsunoyaiba:uzui":1,"kimetsunoyaiba:yahaba":2,"kimetsunoyaiba:demon_3":4,"kimetsunoyaiba:daki":1,"kimetsunoyaiba:demon_10":2,"kimetsunoyaiba:hairo":4,"kimetsunoyaiba:goldfishbig":16,"kimetsunoyaiba:kanawo":3,"kimetsunoyaiba:rokuro":2,"kimetsunoyaiba:demon_2":23,"kimetsunoyaiba:demon_4":13,"kimetsunoyaiba:shadow_wolf":1,"kimetsunoyaiba:yorichi_0":2,"kimetsunoyaiba:muzan_2":1,"kimetsunoyaiba:temple_demon":10,"kimetsunoyaiba:susamaru":7,"kimetsunoyaiba:zohakuten":2,"kimetsunoyaiba:demon_9":2,"kimetsunoyaiba:demon_5":3},"minecraft:custom":{"minecraft:mob_kills":823,"minecraft:interact_with_crafting_table":14,"minecraft:interact_with_campfire":73,"minecraft:damage_dealt_resisted":138358,"minecraft:leave_game":3,"minecraft:time_since_death":182,"minecraft:climb_one_cm":72,"minecraft:damage_resisted":31208,"minecraft:sprint_one_cm":2756558,"minecraft:walk_one_cm":1371065,"minecraft:drop":229,"minecraft:sneak_time":2051,"minecraft:deaths":179,"minecraft:walk_under_water_one_cm":16530,"minecraft:jump":3654,"minecraft:interact_with_blast_furnace":5,"minecraft:walk_on_water_one_cm":21333,"minecraft:play_one_minute":296626,"minecraft:time_since_rest":218,"minecraft:damage_taken":160515,"minecraft:damage_dealt":321684,"minecraft:swim_one_cm":20207,"minecraft:player_kills":3,"minecraft:fly_one_cm":1348606,"minecraft:crouch_one_cm":5504,"minecraft:fall_one_cm":188133},"minecraft:picked_up":{"croptopia:toast":45,"minecraft:charcoal":2,"minecraft:crafting_table":2,"kimetsunoyaiba:nichirinsword_flame":1,"minecraft:chicken":3,"croptopia:sweetpotato_seed":2,"kimetsunoyaiba:hair_tsugikuni":2,"croptopia:calamari":12,"minecraft:string":2,"kimetsunoyaiba:horns":1,"kimetsunoyaiba:dice_steak_head_2":5,"minecraft:beef":3,"kimetsunoyaiba:mukimuki_chestplate":1,"croptopia:pepper_seed":2,"minecraft:coal_block":71,"kimetsunoyaiba:dice_steak_head_4":3,"kimetsunoyaiba:blooddemonart_enmu":1,"kimetsunoyaiba:nichirinsword_uzui":1,"kimetsunoyaiba:handfan":1,"minecraft:porkchop":1,"minecraft:polished_blackstone_bricks":16,"kimetsunoyaiba:nichirinsword_water":1,"kimetsunoyaiba:d_ice_steak_head_3":3,"minecraft:arrow":59,"kimetsunoyaiba:demon_slayer_mark_wind":1,"minecraft:rotten_flesh":93,"minecraft:cooked_cod":13,"kimetsunoyaiba:boar_flesh":6,"minecraft:hay_block":20,"kimetsunoyaiba:dice_steak_head_1":4,"kimetsunoyaiba:demon_hand":15,"croptopia:pepper":1,"kimetsunoyaiba:nichirinsword_tomioka":1,"kimetsunoyaiba:rifle":2,"minecraft:cod":16,"minecraft:cobblestone":11,"kimetsunoyaiba:clothes_yorichi_leggings":1,"kimetsunoyaiba:human_flesh_2":202,"minecraft:feather":1,"minecraft:salmon":12,"kimetsunoyaiba:nichirinsword_kaigaku":2,"minecraft:leather":2,"minecraft:oak_log":28,"kimetsunoyaiba:dice_steak_leg":3,"kimetsunoyaiba:clothes_hand_demon_chestplate":2,"minecraft:gunpowder":6,"kimetsunoyaiba:dice_steak_arm":6,"kimetsunoyaiba:uniform_chestplate":25,"kimetsunoyaiba:uniform_muichiro_leggings":1,"minecraft:dirt":5,"minecraft:white_banner":1,"kimetsunoyaiba:kemari":1,"minecraft:bone":45,"croptopia:sweetpotato":2,"minecraft:wheat_seeds":4,"kimetsunoyaiba:blooddemonart_yahaba":6,"minecraft:iron_ore":8,"kimetsunoyaiba:nichirinsword_wind":1,"croptopia:roe":25,"kimetsunoyaiba:muzanblood":32,"kimetsunoyaiba:uzui_decoration_helmet":1,"kimetsunoyaiba:nichirinsword_kocho":1,"minecraft:spruce_sapling":1,"minecraft:blast_furnace":1,"kimetsunoyaiba:uniform_leggings":26,"minecraft:ink_sac":25,"kimetsunoyaiba:vase_item":4,"minecraft:grass_block":2,"kimetsunoyaiba:uniform_boots":16,"kimetsunoyaiba:drum":5,"kimetsunoyaiba:yorichi_0_armor_chestplate":2,"kimetsunoyaiba:doma_hat":1,"kimetsunoyaiba:dice_steak_body":1,"kimetsunoyaiba:nichirinsword":21,"minecraft:oak_sapling":3,"minecraft:ender_pearl":2},"minecraft:broken":{"kimetsunoyaiba:uniform_boots":6,"kimetsunoyaiba:uniform_leggings":10,"minecraft:iron_sword":1,"kimetsunoyaiba:uniform_muichiro_leggings":1,"kimetsunoyaiba:uniform_chestplate":5}},"DataVersion":2586}