{"stats":{"minecraft:killed":{"kimetsunoyaiba:demon":7,"kimetsunoyaiba:makomo":1,"kimetsunoyaiba:demon_2":4,"kimetsunoyaiba:demon_4":1,"kimetsunoyaiba:demon_slayer":4,"kimetsunoyaiba:haganeduka":1,"kimetsunoyaiba:kyogai":1,"minecraft:creeper":1,"minecraft:skeleton":1,"kimetsunoyaiba:demon_9":2,"kimetsunoyaiba:temple_demon":1,"minecraft:zombie":2,"kimetsunoyaiba:muscular_mouse":1,"kimetsunoyaiba:susamaru":1,"minecraft:chicken":1,"kimetsunoyaiba:demon_3":1,"kimetsunoyaiba:kakushi":3,"minecraft:cow":1,"kimetsunoyaiba:dice_steak_senior":1},"minecraft:dropped":{"minecraft:glass_bottle":3,"kimetsunoyaiba:dice_steak_head_1":1,"kimetsunoyaiba:dice_steak_head_2":2,"minecraft:iron_boots":1,"minecraft:iron_chestplate":1,"minecraft:oak_sapling":1,"minecraft:iron_leggings":1,"minecraft:string":2},"minecraft:used":{"minecraft:stone_pickaxe":1,"minecraft:wooden_pickaxe":3,"kimetsunoyaiba:nichirinsword_wind":117,"minecraft:dirt":1,"minecraft:crafting_table":1,"minecraft:chicken":1,"kimetsunoyaiba:boar_flesh":31,"minecraft:potion":3,"minecraft:beef":3,"minecraft:porkchop":1},"minecraft:crafted":{"minecraft:oak_planks":20,"minecraft:crafting_table":1,"minecraft:wooden_pickaxe":1,"minecraft:stick":4,"minecraft:stone_pickaxe":1},"minecraft:mined":{"minecraft:crafting_table":1,"minecraft:grass_block":1,"minecraft:spruce_leaves":3,"minecraft:grass":7,"minecraft:oak_log":6,"minecraft:stone":3,"minecraft:oak_leaves":14},"minecraft:killed_by":{"kimetsunoyaiba:demon_slayer":2,"kimetsunoyaiba:demon":8,"kimetsunoyaiba:demon_4":1,"kimetsunoyaiba:kamanue":1,"kimetsunoyaiba:temple_demon":1,"kimetsunoyaiba:susamaru":1,"kimetsunoyaiba:demon_5":1,"kimetsunoyaiba:demon_3":1},"minecraft:custom":{"minecraft:mob_kills":47,"minecraft:interact_with_crafting_table":2,"minecraft:play_one_minute":48674,"minecraft:damage_dealt_resisted":4359,"minecraft:leave_game":1,"minecraft:time_since_death":4139,"minecraft:damage_resisted":816,"minecraft:time_since_rest":4164,"minecraft:sprint_one_cm":297219,"minecraft:damage_taken":9530,"minecraft:walk_one_cm":171703,"minecraft:drop":11,"minecraft:damage_dealt":12403,"minecraft:swim_one_cm":355,"minecraft:fly_one_cm":241414,"minecraft:crouch_one_cm":1310,"minecraft:deaths":17,"minecraft:sneak_time":427,"minecraft:walk_under_water_one_cm":2473,"minecraft:jump":994,"minecraft:walk_on_water_one_cm":2686,"minecraft:fall_one_cm":32986},"minecraft:picked_up":{"kimetsunoyaiba:human_flesh_2":4,"minecraft:crafting_table":1,"minecraft:feather":1,"minecraft:chicken":3,"minecraft:leather":2,"minecraft:oak_log":10,"minecraft:gunpowder":2,"minecraft:string":2,"minecraft:dirt":1,"kimetsunoyaiba:kemari":1,"kimetsunoyaiba:dice_steak_head_2":2,"minecraft:bone":3,"minecraft:wheat_seeds":1,"kimetsunoyaiba:blooddemonart_yahaba":1,"minecraft:beef":3,"kimetsunoyaiba:muzanblood":3,"minecraft:porkchop":1,"minecraft:arrow":5,"minecraft:rotten_flesh":1,"kimetsunoyaiba:drum":1,"kimetsunoyaiba:dice_steak_head_1":1,"minecraft:oak_sapling":2,"minecraft:cobblestone":3}},"DataVersion":2586}