{"stats":{"minecraft:killed":{"kimetsunoyaiba:kanawo":3,"kimetsunoyaiba:himejima":1,"kimetsunoyaiba:enmu_tentacle":1,"kimetsunoyaiba:hairo":2,"minecraft:spider":1,"kimetsunoyaiba:demon_slayer":305,"kimetsunoyaiba:genya":3,"kimetsunoyaiba:yahaba":27,"kimetsunoyaiba:yachan":7,"minecraft:skeleton":65,"kimetsunoyaiba:rengoku":2,"kimetsunoyaiba:doma":1,"kimetsunoyaiba:demon_9":35,"kimetsunoyaiba:temple_demon":39,"kimetsunoyaiba:hand_demon":28,"kimetsunoyaiba:muscular_mouse":15,"kimetsunoyaiba:muichiro":2,"kimetsunoyaiba:goldfishbig":30,"kimetsunoyaiba:demon_5":9,"minecraft:chicken":1,"kimetsunoyaiba:kakushi":5,"kimetsunoyaiba:yachan_brother":2,"kimetsunoyaiba:yorichi_0":9,"kimetsunoyaiba:dice_steak_senior":7,"kimetsunoyaiba:demon":242,"kimetsunoyaiba:demon_10":9,"kimetsunoyaiba:makomo":2,"kimetsunoyaiba:demon_2":116,"kimetsunoyaiba:enmu_train":1,"kimetsunoyaiba:demon_4":31,"kimetsunoyaiba:haganeduka":7,"kimetsunoyaiba:boar":5,"kimetsunoyaiba:kocho":2,"kimetsunoyaiba:kyogai":13,"minecraft:creeper":3,"minecraft:squid":2,"kimetsunoyaiba:icelotus":1,"kimetsunoyaiba:zenitsu":3,"minecraft:pillager":2,"kimetsunoyaiba:kaigaku":1,"kimetsunoyaiba:kasugai_crow":1,"minecraft:zombie":96,"kimetsunoyaiba:susamaru":17,"kimetsunoyaiba:tomioka":4,"kimetsunoyaiba:uzui":3,"kimetsunoyaiba:demon_3":17,"kimetsunoyaiba:rokuro":3,"minecraft:enderman":1,"minecraft:cow":1},"minecraft:dropped":{"minecraft:wheat_seeds":8,"kimetsunoyaiba:blooddemonart_yahaba":8,"kimetsunoyaiba:nichirinsword_kocho":1,"minecraft:glass_bottle":5,"minecraft:ender_pearl":2,"kimetsunoyaiba:dice_steak_head_1":6,"kimetsunoyaiba:blooddemonart_enmu":8,"minecraft:feather":1,"kimetsunoyaiba:nichirinsword_thunder":6,"kimetsunoyaiba:dice_steak_head_2":10,"croptopia:sweetpotato":2,"minecraft:leather":2,"kimetsunoyaiba:dice_steak_leg":10,"kimetsunoyaiba:nichirinsword_wind":1,"minecraft:grass_block":1,"kimetsunoyaiba:yorichi_0_armor_chestplate":2,"kimetsunoyaiba:vase_item":5,"kimetsunoyaiba:drum_armor_chestplate":2,"kimetsunoyaiba:rifle":5,"minecraft:dirt":1,"kimetsunoyaiba:human_flesh_2":1,"kimetsunoyaiba:horns":3,"minecraft:ink_sac":40,"kimetsunoyaiba:dice_steak_head_4":6,"minecraft:cooked_cod":1,"croptopia:pepper":1,"kimetsunoyaiba:demon_hand":6,"croptopia:sweetpotato_seed":2,"kimetsunoyaiba:dice_steak_body":4,"minecraft:iron_leggings":1,"minecraft:polished_blackstone_bricks":16,"kimetsunoyaiba:nichirinsword_mist":5,"kimetsunoyaiba:nichirinsword_flame":4,"minecraft:string":6,"kimetsunoyaiba:drum":8,"croptopia:calamari":16,"kimetsunoyaiba:dice_steak_arm":13,"kimetsunoyaiba:nichirinsword_kaigaku":1,"minecraft:bone":138,"kimetsunoyaiba:d_ice_steak_head_3":5,"minecraft:stone_sword":1,"kimetsunoyaiba:nichirinsword_black":3,"minecraft:rotten_flesh":185,"kimetsunoyaiba:uniform_chestplate":24,"kimetsunoyaiba:uniform_boots":11,"minecraft:oak_planks":5,"minecraft:iron_boots":1,"kimetsunoyaiba:mukimuki_chestplate":1,"kimetsunoyaiba:uniform_leggings":19,"minecraft:salmon":8,"kimetsunoyaiba:hair_tsugikuni":2,"minecraft:gunpowder":9,"kimetsunoyaiba:clothes_hand_demon_chestplate":4,"minecraft:iron_chestplate":1,"kimetsunoyaiba:uzui_decoration_helmet":1,"minecraft:oak_sapling":2,"croptopia:roe":10,"kimetsunoyaiba:nichirinswordmoon":4,"minecraft:leather_leggings":1,"minecraft:arrow":115,"minecraft:bow":1,"minecraft:stone_pickaxe":1,"minecraft:wooden_pickaxe":1,"croptopia:pepper_seed":2,"kimetsunoyaiba:nichirinsword_water":8},"minecraft:used":{"minecraft:stone_sword":128,"croptopia:calamari":6,"minecraft:iron_sword":252,"kimetsunoyaiba:nichirinsword_wind":2204,"minecraft:dirt":4,"kimetsunoyaiba:blooddemonart_enmu":2,"kimetsunoyaiba:nichirinsword_tomioka":5,"minecraft:iron_axe":6,"minecraft:grass_block":1,"kimetsunoyaiba:nichirinsword_thunder":3,"kimetsunoyaiba:rifle":2,"kimetsunoyaiba:boar_flesh":38,"minecraft:beef":3,"minecraft:cooked_cod":12,"minecraft:oak_sapling":1,"kimetsunoyaiba:nichirinsword_kocho":3,"croptopia:roe":15,"kimetsunoyaiba:nichirinsword_flame":14,"minecraft:stone_pickaxe":42,"kimetsunoyaiba:human_flesh_2":263,"minecraft:wooden_pickaxe":3,"minecraft:salmon":2,"minecraft:sand":7,"minecraft:crafting_table":4,"kimetsunoyaiba:demon_hand":4,"minecraft:campfire":2,"minecraft:cod":2,"kimetsunoyaiba:nichirinsword_kaigaku":3,"minecraft:chicken":3,"minecraft:bread":3,"minecraft:iron_pickaxe":59,"kimetsunoyaiba:nichirinsword_black":1,"minecraft:spruce_sapling":1,"croptopia:toast":45,"minecraft:cobblestone":6,"minecraft:white_banner":1,"minecraft:potion":5,"minecraft:porkchop":1,"kimetsunoyaiba:nichirinsword_water":2},"minecraft:crafted":{"minecraft:oak_planks":52,"minecraft:iron_axe":1,"minecraft:stone_pickaxe":1,"minecraft:wheat":180,"minecraft:crafting_table":2,"minecraft:wooden_pickaxe":1,"minecraft:iron_sword":1,"minecraft:campfire":2,"minecraft:bread":60,"minecraft:air":0,"minecraft:stick":24,"minecraft:iron_ingot":8,"minecraft:iron_pickaxe":1,"minecraft:stone_sword":1},"minecraft:mined":{"minecraft:grass_block":5,"minecraft:coal_block":65,"minecraft:spruce_leaves":4,"minecraft:hay_block":1,"minecraft:polished_blackstone_bricks":18,"minecraft:iron_ore":8,"minecraft:stone":11,"minecraft:dandelion":1,"minecraft:crafting_table":2,"croptopia:oat_crop":1,"minecraft:blast_furnace":1,"minecraft:campfire":1,"minecraft:grass":62,"minecraft:oak_log":16,"minecraft:dirt":3,"minecraft:oak_leaves":16},"minecraft:killed_by":{"kimetsunoyaiba:enmu_train":2,"kimetsunoyaiba:kyogai":2,"minecraft:player":2,"kimetsunoyaiba:demon_slayer":9,"kimetsunoyaiba:genya":1,"kimetsunoyaiba:demon":90,"kimetsunoyaiba:doma":5,"kimetsunoyaiba:muichiro":1,"kimetsunoyaiba:shinazugawa":5,"kimetsunoyaiba:akaza":1,"kimetsunoyaiba:kamanue":3,"kimetsunoyaiba:kaigaku":4,"kimetsunoyaiba:tanjiro":2,"kimetsunoyaiba:tomioka":2,"kimetsunoyaiba:uzui":2,"kimetsunoyaiba:yahaba":3,"kimetsunoyaiba:gyokko":3,"kimetsunoyaiba:demon_3":8,"kimetsunoyaiba:daki":1,"kimetsunoyaiba:demon_10":3,"kimetsunoyaiba:hairo":6,"kimetsunoyaiba:goldfishbig":28,"kimetsunoyaiba:kocho":2,"kimetsunoyaiba:gyokko_goldfish":1,"kimetsunoyaiba:kanawo":3,"kimetsunoyaiba:iguro":1,"kimetsunoyaiba:rokuro":3,"kimetsunoyaiba:demon_2":45,"kimetsunoyaiba:demon_4":25,"kimetsunoyaiba:shadow_wolf":2,"kimetsunoyaiba:yorichi_0":2,"kimetsunoyaiba:enmu":3,"kimetsunoyaiba:muzan_2":1,"kimetsunoyaiba:temple_demon":19,"kimetsunoyaiba:susamaru":12,"kimetsunoyaiba:zohakuten":2,"kimetsunoyaiba:demon_9":6,"kimetsunoyaiba:demon_5":8},"minecraft:custom":{"minecraft:mob_kills":1436,"minecraft:interact_with_crafting_table":14,"minecraft:interact_with_campfire":73,"minecraft:damage_dealt_resisted":242307,"minecraft:leave_game":5,"minecraft:time_since_death":92,"minecraft:climb_one_cm":72,"minecraft:damage_resisted":62503,"minecraft:sprint_one_cm":4067335,"minecraft:walk_one_cm":2068053,"minecraft:drop":399,"minecraft:damage_dealt_absorbed":120,"minecraft:sneak_time":2261,"minecraft:deaths":323,"minecraft:walk_under_water_one_cm":25140,"minecraft:jump":4749,"minecraft:interact_with_blast_furnace":5,"minecraft:walk_on_water_one_cm":38183,"minecraft:play_one_minute":409425,"minecraft:time_since_rest":116,"minecraft:damage_taken":312900,"minecraft:damage_dealt":556286,"minecraft:player_kills":5,"minecraft:swim_one_cm":36195,"minecraft:fly_one_cm":1921748,"minecraft:crouch_one_cm":6121,"minecraft:fall_one_cm":306331},"minecraft:picked_up":{"croptopia:toast":45,"kimetsunoyaiba:muzan_hat_helmet":1,"minecraft:charcoal":2,"minecraft:crafting_table":2,"minecraft:chicken":3,"kimetsunoyaiba:nichirinsword_flame":1,"minecraft:leather_leggings":1,"croptopia:sweetpotato_seed":2,"kimetsunoyaiba:hair_tsugikuni":2,"croptopia:calamari":22,"minecraft:string":6,"kimetsunoyaiba:horns":4,"kimetsunoyaiba:dice_steak_head_2":10,"minecraft:beef":3,"kimetsunoyaiba:mukimuki_chestplate":1,"croptopia:pepper_seed":2,"minecraft:coal_block":71,"kimetsunoyaiba:dice_steak_head_4":6,"kimetsunoyaiba:blooddemonart_enmu":9,"minecraft:porkchop":1,"kimetsunoyaiba:nichirinsword_uzui":2,"kimetsunoyaiba:handfan":1,"minecraft:polished_blackstone_bricks":16,"kimetsunoyaiba:nichirinsword_water":1,"kimetsunoyaiba:d_ice_steak_head_3":5,"minecraft:arrow":118,"kimetsunoyaiba:demon_slayer_mark_wind":1,"minecraft:rotten_flesh":185,"minecraft:cooked_cod":13,"minecraft:hay_block":20,"kimetsunoyaiba:boar_flesh":6,"kimetsunoyaiba:dice_steak_head_1":6,"croptopia:pepper":1,"kimetsunoyaiba:demon_hand":32,"kimetsunoyaiba:nichirinsword_tomioka":1,"kimetsunoyaiba:clothes_yorichi_leggings":1,"kimetsunoyaiba:rifle":7,"minecraft:cod":16,"kimetsunoyaiba:clothes_himejima_chestplate":1,"minecraft:cobblestone":11,"kimetsunoyaiba:human_flesh_2":325,"minecraft:feather":1,"minecraft:salmon":12,"kimetsunoyaiba:nichirinsword_kaigaku":3,"minecraft:leather":2,"kimetsunoyaiba:dice_steak_leg":10,"minecraft:oak_log":28,"kimetsunoyaiba:clothes_hand_demon_chestplate":4,"minecraft:gunpowder":9,"kimetsunoyaiba:mask_hyottoko_helmet":1,"kimetsunoyaiba:uniform_chestplate":40,"kimetsunoyaiba:dice_steak_arm":13,"kimetsunoyaiba:uniform_muichiro_leggings":1,"minecraft:dirt":5,"minecraft:white_banner":1,"kimetsunoyaiba:kemari":3,"minecraft:bone":103,"croptopia:sweetpotato":2,"minecraft:bow":1,"minecraft:wheat_seeds":8,"kimetsunoyaiba:blooddemonart_yahaba":9,"minecraft:iron_ore":8,"kimetsunoyaiba:nichirinsword_wind":1,"croptopia:roe":25,"kimetsunoyaiba:muzanblood":71,"kimetsunoyaiba:uzui_decoration_helmet":1,"kimetsunoyaiba:nichirinsword_kocho":2,"minecraft:sand":7,"minecraft:ink_sac":40,"kimetsunoyaiba:uniform_leggings":35,"minecraft:blast_furnace":1,"minecraft:spruce_sapling":1,"kimetsunoyaiba:vase_item":6,"minecraft:grass_block":2,"kimetsunoyaiba:armor_ravaged_war_formation_wolf_helmet":1,"kimetsunoyaiba:drum_armor_chestplate":2,"kimetsunoyaiba:uniform_boots":24,"kimetsunoyaiba:drum":9,"kimetsunoyaiba:yorichi_0_armor_chestplate":2,"kimetsunoyaiba:uniform_uzui_chestplate":1,"kimetsunoyaiba:doma_hat":1,"kimetsunoyaiba:dice_steak_body":4,"kimetsunoyaiba:nichirinsword":39,"minecraft:oak_sapling":3,"minecraft:ender_pearl":2},"minecraft:broken":{"kimetsunoyaiba:uniform_boots":14,"kimetsunoyaiba:armor_ravaged_war_formation_wolf_helmet":1,"kimetsunoyaiba:uniform_leggings":17,"minecraft:iron_sword":1,"kimetsunoyaiba:uniform_muichiro_leggings":1,"kimetsunoyaiba:uniform_chestplate":16}},"DataVersion":2586}