{"stats":{"minecraft:killed":{"kimetsunoyaiba:demon":13,"kimetsunoyaiba:makomo":2,"kimetsunoyaiba:demon_2":9,"kimetsunoyaiba:demon_4":2,"kimetsunoyaiba:demon_slayer":20,"kimetsunoyaiba:haganeduka":4,"kimetsunoyaiba:genya":1,"kimetsunoyaiba:yahaba":2,"kimetsunoyaiba:kyogai":1,"minecraft:creeper":1,"kimetsunoyaiba:yachan":1,"minecraft:skeleton":1,"kimetsunoyaiba:demon_9":5,"kimetsunoyaiba:temple_demon":2,"kimetsunoyaiba:hand_demon":1,"minecraft:zombie":2,"kimetsunoyaiba:muscular_mouse":2,"kimetsunoyaiba:goldfishbig":1,"kimetsunoyaiba:susamaru":2,"minecraft:chicken":1,"kimetsunoyaiba:demon_3":2,"kimetsunoyaiba:kakushi":3,"kimetsunoyaiba:yachan_brother":1,"kimetsunoyaiba:yorichi_0":2,"minecraft:cow":1,"kimetsunoyaiba:dice_steak_senior":1},"minecraft:dropped":{"minecraft:wheat_seeds":1,"minecraft:glass_bottle":3,"kimetsunoyaiba:dice_steak_head_1":1,"minecraft:feather":1,"minecraft:rotten_flesh":1,"kimetsunoyaiba:dice_steak_head_2":2,"kimetsunoyaiba:uniform_boots":2,"minecraft:iron_boots":1,"kimetsunoyaiba:uniform_leggings":4,"minecraft:gunpowder":2,"minecraft:iron_chestplate":1,"minecraft:oak_sapling":2,"kimetsunoyaiba:demon_hand":1,"minecraft:iron_leggings":1,"minecraft:arrow":5,"minecraft:string":2,"minecraft:bone":4},"minecraft:used":{"minecraft:stone_sword":48,"minecraft:stone_pickaxe":3,"minecraft:wooden_pickaxe":3,"kimetsunoyaiba:human_flesh_2":17,"kimetsunoyaiba:nichirinsword_wind":215,"minecraft:dirt":1,"minecraft:crafting_table":2,"minecraft:chicken":3,"minecraft:spruce_sapling":1,"kimetsunoyaiba:boar_flesh":32,"minecraft:potion":3,"minecraft:beef":3,"minecraft:porkchop":1},"minecraft:crafted":{"minecraft:oak_planks":20,"minecraft:crafting_table":1,"minecraft:wooden_pickaxe":1,"minecraft:stick":8,"minecraft:stone_pickaxe":1,"minecraft:stone_sword":1},"minecraft:mined":{"minecraft:crafting_table":1,"minecraft:grass_block":1,"minecraft:spruce_leaves":4,"minecraft:grass":11,"minecraft:oak_log":6,"minecraft:stone":5,"minecraft:oak_leaves":14},"minecraft:killed_by":{"kimetsunoyaiba:demon_slayer":2,"kimetsunoyaiba:hairo":1,"kimetsunoyaiba:demon":14,"kimetsunoyaiba:rokuro":1,"kimetsunoyaiba:demon_2":3,"kimetsunoyaiba:demon_4":3,"kimetsunoyaiba:shinazugawa":1,"kimetsunoyaiba:kamanue":1,"kimetsunoyaiba:temple_demon":2,"kimetsunoyaiba:susamaru":2,"kimetsunoyaiba:demon_5":1,"kimetsunoyaiba:demon_3":2},"minecraft:custom":{"minecraft:mob_kills":108,"minecraft:interact_with_crafting_table":3,"minecraft:play_one_minute":84674,"minecraft:damage_dealt_resisted":15971,"minecraft:leave_game":1,"minecraft:time_since_death":37,"minecraft:damage_resisted":2268,"minecraft:time_since_rest":70,"minecraft:sprint_one_cm":462126,"minecraft:damage_taken":18444,"minecraft:walk_one_cm":290876,"minecraft:drop":27,"minecraft:damage_dealt":41509,"minecraft:swim_one_cm":355,"minecraft:fly_one_cm":433007,"minecraft:crouch_one_cm":1702,"minecraft:deaths":34,"minecraft:sneak_time":498,"minecraft:walk_under_water_one_cm":2473,"minecraft:jump":1595,"minecraft:walk_on_water_one_cm":2686,"minecraft:fall_one_cm":73939},"minecraft:picked_up":{"kimetsunoyaiba:human_flesh_2":17,"minecraft:crafting_table":1,"minecraft:feather":1,"minecraft:chicken":3,"minecraft:leather":2,"kimetsunoyaiba:hair_tsugikuni":1,"minecraft:oak_log":10,"minecraft:gunpowder":2,"minecraft:string":2,"minecraft:dirt":1,"kimetsunoyaiba:kemari":1,"kimetsunoyaiba:dice_steak_head_2":2,"minecraft:bone":4,"minecraft:wheat_seeds":1,"kimetsunoyaiba:blooddemonart_yahaba":1,"minecraft:beef":3,"kimetsunoyaiba:mukimuki_chestplate":1,"kimetsunoyaiba:muzanblood":3,"minecraft:porkchop":1,"kimetsunoyaiba:vase_item":1,"minecraft:spruce_sapling":1,"kimetsunoyaiba:uniform_leggings":4,"minecraft:arrow":5,"kimetsunoyaiba:uniform_boots":2,"minecraft:rotten_flesh":1,"kimetsunoyaiba:drum":1,"kimetsunoyaiba:dice_steak_head_1":1,"kimetsunoyaiba:demon_hand":1,"minecraft:oak_sapling":2,"minecraft:cobblestone":5}},"DataVersion":2586}