{"stats":{"minecraft:killed":{"kimetsunoyaiba:demon_slayer":61,"kimetsunoyaiba:genya":2,"kimetsunoyaiba:yahaba":3,"kimetsunoyaiba:yachan":2,"minecraft:skeleton":13,"kimetsunoyaiba:demon_9":8,"kimetsunoyaiba:temple_demon":6,"kimetsunoyaiba:hand_demon":4,"kimetsunoyaiba:muscular_mouse":7,"kimetsunoyaiba:goldfishbig":1,"minecraft:chicken":1,"kimetsunoyaiba:kakushi":3,"kimetsunoyaiba:yachan_brother":2,"kimetsunoyaiba:yorichi_0":5,"kimetsunoyaiba:dice_steak_senior":1,"kimetsunoyaiba:demon_10":1,"kimetsunoyaiba:demon":40,"kimetsunoyaiba:makomo":2,"kimetsunoyaiba:demon_2":16,"kimetsunoyaiba:demon_4":3,"kimetsunoyaiba:haganeduka":4,"kimetsunoyaiba:boar":5,"kimetsunoyaiba:kyogai":2,"minecraft:creeper":1,"minecraft:squid":1,"minecraft:pillager":2,"kimetsunoyaiba:kasugai_crow":1,"minecraft:zombie":21,"kimetsunoyaiba:susamaru":2,"kimetsunoyaiba:demon_3":6,"minecraft:enderman":1,"minecraft:cow":1},"minecraft:dropped":{"minecraft:wheat_seeds":1,"kimetsunoyaiba:blooddemonart_yahaba":1,"minecraft:glass_bottle":4,"minecraft:ender_pearl":1,"kimetsunoyaiba:dice_steak_head_1":1,"minecraft:feather":1,"kimetsunoyaiba:dice_steak_head_2":2,"croptopia:sweetpotato":2,"minecraft:leather":2,"kimetsunoyaiba:nichirinsword_wind":1,"kimetsunoyaiba:vase_item":1,"minecraft:ink_sac":16,"minecraft:cooked_cod":1,"croptopia:sweetpotato_seed":2,"kimetsunoyaiba:demon_hand":2,"croptopia:pepper":1,"minecraft:iron_leggings":1,"minecraft:polished_blackstone_bricks":16,"minecraft:string":2,"croptopia:calamari":3,"minecraft:bone":50,"minecraft:stone_sword":1,"minecraft:rotten_flesh":21,"kimetsunoyaiba:uniform_chestplate":6,"kimetsunoyaiba:uniform_boots":3,"minecraft:iron_boots":1,"kimetsunoyaiba:uniform_leggings":5,"kimetsunoyaiba:mukimuki_chestplate":1,"minecraft:salmon":8,"kimetsunoyaiba:hair_tsugikuni":1,"minecraft:gunpowder":4,"kimetsunoyaiba:clothes_hand_demon_chestplate":1,"minecraft:iron_chestplate":1,"minecraft:oak_sapling":2,"croptopia:roe":10,"kimetsunoyaiba:nichirinswordmoon":1,"minecraft:arrow":23,"minecraft:stone_pickaxe":1,"minecraft:wooden_pickaxe":1,"croptopia:pepper_seed":2},"minecraft:used":{"minecraft:stone_sword":128,"croptopia:calamari":6,"minecraft:iron_sword":183,"kimetsunoyaiba:nichirinsword_wind":312,"minecraft:dirt":4,"minecraft:grass_block":1,"kimetsunoyaiba:boar_flesh":38,"minecraft:beef":3,"minecraft:cooked_cod":11,"croptopia:roe":15,"minecraft:stone_pickaxe":42,"minecraft:wooden_pickaxe":3,"kimetsunoyaiba:human_flesh_2":56,"minecraft:salmon":2,"minecraft:crafting_table":3,"minecraft:cod":2,"minecraft:chicken":3,"minecraft:iron_pickaxe":59,"minecraft:spruce_sapling":1,"minecraft:potion":4,"minecraft:cobblestone":6,"minecraft:white_banner":1,"minecraft:porkchop":1,"kimetsunoyaiba:nichirinsword_water":2},"minecraft:crafted":{"minecraft:oak_planks":20,"minecraft:stone_pickaxe":1,"minecraft:crafting_table":2,"minecraft:wooden_pickaxe":1,"minecraft:iron_sword":1,"minecraft:air":0,"minecraft:stick":8,"minecraft:iron_ingot":8,"minecraft:iron_pickaxe":1,"minecraft:stone_sword":1},"minecraft:mined":{"minecraft:grass_block":2,"minecraft:coal_block":65,"minecraft:spruce_leaves":4,"minecraft:polished_blackstone_bricks":18,"minecraft:iron_ore":8,"minecraft:stone":11,"minecraft:crafting_table":2,"minecraft:blast_furnace":1,"minecraft:grass":18,"minecraft:oak_log":6,"minecraft:dirt":2,"minecraft:oak_leaves":14},"minecraft:killed_by":{"kimetsunoyaiba:enmu_train":1,"kimetsunoyaiba:demon_slayer":5,"minecraft:player":1,"kimetsunoyaiba:genya":1,"kimetsunoyaiba:demon":25,"kimetsunoyaiba:shinazugawa":1,"kimetsunoyaiba:kamanue":2,"kimetsunoyaiba:tanjiro":1,"kimetsunoyaiba:yahaba":1,"kimetsunoyaiba:daki":1,"kimetsunoyaiba:demon_3":2,"kimetsunoyaiba:hairo":1,"kimetsunoyaiba:goldfishbig":2,"kimetsunoyaiba:rokuro":2,"kimetsunoyaiba:demon_2":7,"kimetsunoyaiba:demon_4":5,"kimetsunoyaiba:yorichi_0":1,"kimetsunoyaiba:temple_demon":5,"kimetsunoyaiba:susamaru":5,"kimetsunoyaiba:demon_9":1,"kimetsunoyaiba:demon_5":1},"minecraft:custom":{"minecraft:mob_kills":274,"minecraft:interact_with_crafting_table":5,"minecraft:interact_with_campfire":16,"minecraft:damage_dealt_resisted":42815,"minecraft:leave_game":1,"minecraft:time_since_death":1505,"minecraft:damage_resisted":9409,"minecraft:sprint_one_cm":1305842,"minecraft:walk_one_cm":673872,"minecraft:drop":90,"minecraft:sneak_time":1454,"minecraft:deaths":74,"minecraft:walk_under_water_one_cm":7779,"minecraft:jump":2464,"minecraft:interact_with_blast_furnace":5,"minecraft:walk_on_water_one_cm":8598,"minecraft:play_one_minute":182788,"minecraft:time_since_rest":1533,"minecraft:damage_taken":42713,"minecraft:damage_dealt":111873,"minecraft:swim_one_cm":9343,"minecraft:fly_one_cm":799754,"minecraft:player_kills":2,"minecraft:crouch_one_cm":4003,"minecraft:fall_one_cm":135705},"minecraft:picked_up":{"minecraft:crafting_table":2,"minecraft:chicken":3,"croptopia:sweetpotato_seed":2,"kimetsunoyaiba:hair_tsugikuni":1,"croptopia:calamari":9,"minecraft:string":2,"kimetsunoyaiba:dice_steak_head_2":2,"minecraft:beef":3,"kimetsunoyaiba:mukimuki_chestplate":1,"croptopia:pepper_seed":2,"minecraft:coal_block":71,"minecraft:porkchop":1,"minecraft:polished_blackstone_bricks":16,"minecraft:arrow":23,"minecraft:cooked_cod":13,"kimetsunoyaiba:demon_slayer_mark_wind":1,"minecraft:rotten_flesh":21,"kimetsunoyaiba:boar_flesh":6,"kimetsunoyaiba:dice_steak_head_1":1,"kimetsunoyaiba:demon_hand":2,"croptopia:pepper":1,"kimetsunoyaiba:rifle":1,"minecraft:cod":16,"minecraft:cobblestone":11,"kimetsunoyaiba:clothes_yorichi_leggings":1,"kimetsunoyaiba:human_flesh_2":58,"minecraft:feather":1,"minecraft:salmon":12,"minecraft:leather":2,"minecraft:oak_log":10,"kimetsunoyaiba:clothes_hand_demon_chestplate":1,"minecraft:gunpowder":6,"kimetsunoyaiba:uniform_chestplate":9,"minecraft:dirt":4,"minecraft:white_banner":1,"kimetsunoyaiba:kemari":1,"minecraft:bone":12,"croptopia:sweetpotato":2,"minecraft:wheat_seeds":1,"kimetsunoyaiba:blooddemonart_yahaba":2,"minecraft:iron_ore":8,"kimetsunoyaiba:nichirinsword_wind":1,"croptopia:roe":25,"kimetsunoyaiba:muzanblood":6,"minecraft:blast_furnace":1,"minecraft:spruce_sapling":1,"kimetsunoyaiba:uniform_leggings":5,"minecraft:ink_sac":16,"kimetsunoyaiba:vase_item":2,"minecraft:grass_block":1,"kimetsunoyaiba:uniform_boots":4,"kimetsunoyaiba:drum":1,"kimetsunoyaiba:yorichi_0_armor_chestplate":1,"kimetsunoyaiba:nichirinsword":7,"minecraft:oak_sapling":2,"minecraft:ender_pearl":1},"minecraft:broken":{"kimetsunoyaiba:uniform_boots":1,"kimetsunoyaiba:uniform_leggings":1,"kimetsunoyaiba:uniform_chestplate":1}},"DataVersion":2586}