{"stats":{"minecraft:killed":{"kimetsunoyaiba:demon":10,"kimetsunoyaiba:makomo":1,"kimetsunoyaiba:demon_2":7,"kimetsunoyaiba:demon_4":2,"kimetsunoyaiba:demon_slayer":7,"kimetsunoyaiba:haganeduka":1,"kimetsunoyaiba:genya":1,"kimetsunoyaiba:yahaba":1,"kimetsunoyaiba:kyogai":1,"minecraft:creeper":1,"minecraft:skeleton":1,"kimetsunoyaiba:demon_9":2,"kimetsunoyaiba:temple_demon":2,"kimetsunoyaiba:hand_demon":1,"minecraft:zombie":2,"kimetsunoyaiba:muscular_mouse":1,"kimetsunoyaiba:susamaru":1,"minecraft:chicken":1,"kimetsunoyaiba:demon_3":2,"kimetsunoyaiba:kakushi":3,"kimetsunoyaiba:yachan_brother":1,"kimetsunoyaiba:yorichi_0":1,"minecraft:cow":1,"kimetsunoyaiba:dice_steak_senior":1},"minecraft:dropped":{"minecraft:wheat_seeds":1,"minecraft:glass_bottle":3,"kimetsunoyaiba:dice_steak_head_1":1,"minecraft:feather":1,"minecraft:rotten_flesh":1,"kimetsunoyaiba:dice_steak_head_2":2,"minecraft:iron_boots":1,"minecraft:gunpowder":2,"minecraft:iron_chestplate":1,"minecraft:oak_sapling":2,"kimetsunoyaiba:demon_hand":1,"minecraft:iron_leggings":1,"minecraft:arrow":5,"minecraft:string":2,"minecraft:bone":4},"minecraft:used":{"minecraft:stone_sword":21,"minecraft:stone_pickaxe":3,"minecraft:wooden_pickaxe":3,"kimetsunoyaiba:human_flesh_2":7,"kimetsunoyaiba:nichirinsword_wind":152,"minecraft:dirt":1,"minecraft:crafting_table":2,"minecraft:chicken":3,"kimetsunoyaiba:boar_flesh":32,"minecraft:potion":3,"minecraft:beef":3,"minecraft:porkchop":1},"minecraft:crafted":{"minecraft:oak_planks":20,"minecraft:crafting_table":1,"minecraft:wooden_pickaxe":1,"minecraft:stick":8,"minecraft:stone_pickaxe":1,"minecraft:stone_sword":1},"minecraft:mined":{"minecraft:crafting_table":1,"minecraft:grass_block":1,"minecraft:spruce_leaves":3,"minecraft:grass":9,"minecraft:oak_log":6,"minecraft:stone":5,"minecraft:oak_leaves":14},"minecraft:killed_by":{"kimetsunoyaiba:demon_slayer":2,"kimetsunoyaiba:demon":10,"kimetsunoyaiba:rokuro":1,"kimetsunoyaiba:demon_2":2,"kimetsunoyaiba:demon_4":1,"kimetsunoyaiba:kamanue":1,"kimetsunoyaiba:temple_demon":2,"kimetsunoyaiba:susamaru":2,"kimetsunoyaiba:demon_5":1,"kimetsunoyaiba:demon_3":2},"minecraft:custom":{"minecraft:mob_kills":67,"minecraft:interact_with_crafting_table":3,"minecraft:play_one_minute":60674,"minecraft:damage_dealt_resisted":9007,"minecraft:leave_game":1,"minecraft:time_since_death":3271,"minecraft:damage_resisted":1328,"minecraft:time_since_rest":3291,"minecraft:sprint_one_cm":357622,"minecraft:damage_taken":13769,"minecraft:walk_one_cm":216520,"minecraft:drop":21,"minecraft:damage_dealt":23717,"minecraft:swim_one_cm":355,"minecraft:fly_one_cm":310707,"minecraft:crouch_one_cm":1310,"minecraft:deaths":25,"minecraft:sneak_time":430,"minecraft:walk_under_water_one_cm":2473,"minecraft:jump":1216,"minecraft:walk_on_water_one_cm":2686,"minecraft:fall_one_cm":49430},"minecraft:picked_up":{"kimetsunoyaiba:human_flesh_2":7,"minecraft:crafting_table":1,"minecraft:feather":1,"minecraft:chicken":3,"minecraft:leather":2,"kimetsunoyaiba:hair_tsugikuni":1,"minecraft:oak_log":10,"minecraft:gunpowder":2,"minecraft:string":2,"minecraft:dirt":1,"kimetsunoyaiba:kemari":1,"kimetsunoyaiba:dice_steak_head_2":2,"minecraft:bone":4,"minecraft:wheat_seeds":1,"kimetsunoyaiba:blooddemonart_yahaba":1,"minecraft:beef":3,"kimetsunoyaiba:muzanblood":3,"minecraft:porkchop":1,"minecraft:arrow":5,"minecraft:rotten_flesh":1,"kimetsunoyaiba:drum":1,"kimetsunoyaiba:dice_steak_head_1":1,"kimetsunoyaiba:demon_hand":1,"minecraft:oak_sapling":2,"minecraft:cobblestone":5}},"DataVersion":2586}