{"stats":{"minecraft:killed":{"kimetsunoyaiba:demon":1,"minecraft:skeleton":1,"kimetsunoyaiba:makomo":1,"minecraft:zombie":2,"kimetsunoyaiba:muscular_mouse":1,"kimetsunoyaiba:haganeduka":1,"minecraft:chicken":1,"kimetsunoyaiba:demon_slayer":3,"kimetsunoyaiba:kakushi":1,"minecraft:creeper":1,"kimetsunoyaiba:dice_steak_senior":1,"minecraft:cow":1},"minecraft:dropped":{"minecraft:glass_bottle":1,"minecraft:iron_chestplate":1,"kimetsunoyaiba:dice_steak_head_1":1,"minecraft:oak_sapling":1,"kimetsunoyaiba:dice_steak_head_2":2,"minecraft:iron_leggings":1,"minecraft:iron_boots":1,"minecraft:string":2},"minecraft:used":{"minecraft:chicken":1,"minecraft:stone_pickaxe":1,"minecraft:wooden_pickaxe":3,"kimetsunoyaiba:boar_flesh":18,"kimetsunoyaiba:nichirinsword_wind":66,"minecraft:dirt":1,"minecraft:potion":1,"minecraft:beef":3,"minecraft:crafting_table":1,"minecraft:porkchop":1},"minecraft:crafted":{"minecraft:oak_planks":20,"minecraft:crafting_table":1,"minecraft:stick":4,"minecraft:wooden_pickaxe":1,"minecraft:stone_pickaxe":1},"minecraft:mined":{"minecraft:crafting_table":1,"minecraft:grass":3,"minecraft:grass_block":1,"minecraft:oak_log":6,"minecraft:spruce_leaves":3,"minecraft:stone":3,"minecraft:oak_leaves":14},"minecraft:killed_by":{"kimetsunoyaiba:demon_slayer":1,"kimetsunoyaiba:susamaru":1,"kimetsunoyaiba:demon":6,"kimetsunoyaiba:demon_3":1},"minecraft:custom":{"minecraft:time_since_rest":2283,"minecraft:sprint_one_cm":221607,"minecraft:damage_taken":5221,"minecraft:walk_one_cm":111396,"minecraft:mob_kills":23,"minecraft:drop":9,"minecraft:damage_dealt":6546,"minecraft:swim_one_cm":355,"minecraft:interact_with_crafting_table":2,"minecraft:fly_one_cm":177192,"minecraft:play_one_minute":36674,"minecraft:crouch_one_cm":1234,"minecraft:deaths":10,"minecraft:sneak_time":413,"minecraft:walk_under_water_one_cm":2473,"minecraft:damage_dealt_resisted":1058,"minecraft:jump":767,"minecraft:leave_game":1,"minecraft:time_since_death":2250,"minecraft:walk_on_water_one_cm":2686,"minecraft:damage_resisted":356,"minecraft:fall_one_cm":22919},"minecraft:picked_up":{"kimetsunoyaiba:human_flesh_2":3,"minecraft:crafting_table":1,"kimetsunoyaiba:muzanblood":1,"minecraft:feather":1,"minecraft:chicken":3,"minecraft:leather":2,"minecraft:porkchop":1,"minecraft:oak_log":10,"minecraft:gunpowder":2,"minecraft:dirt":1,"minecraft:string":2,"kimetsunoyaiba:dice_steak_head_2":2,"minecraft:bone":3,"minecraft:arrow":5,"minecraft:rotten_flesh":1,"kimetsunoyaiba:drum":1,"minecraft:wheat_seeds":1,"kimetsunoyaiba:blooddemonart_yahaba":1,"minecraft:beef":3,"kimetsunoyaiba:dice_steak_head_1":1,"minecraft:oak_sapling":2,"minecraft:cobblestone":3}},"DataVersion":2586}