{"stats":{"minecraft:killed":{"kimetsunoyaiba:kanawo":2,"kimetsunoyaiba:demon_slayer":89,"kimetsunoyaiba:genya":2,"kimetsunoyaiba:yahaba":3,"kimetsunoyaiba:yachan":2,"minecraft:skeleton":14,"kimetsunoyaiba:rengoku":1,"kimetsunoyaiba:demon_9":11,"kimetsunoyaiba:temple_demon":8,"kimetsunoyaiba:hand_demon":6,"kimetsunoyaiba:muscular_mouse":7,"kimetsunoyaiba:goldfishbig":3,"kimetsunoyaiba:muichiro":2,"minecraft:chicken":1,"kimetsunoyaiba:kakushi":4,"kimetsunoyaiba:yachan_brother":2,"kimetsunoyaiba:yorichi_0":6,"kimetsunoyaiba:dice_steak_senior":1,"kimetsunoyaiba:demon":53,"kimetsunoyaiba:demon_10":1,"kimetsunoyaiba:makomo":2,"kimetsunoyaiba:demon_2":21,"kimetsunoyaiba:demon_4":6,"kimetsunoyaiba:haganeduka":5,"kimetsunoyaiba:boar":5,"kimetsunoyaiba:kyogai":2,"minecraft:creeper":1,"minecraft:squid":2,"minecraft:pillager":2,"kimetsunoyaiba:kasugai_crow":1,"minecraft:zombie":33,"kimetsunoyaiba:tomioka":2,"kimetsunoyaiba:susamaru":2,"kimetsunoyaiba:uzui":1,"kimetsunoyaiba:demon_3":6,"minecraft:enderman":1,"minecraft:cow":1},"minecraft:dropped":{"minecraft:wheat_seeds":1,"kimetsunoyaiba:blooddemonart_yahaba":2,"minecraft:glass_bottle":4,"minecraft:ender_pearl":1,"kimetsunoyaiba:dice_steak_head_1":2,"minecraft:feather":1,"kimetsunoyaiba:dice_steak_head_2":3,"croptopia:sweetpotato":2,"minecraft:leather":2,"kimetsunoyaiba:dice_steak_leg":2,"kimetsunoyaiba:nichirinsword_wind":1,"kimetsunoyaiba:vase_item":1,"kimetsunoyaiba:yorichi_0_armor_chestplate":1,"minecraft:ink_sac":16,"minecraft:cooked_cod":1,"croptopia:sweetpotato_seed":2,"kimetsunoyaiba:demon_hand":4,"croptopia:pepper":1,"kimetsunoyaiba:dice_steak_body":1,"minecraft:iron_leggings":1,"minecraft:polished_blackstone_bricks":16,"minecraft:string":2,"kimetsunoyaiba:drum":1,"croptopia:calamari":3,"kimetsunoyaiba:dice_steak_arm":2,"minecraft:bone":55,"kimetsunoyaiba:d_ice_steak_head_3":1,"minecraft:stone_sword":1,"minecraft:rotten_flesh":35,"kimetsunoyaiba:uniform_chestplate":11,"kimetsunoyaiba:uniform_boots":5,"minecraft:oak_planks":5,"minecraft:iron_boots":1,"kimetsunoyaiba:uniform_leggings":7,"kimetsunoyaiba:mukimuki_chestplate":1,"minecraft:salmon":8,"kimetsunoyaiba:hair_tsugikuni":2,"minecraft:gunpowder":6,"kimetsunoyaiba:clothes_hand_demon_chestplate":1,"minecraft:iron_chestplate":1,"minecraft:oak_sapling":2,"croptopia:roe":10,"kimetsunoyaiba:nichirinswordmoon":2,"minecraft:arrow":32,"minecraft:stone_pickaxe":1,"minecraft:wooden_pickaxe":1,"croptopia:pepper_seed":2},"minecraft:used":{"minecraft:stone_sword":128,"croptopia:calamari":6,"minecraft:iron_sword":252,"kimetsunoyaiba:nichirinsword_wind":437,"minecraft:dirt":4,"kimetsunoyaiba:nichirinsword_tomioka":5,"minecraft:iron_axe":6,"minecraft:grass_block":1,"kimetsunoyaiba:rifle":1,"kimetsunoyaiba:boar_flesh":38,"minecraft:beef":3,"minecraft:cooked_cod":12,"minecraft:oak_sapling":1,"croptopia:roe":15,"minecraft:stone_pickaxe":42,"minecraft:wooden_pickaxe":3,"kimetsunoyaiba:human_flesh_2":77,"minecraft:salmon":2,"minecraft:crafting_table":4,"minecraft:campfire":2,"minecraft:cod":2,"kimetsunoyaiba:nichirinsword_kaigaku":3,"minecraft:chicken":3,"minecraft:bread":3,"minecraft:iron_pickaxe":59,"minecraft:spruce_sapling":1,"croptopia:toast":9,"minecraft:cobblestone":6,"minecraft:potion":4,"minecraft:white_banner":1,"minecraft:porkchop":1,"kimetsunoyaiba:nichirinsword_water":2},"minecraft:crafted":{"minecraft:oak_planks":52,"minecraft:iron_axe":1,"minecraft:stone_pickaxe":1,"minecraft:wheat":180,"minecraft:crafting_table":2,"minecraft:wooden_pickaxe":1,"minecraft:iron_sword":1,"minecraft:campfire":2,"minecraft:bread":60,"minecraft:air":0,"minecraft:stick":24,"minecraft:iron_ingot":8,"minecraft:iron_pickaxe":1,"minecraft:stone_sword":1},"minecraft:mined":{"minecraft:grass_block":2,"minecraft:coal_block":65,"minecraft:spruce_leaves":4,"minecraft:hay_block":1,"minecraft:polished_blackstone_bricks":18,"minecraft:iron_ore":8,"minecraft:stone":11,"minecraft:crafting_table":2,"minecraft:blast_furnace":1,"minecraft:campfire":1,"minecraft:grass":21,"minecraft:oak_log":16,"minecraft:dirt":2,"minecraft:oak_leaves":16},"minecraft:killed_by":{"kimetsunoyaiba:enmu_train":1,"kimetsunoyaiba:demon_slayer":5,"minecraft:player":1,"kimetsunoyaiba:genya":1,"kimetsunoyaiba:demon":27,"kimetsunoyaiba:muichiro":1,"kimetsunoyaiba:shinazugawa":2,"kimetsunoyaiba:akaza":1,"kimetsunoyaiba:kamanue":2,"kimetsunoyaiba:tanjiro":1,"kimetsunoyaiba:tomioka":1,"kimetsunoyaiba:yahaba":1,"kimetsunoyaiba:demon_3":2,"kimetsunoyaiba:daki":1,"kimetsunoyaiba:hairo":4,"kimetsunoyaiba:goldfishbig":4,"kimetsunoyaiba:kanawo":2,"kimetsunoyaiba:rokuro":2,"kimetsunoyaiba:demon_2":10,"kimetsunoyaiba:demon_4":9,"kimetsunoyaiba:shadow_wolf":1,"kimetsunoyaiba:yorichi_0":1,"kimetsunoyaiba:temple_demon":7,"kimetsunoyaiba:susamaru":5,"kimetsunoyaiba:zohakuten":2,"kimetsunoyaiba:demon_9":2,"kimetsunoyaiba:demon_5":1},"minecraft:custom":{"minecraft:mob_kills":371,"minecraft:interact_with_crafting_table":14,"minecraft:interact_with_campfire":73,"minecraft:damage_dealt_resisted":62772,"minecraft:leave_game":3,"minecraft:time_since_death":92,"minecraft:damage_resisted":16280,"minecraft:sprint_one_cm":1614351,"minecraft:walk_one_cm":851319,"minecraft:drop":125,"minecraft:sneak_time":1527,"minecraft:deaths":100,"minecraft:walk_under_water_one_cm":8537,"minecraft:jump":2769,"minecraft:interact_with_blast_furnace":5,"minecraft:walk_on_water_one_cm":9609,"minecraft:play_one_minute":212920,"minecraft:time_since_rest":119,"minecraft:damage_taken":71357,"minecraft:damage_dealt":153326,"minecraft:swim_one_cm":10919,"minecraft:player_kills":2,"minecraft:fly_one_cm":914900,"minecraft:crouch_one_cm":4198,"minecraft:fall_one_cm":147010},"minecraft:picked_up":{"croptopia:toast":45,"minecraft:charcoal":2,"minecraft:crafting_table":2,"minecraft:chicken":3,"croptopia:sweetpotato_seed":2,"kimetsunoyaiba:hair_tsugikuni":2,"croptopia:calamari":9,"minecraft:string":2,"kimetsunoyaiba:dice_steak_head_2":3,"minecraft:beef":3,"kimetsunoyaiba:mukimuki_chestplate":1,"croptopia:pepper_seed":2,"minecraft:coal_block":71,"kimetsunoyaiba:dice_steak_head_4":1,"minecraft:porkchop":1,"minecraft:polished_blackstone_bricks":16,"kimetsunoyaiba:d_ice_steak_head_3":1,"minecraft:arrow":32,"kimetsunoyaiba:demon_slayer_mark_wind":1,"minecraft:rotten_flesh":35,"minecraft:cooked_cod":13,"kimetsunoyaiba:boar_flesh":6,"minecraft:hay_block":20,"kimetsunoyaiba:dice_steak_head_1":2,"kimetsunoyaiba:demon_hand":4,"croptopia:pepper":1,"kimetsunoyaiba:nichirinsword_tomioka":1,"kimetsunoyaiba:rifle":2,"minecraft:cod":16,"minecraft:cobblestone":11,"kimetsunoyaiba:clothes_yorichi_leggings":1,"kimetsunoyaiba:human_flesh_2":78,"minecraft:feather":1,"minecraft:salmon":12,"kimetsunoyaiba:nichirinsword_kaigaku":1,"minecraft:leather":2,"minecraft:oak_log":28,"kimetsunoyaiba:dice_steak_leg":2,"kimetsunoyaiba:clothes_hand_demon_chestplate":1,"minecraft:gunpowder":6,"kimetsunoyaiba:dice_steak_arm":2,"kimetsunoyaiba:uniform_chestplate":14,"kimetsunoyaiba:uniform_muichiro_leggings":1,"minecraft:dirt":4,"minecraft:white_banner":1,"kimetsunoyaiba:kemari":1,"minecraft:bone":17,"croptopia:sweetpotato":2,"minecraft:wheat_seeds":1,"kimetsunoyaiba:blooddemonart_yahaba":3,"minecraft:iron_ore":8,"kimetsunoyaiba:nichirinsword_wind":1,"croptopia:roe":25,"kimetsunoyaiba:muzanblood":11,"minecraft:spruce_sapling":1,"minecraft:blast_furnace":1,"kimetsunoyaiba:uniform_leggings":10,"minecraft:ink_sac":16,"kimetsunoyaiba:vase_item":2,"minecraft:grass_block":1,"kimetsunoyaiba:uniform_boots":7,"kimetsunoyaiba:drum":2,"kimetsunoyaiba:yorichi_0_armor_chestplate":2,"kimetsunoyaiba:dice_steak_body":1,"kimetsunoyaiba:nichirinsword":9,"minecraft:oak_sapling":3,"minecraft:ender_pearl":1},"minecraft:broken":{"kimetsunoyaiba:uniform_boots":2,"kimetsunoyaiba:uniform_leggings":3,"minecraft:iron_sword":1,"kimetsunoyaiba:uniform_chestplate":2}},"DataVersion":2586}