{"stats":{"minecraft:killed":{"kimetsunoyaiba:demon_slayer":56,"kimetsunoyaiba:genya":1,"kimetsunoyaiba:yahaba":3,"kimetsunoyaiba:yachan":2,"minecraft:skeleton":13,"kimetsunoyaiba:demon_9":7,"kimetsunoyaiba:temple_demon":5,"kimetsunoyaiba:hand_demon":4,"kimetsunoyaiba:muscular_mouse":4,"kimetsunoyaiba:goldfishbig":1,"minecraft:chicken":1,"kimetsunoyaiba:kakushi":3,"kimetsunoyaiba:yachan_brother":2,"kimetsunoyaiba:yorichi_0":4,"kimetsunoyaiba:dice_steak_senior":1,"kimetsunoyaiba:demon":35,"kimetsunoyaiba:demon_10":1,"kimetsunoyaiba:makomo":2,"kimetsunoyaiba:demon_2":12,"kimetsunoyaiba:demon_4":3,"kimetsunoyaiba:haganeduka":4,"kimetsunoyaiba:boar":5,"kimetsunoyaiba:kyogai":2,"minecraft:creeper":1,"minecraft:pillager":2,"kimetsunoyaiba:kasugai_crow":1,"minecraft:zombie":18,"kimetsunoyaiba:susamaru":2,"kimetsunoyaiba:demon_3":5,"minecraft:enderman":1,"minecraft:cow":1},"minecraft:dropped":{"minecraft:wheat_seeds":1,"kimetsunoyaiba:blooddemonart_yahaba":1,"minecraft:glass_bottle":3,"kimetsunoyaiba:dice_steak_head_1":1,"minecraft:feather":1,"kimetsunoyaiba:dice_steak_head_2":2,"croptopia:sweetpotato":2,"minecraft:leather":2,"kimetsunoyaiba:nichirinsword_wind":1,"kimetsunoyaiba:demon_hand":2,"croptopia:sweetpotato_seed":2,"minecraft:iron_leggings":1,"minecraft:polished_blackstone_bricks":16,"minecraft:string":2,"minecraft:bone":50,"minecraft:stone_sword":1,"minecraft:rotten_flesh":17,"kimetsunoyaiba:uniform_chestplate":3,"kimetsunoyaiba:uniform_boots":3,"minecraft:iron_boots":1,"kimetsunoyaiba:mukimuki_chestplate":1,"kimetsunoyaiba:uniform_leggings":5,"minecraft:gunpowder":2,"kimetsunoyaiba:clothes_hand_demon_chestplate":1,"minecraft:iron_chestplate":1,"minecraft:oak_sapling":2,"minecraft:arrow":10,"minecraft:stone_pickaxe":1,"minecraft:wooden_pickaxe":1},"minecraft:used":{"minecraft:stone_sword":128,"minecraft:iron_sword":144,"kimetsunoyaiba:nichirinsword_wind":289,"minecraft:dirt":4,"minecraft:grass_block":1,"kimetsunoyaiba:boar_flesh":38,"minecraft:beef":3,"minecraft:stone_pickaxe":42,"minecraft:wooden_pickaxe":3,"kimetsunoyaiba:human_flesh_2":52,"minecraft:crafting_table":3,"minecraft:chicken":3,"minecraft:iron_pickaxe":59,"minecraft:spruce_sapling":1,"minecraft:potion":3,"minecraft:cobblestone":6,"minecraft:white_banner":1,"minecraft:porkchop":1,"kimetsunoyaiba:nichirinsword_water":2},"minecraft:crafted":{"minecraft:oak_planks":20,"minecraft:stone_pickaxe":1,"minecraft:crafting_table":2,"minecraft:wooden_pickaxe":1,"minecraft:iron_sword":1,"minecraft:air":0,"minecraft:stick":8,"minecraft:iron_ingot":8,"minecraft:iron_pickaxe":1,"minecraft:stone_sword":1},"minecraft:mined":{"minecraft:grass_block":2,"minecraft:coal_block":65,"minecraft:spruce_leaves":4,"minecraft:polished_blackstone_bricks":18,"minecraft:iron_ore":8,"minecraft:stone":11,"minecraft:crafting_table":2,"minecraft:blast_furnace":1,"minecraft:grass":17,"minecraft:oak_log":6,"minecraft:dirt":2,"minecraft:oak_leaves":14},"minecraft:killed_by":{"kimetsunoyaiba:enmu_train":1,"minecraft:player":1,"kimetsunoyaiba:demon_slayer":5,"kimetsunoyaiba:demon":25,"kimetsunoyaiba:shinazugawa":1,"kimetsunoyaiba:kamanue":1,"kimetsunoyaiba:tanjiro":1,"kimetsunoyaiba:yahaba":1,"kimetsunoyaiba:demon_3":2,"kimetsunoyaiba:daki":1,"kimetsunoyaiba:hairo":1,"kimetsunoyaiba:goldfishbig":1,"kimetsunoyaiba:rokuro":1,"kimetsunoyaiba:demon_2":4,"kimetsunoyaiba:demon_4":5,"kimetsunoyaiba:yorichi_0":1,"kimetsunoyaiba:temple_demon":5,"kimetsunoyaiba:susamaru":5,"kimetsunoyaiba:demon_9":1,"kimetsunoyaiba:demon_5":1},"minecraft:custom":{"minecraft:mob_kills":243,"minecraft:interact_with_crafting_table":5,"minecraft:damage_dealt_resisted":36658,"minecraft:leave_game":1,"minecraft:time_since_death":2012,"minecraft:damage_resisted":7193,"minecraft:sprint_one_cm":1049912,"minecraft:walk_one_cm":588065,"minecraft:drop":65,"minecraft:deaths":67,"minecraft:sneak_time":532,"minecraft:walk_under_water_one_cm":3297,"minecraft:jump":2250,"minecraft:interact_with_blast_furnace":5,"minecraft:walk_on_water_one_cm":5617,"minecraft:play_one_minute":162674,"minecraft:time_since_rest":2043,"minecraft:damage_taken":37044,"minecraft:damage_dealt":97795,"minecraft:swim_one_cm":1735,"minecraft:fly_one_cm":714454,"minecraft:player_kills":2,"minecraft:crouch_one_cm":1787,"minecraft:fall_one_cm":120179},"minecraft:picked_up":{"minecraft:crafting_table":2,"minecraft:chicken":3,"croptopia:sweetpotato_seed":2,"kimetsunoyaiba:hair_tsugikuni":1,"minecraft:string":2,"kimetsunoyaiba:dice_steak_head_2":2,"minecraft:beef":3,"kimetsunoyaiba:mukimuki_chestplate":1,"minecraft:coal_block":71,"minecraft:porkchop":1,"minecraft:polished_blackstone_bricks":16,"minecraft:arrow":21,"kimetsunoyaiba:demon_slayer_mark_wind":1,"minecraft:rotten_flesh":17,"kimetsunoyaiba:boar_flesh":6,"kimetsunoyaiba:dice_steak_head_1":1,"kimetsunoyaiba:demon_hand":2,"kimetsunoyaiba:rifle":1,"minecraft:cobblestone":11,"kimetsunoyaiba:clothes_yorichi_leggings":1,"kimetsunoyaiba:human_flesh_2":52,"minecraft:feather":1,"minecraft:leather":2,"minecraft:oak_log":10,"kimetsunoyaiba:clothes_hand_demon_chestplate":1,"minecraft:gunpowder":2,"kimetsunoyaiba:uniform_chestplate":6,"minecraft:dirt":4,"minecraft:white_banner":1,"kimetsunoyaiba:kemari":1,"minecraft:bone":12,"croptopia:sweetpotato":2,"minecraft:wheat_seeds":1,"kimetsunoyaiba:blooddemonart_yahaba":2,"minecraft:iron_ore":8,"kimetsunoyaiba:nichirinsword_wind":1,"kimetsunoyaiba:muzanblood":6,"minecraft:spruce_sapling":1,"kimetsunoyaiba:uniform_leggings":5,"minecraft:blast_furnace":1,"kimetsunoyaiba:vase_item":1,"minecraft:grass_block":1,"kimetsunoyaiba:uniform_boots":4,"kimetsunoyaiba:drum":1,"kimetsunoyaiba:yorichi_0_armor_chestplate":1,"kimetsunoyaiba:nichirinsword":5,"minecraft:oak_sapling":2,"minecraft:ender_pearl":1},"minecraft:broken":{"kimetsunoyaiba:uniform_boots":1,"kimetsunoyaiba:uniform_leggings":1,"kimetsunoyaiba:uniform_chestplate":1}},"DataVersion":2586}