{"stats":{"minecraft:picked_up":{"kimetsunoyaiba:futon":3,"minecraft:crafting_table":9,"kimetsunoyaiba:udon":2,"minecraft:wooden_pickaxe":1,"kimetsunoyaiba:scarlet_ironsand":8,"croptopia:calamari":2,"minecraft:string":15,"croptopia:lettuce":1,"kimetsunoyaiba:dice_steak_head_2":2,"minecraft:beef":4,"minecraft:oak_boat":2,"minecraft:furnace":5,"minecraft:sandstone":1,"croptopia:greenbean_seed":2,"minecraft:torch":122,"minecraft:porkchop":1,"kimetsunoyaiba:nichirinsword_water":1,"minecraft:redstone":4,"fh:clan_roll":1,"minecraft:stone_sword":1,"minecraft:arrow":40,"minecraft:rotten_flesh":79,"kimetsunoyaiba:boar_flesh":40,"kimetsunoyaiba:demon_hand":4,"minecraft:mutton":4,"minecraft:cod":10,"minecraft:white_wool":3,"minecraft:cobblestone":797,"kimetsunoyaiba:human_flesh_2":7,"croptopia:lettuce_seed":1,"minecraft:andesite":4,"minecraft:leather":3,"kimetsunoyaiba:blooddemonart_kamanue":1,"minecraft:oak_log":21,"minecraft:gunpowder":43,"kimetsunoyaiba:boar_head":1,"minecraft:lapis_lazuli":22,"minecraft:dirt":1,"minecraft:bone":49,"minecraft:bow":1,"minecraft:wheat_seeds":5,"kimetsunoyaiba:scarlet_ore":8,"kimetsunoyaiba:blooddemonart_yahaba":1,"minecraft:iron_ingot":1,"minecraft:stone_pickaxe":1,"minecraft:iron_ore":60,"croptopia:roe":3,"croptopia:chile_pepper_seed":18,"kimetsunoyaiba:muzanblood":4,"minecraft:sand":2,"minecraft:ink_sac":6,"minecraft:gold_ore":9,"minecraft:spider_eye":1,"croptopia:chile_pepper":10,"minecraft:diamond":16,"kimetsunoyaiba:drum":1,"minecraft:granite":13,"kimetsunoyaiba:dice_steak_body":1,"minecraft:coal":83,"minecraft:ender_pearl":7},"minecraft:crafted":{"minecraft:oak_planks":80,"minecraft:furnace":2,"minecraft:cooked_mutton":4,"minecraft:stone_pickaxe":1,"minecraft:cooked_beef":4,"minecraft:crafting_table":3,"minecraft:wooden_pickaxe":1,"minecraft:clock":1,"minecraft:cooked_salmon":10,"minecraft:bucket":1,"minecraft:stone_axe":1,"minecraft:air":0,"minecraft:oak_boat":1,"minecraft:diamond_pickaxe":1,"minecraft:stick":60,"minecraft:iron_ingot":60,"minecraft:iron_pickaxe":2,"minecraft:gold_ingot":5,"minecraft:white_bed":1,"minecraft:torch":192},"minecraft:broken":{"kimetsunoyaiba:uniform_boots":1,"kimetsunoyaiba:uniform_leggings":1,"minecraft:iron_pickaxe":1,"kimetsunoyaiba:uniform_chestplate":1},"minecraft:killed":{"minecraft:cave_spider":1,"minecraft:witch":1,"minecraft:spider":5,"minecraft:skeleton":30,"kimetsunoyaiba:temple_demon":1,"kimetsunoyaiba:toyosan":1,"kimetsunoyaiba:goldfishbig":1,"kimetsunoyaiba:demon":37,"minecraft:pig":1,"kimetsunoyaiba:demon_2":8,"kimetsunoyaiba:nezuko":1,"kimetsunoyaiba:demon_4":3,"minecraft:bat":2,"kimetsunoyaiba:boar":3,"kimetsunoyaiba:kyogai":1,"minecraft:creeper":24,"kimetsunoyaiba:spider_demon":1,"minecraft:sheep":2,"minecraft:zombie":28,"kimetsunoyaiba:susamaru":1,"minecraft:cow":3},"minecraft:custom":{"minecraft:mob_kills":203,"minecraft:interact_with_crafting_table":18,"minecraft:open_barrel":3,"minecraft:damage_dealt_resisted":11942,"minecraft:leave_game":2,"minecraft:time_since_death":1134,"minecraft:climb_one_cm":2133,"minecraft:damage_resisted":21413,"minecraft:sprint_one_cm":1603483,"minecraft:walk_one_cm":767615,"minecraft:drop":149,"minecraft:deaths":109,"minecraft:sneak_time":8299,"minecraft:walk_under_water_one_cm":40025,"minecraft:boat_one_cm":59985,"minecraft:jump":3599,"minecraft:walk_on_water_one_cm":119076,"minecraft:interact_with_furnace":59,"minecraft:play_one_minute":273967,"minecraft:sleep_in_bed":1,"minecraft:time_since_rest":1160,"minecraft:damage_taken":58740,"minecraft:damage_dealt":53876,"minecraft:swim_one_cm":78960,"minecraft:fly_one_cm":1262132,"minecraft:crouch_one_cm":17177,"minecraft:fall_one_cm":330830},"minecraft:dropped":{"croptopia:lettuce_seed":1,"minecraft:porkchop":1,"minecraft:clock":1,"minecraft:wheat_seeds":2,"kimetsunoyaiba:blooddemonart_yahaba":1,"minecraft:ender_pearl":4,"minecraft:cobblestone":683,"kimetsunoyaiba:dice_steak_head_2":2,"minecraft:granite":3,"croptopia:chile_pepper_seed":18,"minecraft:cod":9,"kimetsunoyaiba:human_flesh_2":3,"kimetsunoyaiba:boar_flesh":34,"minecraft:ink_sac":6,"minecraft:torch":114,"croptopia:lettuce":1,"kimetsunoyaiba:dice_steak_body":1,"kimetsunoyaiba:blooddemonart_kamanue":1,"kimetsunoyaiba:drum":1,"minecraft:string":11,"croptopia:calamari":1,"minecraft:gold_ingot":1,"minecraft:bone":85,"minecraft:stone_sword":2,"minecraft:rotten_flesh":67,"croptopia:greenbean_seed":2,"minecraft:gunpowder":3,"minecraft:andesite":4,"croptopia:roe":1,"minecraft:spider_eye":1,"minecraft:wooden_pickaxe":2,"minecraft:arrow":40,"minecraft:bow":1,"minecraft:stone_pickaxe":2,"kimetsunoyaiba:nichirinsword_water":1},"minecraft:killed_by":{"kimetsunoyaiba:demon":29,"kimetsunoyaiba:doma":5,"kimetsunoyaiba:akaza":3,"kimetsunoyaiba:yahaba":1,"kimetsunoyaiba:gyokko":1,"kimetsunoyaiba:daki":1,"kimetsunoyaiba:demon_3":8,"kimetsunoyaiba:rui_sister":1,"kimetsunoyaiba:demon_10":2,"kimetsunoyaiba:hairo":2,"kimetsunoyaiba:goldfishbig":2,"minecraft:skeleton":1,"minecraft:zombie":1,"kimetsunoyaiba:rokuro":2,"kimetsunoyaiba:demon_2":17,"kimetsunoyaiba:demon_4":7,"kimetsunoyaiba:shadow_wolf":2,"kimetsunoyaiba:enmu":2,"kimetsunoyaiba:temple_demon":5,"kimetsunoyaiba:susamaru":3,"kimetsunoyaiba:demon_9":3,"kimetsunoyaiba:demon_5":1},"minecraft:used":{"minecraft:stone_sword":15,"croptopia:calamari":1,"minecraft:cooked_salmon":4,"minecraft:rotten_flesh":12,"minecraft:torch":212,"minecraft:dirt":1,"croptopia:chile_pepper":10,"minecraft:lava_bucket":2,"kimetsunoyaiba:udon":1,"kimetsunoyaiba:boar_flesh":38,"minecraft:furnace":6,"croptopia:roe":2,"minecraft:cooked_beef":4,"minecraft:cooked_mutton":4,"minecraft:water_bucket":62,"minecraft:stone_pickaxe":34,"minecraft:ender_pearl":1,"minecraft:wooden_pickaxe":12,"kimetsunoyaiba:human_flesh_2":4,"minecraft:sand":2,"minecraft:crafting_table":12,"minecraft:white_bed":1,"minecraft:cod":1,"minecraft:oak_log":1,"kimetsunoyaiba:futon":2,"minecraft:string":1,"minecraft:iron_pickaxe":472,"minecraft:stone_axe":24,"minecraft:cobblestone":45,"minecraft:bucket":65,"minecraft:oak_boat":2,"kimetsunoyaiba:nichirinsword_water":280},"minecraft:mined":{"minecraft:diamond_ore":16,"croptopia:greenbean_crop":1,"minecraft:granite":11,"minecraft:sandstone":1,"kimetsunoyaiba:futon_2":2,"minecraft:spawner":2,"minecraft:redstone_ore":1,"minecraft:furnace":5,"minecraft:iron_ore":60,"minecraft:andesite":5,"minecraft:stone":318,"minecraft:tripwire":1,"croptopia:lettuce_crop":1,"kimetsunoyaiba:scarlet_ore_block":18,"minecraft:crafting_table":9,"minecraft:torch":1,"kimetsunoyaiba:udon_block":1,"minecraft:emerald_ore":1,"minecraft:poppy":1,"minecraft:tall_grass":3,"minecraft:cobblestone":4,"minecraft:lapis_ore":4,"minecraft:wall_torch":6,"croptopia:nectarine_crop":2,"croptopia:chile_pepper_crop":10,"minecraft:grass":33,"kimetsunoyaiba:futon":1,"minecraft:oak_log":21,"minecraft:coal_ore":66,"minecraft:sand":2,"minecraft:dirt":10,"minecraft:cobweb":4,"minecraft:gold_ore":5,"minecraft:fern":1}},"DataVersion":2586}