{"stats":{"minecraft:used":{"minecraft:stone_sword":13,"kimetsunoyaiba:nichirinsword_water":7,"kimetsunoyaiba:boar_flesh":1},"minecraft:killed":{"minecraft:zombie":3,"kimetsunoyaiba:demon_2":1},"minecraft:picked_up":{"minecraft:bone":3,"minecraft:arrow":2,"minecraft:rotten_flesh":2},"minecraft:custom":{"minecraft:time_since_rest":10872,"minecraft:play_one_minute":10872,"minecraft:crouch_one_cm":196,"minecraft:sprint_one_cm":12762,"minecraft:damage_taken":84,"minecraft:walk_one_cm":9194,"minecraft:sneak_time":67,"minecraft:walk_under_water_one_cm":438,"minecraft:mob_kills":5,"minecraft:damage_dealt_resisted":294,"minecraft:jump":38,"minecraft:damage_dealt":1173,"minecraft:time_since_death":10872,"minecraft:walk_on_water_one_cm":939,"minecraft:damage_resisted":6,"minecraft:swim_one_cm":1256,"minecraft:fall_one_cm":604,"minecraft:fly_one_cm":4981}},"DataVersion":2586}