{"stats":{"minecraft:killed":{"minecraft:cave_spider":1,"minecraft:witch":1,"kimetsunoyaiba:enmu_tentacle":2,"minecraft:spider":14,"kimetsunoyaiba:yahaba":1,"minecraft:skeleton":42,"kimetsunoyaiba:demon_9":2,"kimetsunoyaiba:temple_demon":4,"kimetsunoyaiba:hand_demon":1,"kimetsunoyaiba:toyosan":1,"kimetsunoyaiba:goldfishbig":2,"kimetsunoyaiba:demon_10":1,"kimetsunoyaiba:demon":87,"minecraft:pig":1,"kimetsunoyaiba:demon_2":19,"kimetsunoyaiba:nezuko":1,"kimetsunoyaiba:demon_4":6,"minecraft:bat":2,"kimetsunoyaiba:boar":3,"kimetsunoyaiba:kyogai":3,"minecraft:creeper":34,"kimetsunoyaiba:spider_demon":1,"minecraft:sheep":2,"minecraft:zombie":38,"kimetsunoyaiba:susamaru":2,"kimetsunoyaiba:demon_3":2,"minecraft:cow":5},"minecraft:dropped":{"croptopia:lettuce_seed":1,"minecraft:porkchop":1,"minecraft:wheat_seeds":2,"minecraft:clock":1,"kimetsunoyaiba:blooddemonart_yahaba":1,"minecraft:ender_pearl":4,"kimetsunoyaiba:muzan_hat_helmet":1,"minecraft:cobblestone":730,"kimetsunoyaiba:dice_steak_head_2":2,"minecraft:leather":1,"minecraft:granite":13,"croptopia:chile_pepper_seed":18,"kimetsunoyaiba:dice_steak_leg":2,"minecraft:cod":9,"minecraft:stick":3,"kimetsunoyaiba:human_flesh_2":8,"kimetsunoyaiba:boar_flesh":34,"minecraft:ink_sac":6,"minecraft:torch":114,"croptopia:lettuce":1,"kimetsunoyaiba:dice_steak_body":1,"kimetsunoyaiba:blooddemonart_kamanue":1,"kimetsunoyaiba:drum":1,"minecraft:string":22,"croptopia:calamari":1,"minecraft:redstone":3,"minecraft:bone":92,"minecraft:gold_ingot":1,"kimetsunoyaiba:d_ice_steak_head_3":1,"minecraft:stone_axe":1,"minecraft:stone_sword":2,"minecraft:rotten_flesh":69,"kimetsunoyaiba:muzanblood":4,"croptopia:greenbean_seed":2,"minecraft:gunpowder":3,"minecraft:andesite":4,"croptopia:roe":1,"minecraft:spider_eye":2,"minecraft:arrow":47,"minecraft:bow":1,"minecraft:stone_pickaxe":2,"minecraft:wooden_pickaxe":2,"kimetsunoyaiba:nichirinsword_water":1,"fh:clan_roll":3},"minecraft:used":{"minecraft:stone_sword":15,"croptopia:calamari":1,"croptopia:starfruit":1,"minecraft:cooked_salmon":10,"minecraft:rotten_flesh":29,"minecraft:torch":212,"minecraft:dirt":4,"croptopia:chile_pepper":10,"minecraft:lava_bucket":2,"kimetsunoyaiba:nichirinswordmoon":21,"kimetsunoyaiba:udon":1,"kimetsunoyaiba:boar_flesh":38,"croptopia:persimmon":1,"minecraft:sweet_berries":3,"minecraft:furnace":6,"croptopia:roe":2,"minecraft:cooked_beef":4,"croptopia:pear":1,"minecraft:cooked_mutton":4,"minecraft:water_bucket":62,"croptopia:lemon":1,"croptopia:apricot":1,"minecraft:stone_pickaxe":34,"minecraft:ender_pearl":1,"minecraft:wooden_pickaxe":12,"kimetsunoyaiba:human_flesh_2":10,"minecraft:sand":2,"minecraft:crafting_table":15,"minecraft:white_bed":1,"minecraft:cod":1,"croptopia:orange":1,"kimetsunoyaiba:futon":10,"minecraft:oak_log":1,"croptopia:plum":1,"croptopia:nectarine":1,"minecraft:string":1,"minecraft:iron_pickaxe":472,"minecraft:stone_axe":27,"minecraft:diamond_sword":167,"minecraft:cobblestone":45,"minecraft:bucket":65,"minecraft:oak_boat":2,"kimetsunoyaiba:nichirinsword_water":317},"minecraft:crafted":{"minecraft:oak_planks":80,"minecraft:furnace":2,"minecraft:cooked_mutton":4,"minecraft:stone_pickaxe":1,"minecraft:chest":1,"sophisticatedbackpacks:iron_backpack":1,"minecraft:cooked_beef":4,"kimetsunoyaiba:uniform_chestplate":1,"minecraft:diamond_sword":1,"sophisticatedbackpacks:backpack":1,"minecraft:crafting_table":5,"minecraft:wooden_pickaxe":1,"minecraft:clock":1,"minecraft:cooked_salmon":10,"minecraft:bucket":1,"minecraft:stone_axe":1,"minecraft:air":0,"minecraft:oak_boat":1,"minecraft:diamond_pickaxe":1,"minecraft:stick":64,"minecraft:iron_ingot":60,"minecraft:iron_pickaxe":2,"minecraft:gold_ingot":5,"minecraft:white_bed":1,"minecraft:torch":192},"minecraft:mined":{"minecraft:diamond_ore":16,"croptopia:greenbean_crop":1,"minecraft:granite":11,"minecraft:grass_block":1,"minecraft:sandstone":1,"kimetsunoyaiba:futon_2":10,"minecraft:spawner":2,"minecraft:large_fern":1,"minecraft:redstone_ore":1,"minecraft:furnace":5,"minecraft:iron_ore":60,"minecraft:andesite":5,"minecraft:stone":318,"minecraft:tripwire":1,"croptopia:lettuce_crop":1,"kimetsunoyaiba:scarlet_ore_block":18,"minecraft:dandelion":1,"minecraft:crafting_table":10,"minecraft:torch":1,"kimetsunoyaiba:udon_block":1,"minecraft:emerald_ore":1,"minecraft:poppy":1,"minecraft:tall_grass":3,"minecraft:cobblestone":4,"minecraft:lapis_ore":4,"minecraft:wall_torch":6,"croptopia:nectarine_crop":2,"croptopia:chile_pepper_crop":10,"minecraft:grass":42,"kimetsunoyaiba:futon":1,"minecraft:coal_ore":66,"minecraft:oak_log":21,"minecraft:sand":2,"minecraft:dirt":14,"minecraft:cobweb":4,"minecraft:gold_ore":5,"minecraft:fern":1},"minecraft:killed_by":{"minecraft:player":2,"kimetsunoyaiba:demon":50,"minecraft:creeper":1,"kimetsunoyaiba:doma":5,"kimetsunoyaiba:akaza":3,"kimetsunoyaiba:yahaba":1,"kimetsunoyaiba:gyokko":1,"kimetsunoyaiba:demon_3":11,"kimetsunoyaiba:daki":3,"kimetsunoyaiba:rui_sister":1,"kimetsunoyaiba:demon_10":3,"kimetsunoyaiba:hairo":2,"kimetsunoyaiba:goldfishbig":10,"minecraft:skeleton":1,"minecraft:zombie":1,"kimetsunoyaiba:gyokko_goldfish":2,"kimetsunoyaiba:rokuro":2,"kimetsunoyaiba:demon_2":29,"kimetsunoyaiba:demon_4":8,"kimetsunoyaiba:shadow_wolf":2,"kimetsunoyaiba:enmu":2,"kimetsunoyaiba:temple_demon":9,"kimetsunoyaiba:susamaru":11,"kimetsunoyaiba:zohakuten":2,"kimetsunoyaiba:demon_9":3,"kimetsunoyaiba:demon_5":1},"minecraft:custom":{"minecraft:mob_kills":355,"minecraft:interact_with_crafting_table":22,"minecraft:open_barrel":3,"minecraft:damage_dealt_resisted":32980,"minecraft:leave_game":5,"minecraft:time_since_death":3780,"minecraft:climb_one_cm":2365,"minecraft:damage_resisted":43383,"minecraft:sprint_one_cm":2247429,"minecraft:walk_one_cm":1115519,"minecraft:drop":183,"minecraft:deaths":177,"minecraft:sneak_time":9652,"minecraft:walk_under_water_one_cm":47849,"minecraft:boat_one_cm":59985,"minecraft:jump":4939,"minecraft:walk_on_water_one_cm":152504,"minecraft:interact_with_furnace":59,"minecraft:play_one_minute":372920,"minecraft:sleep_in_bed":1,"minecraft:time_since_rest":3811,"minecraft:damage_taken":105285,"minecraft:damage_dealt":111284,"minecraft:player_kills":1,"minecraft:swim_one_cm":101004,"minecraft:fly_one_cm":1794555,"minecraft:open_chest":1,"minecraft:crouch_one_cm":20926,"minecraft:fall_one_cm":477835},"minecraft:picked_up":{"kimetsunoyaiba:muzan_hat_helmet":2,"kimetsunoyaiba:futon":11,"minecraft:crafting_table":10,"kimetsunoyaiba:udon":2,"kimetsunoyaiba:scarlet_ironsand":8,"minecraft:wooden_pickaxe":1,"croptopia:calamari":2,"minecraft:string":32,"croptopia:lettuce":1,"kimetsunoyaiba:dice_steak_head_2":2,"croptopia:pear":1,"minecraft:beef":4,"minecraft:oak_boat":2,"minecraft:furnace":5,"minecraft:sandstone":1,"croptopia:greenbean_seed":2,"minecraft:torch":122,"minecraft:porkchop":1,"kimetsunoyaiba:nichirinsword_water":1,"minecraft:redstone":4,"fh:clan_roll":9,"kimetsunoyaiba:d_ice_steak_head_3":1,"minecraft:stone_sword":1,"minecraft:arrow":47,"minecraft:rotten_flesh":98,"croptopia:persimmon":1,"kimetsunoyaiba:boar_flesh":40,"kimetsunoyaiba:demon_hand":7,"minecraft:mutton":4,"minecraft:cod":10,"minecraft:white_wool":3,"minecraft:cobblestone":797,"kimetsunoyaiba:human_flesh_2":20,"croptopia:lettuce_seed":1,"croptopia:nectarine":1,"minecraft:andesite":4,"minecraft:leather":5,"kimetsunoyaiba:blooddemonart_kamanue":1,"minecraft:oak_log":21,"kimetsunoyaiba:dice_steak_leg":2,"minecraft:gunpowder":48,"kimetsunoyaiba:boar_head":1,"minecraft:lapis_lazuli":22,"minecraft:dirt":4,"kimetsunoyaiba:kemari":1,"minecraft:bone":56,"minecraft:bow":1,"minecraft:wheat_seeds":5,"kimetsunoyaiba:scarlet_ore":8,"kimetsunoyaiba:blooddemonart_yahaba":1,"minecraft:iron_ingot":2,"minecraft:stone_pickaxe":1,"minecraft:iron_ore":60,"croptopia:roe":3,"croptopia:chile_pepper_seed":18,"kimetsunoyaiba:muzanblood":11,"croptopia:apricot":1,"croptopia:plum":1,"minecraft:sweet_berries":2,"croptopia:starfruit":1,"minecraft:sand":2,"minecraft:ink_sac":6,"minecraft:gold_ore":9,"minecraft:spider_eye":2,"croptopia:chile_pepper":10,"croptopia:lemon":1,"kimetsunoyaiba:drum_armor_chestplate":1,"minecraft:diamond":16,"kimetsunoyaiba:drum":1,"croptopia:orange":1,"minecraft:granite":13,"kimetsunoyaiba:dice_steak_body":1,"minecraft:coal":83,"minecraft:ender_pearl":7},"minecraft:broken":{"kimetsunoyaiba:uniform_boots":1,"minecraft:iron_boots":1,"minecraft:iron_chestplate":1,"minecraft:iron_leggings":1,"kimetsunoyaiba:uniform_leggings":1,"minecraft:iron_pickaxe":1,"kimetsunoyaiba:uniform_chestplate":1}},"DataVersion":2586}