{"stats":{"minecraft:picked_up":{"kimetsunoyaiba:futon":10,"minecraft:crafting_table":9,"kimetsunoyaiba:udon":2,"minecraft:wooden_pickaxe":1,"kimetsunoyaiba:scarlet_ironsand":8,"croptopia:calamari":2,"minecraft:string":32,"croptopia:lettuce":1,"kimetsunoyaiba:dice_steak_head_2":2,"croptopia:pear":1,"minecraft:beef":4,"minecraft:oak_boat":2,"minecraft:furnace":5,"minecraft:sandstone":1,"croptopia:greenbean_seed":2,"minecraft:torch":122,"minecraft:porkchop":1,"kimetsunoyaiba:nichirinsword_water":1,"minecraft:redstone":4,"fh:clan_roll":9,"minecraft:stone_sword":1,"minecraft:arrow":42,"minecraft:rotten_flesh":81,"croptopia:persimmon":1,"kimetsunoyaiba:boar_flesh":40,"kimetsunoyaiba:demon_hand":4,"minecraft:mutton":4,"minecraft:cod":10,"minecraft:white_wool":3,"minecraft:cobblestone":797,"kimetsunoyaiba:human_flesh_2":7,"croptopia:lettuce_seed":1,"croptopia:nectarine":1,"minecraft:andesite":4,"minecraft:leather":3,"kimetsunoyaiba:blooddemonart_kamanue":1,"minecraft:oak_log":21,"minecraft:gunpowder":48,"kimetsunoyaiba:boar_head":1,"minecraft:lapis_lazuli":22,"minecraft:dirt":4,"kimetsunoyaiba:kemari":1,"minecraft:bone":52,"minecraft:bow":1,"minecraft:wheat_seeds":5,"kimetsunoyaiba:scarlet_ore":8,"kimetsunoyaiba:blooddemonart_yahaba":1,"minecraft:iron_ingot":2,"minecraft:stone_pickaxe":1,"minecraft:iron_ore":60,"croptopia:roe":3,"croptopia:chile_pepper_seed":18,"kimetsunoyaiba:muzanblood":5,"croptopia:apricot":1,"croptopia:plum":1,"minecraft:sweet_berries":2,"croptopia:starfruit":1,"minecraft:sand":2,"minecraft:ink_sac":6,"minecraft:gold_ore":9,"minecraft:spider_eye":2,"croptopia:chile_pepper":10,"croptopia:lemon":1,"minecraft:diamond":16,"kimetsunoyaiba:drum":1,"croptopia:orange":1,"minecraft:granite":13,"kimetsunoyaiba:dice_steak_body":1,"minecraft:coal":83,"minecraft:ender_pearl":7},"minecraft:crafted":{"minecraft:oak_planks":80,"minecraft:furnace":2,"minecraft:cooked_mutton":4,"minecraft:stone_pickaxe":1,"minecraft:cooked_beef":4,"minecraft:diamond_sword":1,"minecraft:crafting_table":4,"minecraft:wooden_pickaxe":1,"minecraft:clock":1,"minecraft:cooked_salmon":10,"minecraft:bucket":1,"minecraft:stone_axe":1,"minecraft:air":0,"minecraft:oak_boat":1,"minecraft:diamond_pickaxe":1,"minecraft:stick":64,"minecraft:iron_ingot":60,"minecraft:iron_pickaxe":2,"minecraft:gold_ingot":5,"minecraft:white_bed":1,"minecraft:torch":192},"minecraft:broken":{"kimetsunoyaiba:uniform_boots":1,"kimetsunoyaiba:uniform_leggings":1,"minecraft:iron_pickaxe":1,"kimetsunoyaiba:uniform_chestplate":1},"minecraft:killed":{"minecraft:cave_spider":1,"minecraft:witch":1,"kimetsunoyaiba:enmu_tentacle":2,"minecraft:spider":14,"kimetsunoyaiba:yahaba":1,"minecraft:skeleton":35,"kimetsunoyaiba:temple_demon":2,"kimetsunoyaiba:hand_demon":1,"kimetsunoyaiba:toyosan":1,"kimetsunoyaiba:goldfishbig":1,"kimetsunoyaiba:demon":48,"minecraft:pig":1,"kimetsunoyaiba:demon_2":11,"kimetsunoyaiba:nezuko":1,"kimetsunoyaiba:demon_4":3,"minecraft:bat":2,"kimetsunoyaiba:boar":3,"kimetsunoyaiba:kyogai":1,"minecraft:creeper":33,"kimetsunoyaiba:spider_demon":1,"minecraft:sheep":2,"minecraft:zombie":33,"kimetsunoyaiba:susamaru":2,"minecraft:cow":3},"minecraft:custom":{"minecraft:mob_kills":257,"minecraft:interact_with_crafting_table":20,"minecraft:open_barrel":3,"minecraft:damage_dealt_resisted":17892,"minecraft:leave_game":3,"minecraft:time_since_death":3223,"minecraft:climb_one_cm":2133,"minecraft:damage_resisted":27289,"minecraft:sprint_one_cm":1808996,"minecraft:walk_one_cm":875363,"minecraft:drop":167,"minecraft:deaths":126,"minecraft:sneak_time":9084,"minecraft:walk_under_water_one_cm":47562,"minecraft:boat_one_cm":59985,"minecraft:jump":4221,"minecraft:walk_on_water_one_cm":142361,"minecraft:interact_with_furnace":59,"minecraft:play_one_minute":318820,"minecraft:sleep_in_bed":1,"minecraft:time_since_rest":3246,"minecraft:damage_taken":69717,"minecraft:damage_dealt":73792,"minecraft:player_kills":1,"minecraft:swim_one_cm":98625,"minecraft:fly_one_cm":1483492,"minecraft:crouch_one_cm":17494,"minecraft:fall_one_cm":399705},"minecraft:dropped":{"croptopia:lettuce_seed":1,"minecraft:porkchop":1,"minecraft:clock":1,"minecraft:wheat_seeds":2,"kimetsunoyaiba:blooddemonart_yahaba":1,"minecraft:ender_pearl":4,"minecraft:cobblestone":730,"kimetsunoyaiba:dice_steak_head_2":2,"minecraft:granite":13,"croptopia:chile_pepper_seed":18,"minecraft:cod":9,"minecraft:stick":3,"kimetsunoyaiba:human_flesh_2":3,"kimetsunoyaiba:boar_flesh":34,"minecraft:ink_sac":6,"minecraft:torch":114,"croptopia:lettuce":1,"kimetsunoyaiba:dice_steak_body":1,"kimetsunoyaiba:blooddemonart_kamanue":1,"kimetsunoyaiba:drum":1,"minecraft:string":22,"croptopia:calamari":1,"minecraft:gold_ingot":1,"minecraft:bone":88,"minecraft:stone_sword":2,"minecraft:rotten_flesh":69,"kimetsunoyaiba:muzanblood":4,"croptopia:greenbean_seed":2,"minecraft:gunpowder":3,"minecraft:andesite":4,"croptopia:roe":1,"minecraft:spider_eye":2,"minecraft:wooden_pickaxe":2,"minecraft:arrow":42,"minecraft:bow":1,"minecraft:stone_pickaxe":2,"kimetsunoyaiba:nichirinsword_water":1,"fh:clan_roll":3},"minecraft:killed_by":{"minecraft:player":2,"kimetsunoyaiba:demon":32,"minecraft:creeper":1,"kimetsunoyaiba:doma":5,"kimetsunoyaiba:akaza":3,"kimetsunoyaiba:yahaba":1,"kimetsunoyaiba:gyokko":1,"kimetsunoyaiba:daki":2,"kimetsunoyaiba:demon_3":9,"kimetsunoyaiba:rui_sister":1,"kimetsunoyaiba:demon_10":2,"kimetsunoyaiba:hairo":2,"kimetsunoyaiba:goldfishbig":3,"minecraft:skeleton":1,"minecraft:zombie":1,"kimetsunoyaiba:gyokko_goldfish":1,"kimetsunoyaiba:rokuro":2,"kimetsunoyaiba:demon_2":20,"kimetsunoyaiba:demon_4":7,"kimetsunoyaiba:shadow_wolf":2,"kimetsunoyaiba:enmu":2,"kimetsunoyaiba:temple_demon":5,"kimetsunoyaiba:susamaru":7,"kimetsunoyaiba:demon_9":3,"kimetsunoyaiba:demon_5":1},"minecraft:used":{"minecraft:stone_sword":15,"croptopia:calamari":1,"croptopia:starfruit":1,"minecraft:cooked_salmon":9,"minecraft:rotten_flesh":12,"minecraft:torch":212,"minecraft:dirt":4,"croptopia:chile_pepper":10,"minecraft:lava_bucket":2,"kimetsunoyaiba:udon":1,"kimetsunoyaiba:boar_flesh":38,"croptopia:persimmon":1,"minecraft:sweet_berries":3,"minecraft:furnace":6,"croptopia:roe":2,"minecraft:cooked_beef":4,"croptopia:pear":1,"minecraft:cooked_mutton":4,"minecraft:water_bucket":62,"croptopia:lemon":1,"minecraft:stone_pickaxe":34,"croptopia:apricot":1,"minecraft:ender_pearl":1,"minecraft:wooden_pickaxe":12,"kimetsunoyaiba:human_flesh_2":4,"minecraft:sand":2,"minecraft:crafting_table":13,"minecraft:white_bed":1,"minecraft:cod":1,"croptopia:orange":1,"croptopia:plum":1,"minecraft:oak_log":1,"croptopia:nectarine":1,"kimetsunoyaiba:futon":9,"minecraft:string":1,"minecraft:iron_pickaxe":472,"minecraft:stone_axe":27,"minecraft:diamond_sword":50,"minecraft:cobblestone":45,"minecraft:bucket":65,"minecraft:oak_boat":2,"kimetsunoyaiba:nichirinsword_water":307},"minecraft:mined":{"minecraft:diamond_ore":16,"croptopia:greenbean_crop":1,"minecraft:granite":11,"minecraft:grass_block":1,"minecraft:sandstone":1,"kimetsunoyaiba:futon_2":9,"minecraft:spawner":2,"minecraft:large_fern":1,"minecraft:redstone_ore":1,"minecraft:furnace":5,"minecraft:iron_ore":60,"minecraft:andesite":5,"minecraft:stone":318,"minecraft:tripwire":1,"croptopia:lettuce_crop":1,"kimetsunoyaiba:scarlet_ore_block":18,"minecraft:dandelion":1,"minecraft:crafting_table":9,"minecraft:torch":1,"kimetsunoyaiba:udon_block":1,"minecraft:emerald_ore":1,"minecraft:poppy":1,"minecraft:tall_grass":3,"minecraft:cobblestone":4,"minecraft:lapis_ore":4,"minecraft:wall_torch":6,"croptopia:nectarine_crop":2,"croptopia:chile_pepper_crop":10,"minecraft:grass":35,"kimetsunoyaiba:futon":1,"minecraft:oak_log":21,"minecraft:coal_ore":66,"minecraft:sand":2,"minecraft:dirt":14,"minecraft:cobweb":4,"minecraft:gold_ore":5,"minecraft:fern":1}},"DataVersion":2586}