{"stats":{"minecraft:picked_up":{"minecraft:crafting_table":9,"minecraft:wooden_pickaxe":1,"kimetsunoyaiba:scarlet_ironsand":8,"croptopia:calamari":2,"minecraft:string":8,"minecraft:beef":4,"minecraft:oak_boat":2,"minecraft:furnace":5,"minecraft:sandstone":1,"croptopia:greenbean_seed":2,"minecraft:torch":122,"minecraft:porkchop":1,"kimetsunoyaiba:nichirinsword_water":1,"minecraft:redstone":4,"fh:clan_roll":1,"minecraft:stone_sword":1,"minecraft:arrow":27,"minecraft:rotten_flesh":63,"kimetsunoyaiba:boar_flesh":40,"kimetsunoyaiba:demon_hand":3,"minecraft:mutton":4,"minecraft:cod":10,"minecraft:white_wool":3,"minecraft:cobblestone":797,"kimetsunoyaiba:human_flesh_2":7,"minecraft:andesite":4,"minecraft:leather":3,"minecraft:oak_log":21,"minecraft:gunpowder":41,"kimetsunoyaiba:boar_head":1,"minecraft:lapis_lazuli":22,"minecraft:dirt":1,"minecraft:bone":43,"minecraft:bow":1,"minecraft:wheat_seeds":5,"kimetsunoyaiba:scarlet_ore":8,"kimetsunoyaiba:blooddemonart_yahaba":1,"minecraft:iron_ingot":1,"minecraft:stone_pickaxe":1,"minecraft:iron_ore":60,"croptopia:roe":3,"kimetsunoyaiba:muzanblood":2,"minecraft:sand":2,"minecraft:ink_sac":6,"minecraft:gold_ore":9,"minecraft:diamond":16,"kimetsunoyaiba:drum":1,"minecraft:granite":13,"minecraft:coal":83,"minecraft:ender_pearl":4},"minecraft:crafted":{"minecraft:oak_planks":80,"minecraft:furnace":2,"minecraft:cooked_mutton":4,"minecraft:stone_pickaxe":1,"minecraft:cooked_beef":4,"minecraft:crafting_table":3,"minecraft:wooden_pickaxe":1,"minecraft:clock":1,"minecraft:bucket":1,"minecraft:stone_axe":1,"minecraft:air":0,"minecraft:oak_boat":1,"minecraft:diamond_pickaxe":1,"minecraft:stick":60,"minecraft:iron_ingot":60,"minecraft:iron_pickaxe":2,"minecraft:gold_ingot":5,"minecraft:white_bed":1,"minecraft:torch":192},"minecraft:broken":{"kimetsunoyaiba:uniform_boots":1,"kimetsunoyaiba:uniform_leggings":1,"minecraft:iron_pickaxe":1,"kimetsunoyaiba:uniform_chestplate":1},"minecraft:killed":{"minecraft:cave_spider":1,"minecraft:spider":3,"minecraft:skeleton":29,"kimetsunoyaiba:goldfishbig":1,"kimetsunoyaiba:demon":26,"minecraft:pig":1,"kimetsunoyaiba:demon_2":6,"kimetsunoyaiba:demon_4":3,"minecraft:bat":2,"kimetsunoyaiba:boar":3,"minecraft:creeper":22,"kimetsunoyaiba:spider_demon":1,"minecraft:sheep":2,"minecraft:zombie":22,"minecraft:cow":3},"minecraft:custom":{"minecraft:mob_kills":161,"minecraft:interact_with_crafting_table":18,"minecraft:damage_dealt_resisted":7903,"minecraft:leave_game":2,"minecraft:time_since_death":113,"minecraft:climb_one_cm":2133,"minecraft:damage_resisted":10972,"minecraft:sprint_one_cm":1235142,"minecraft:walk_one_cm":602741,"minecraft:drop":122,"minecraft:deaths":74,"minecraft:sneak_time":7593,"minecraft:walk_under_water_one_cm":39364,"minecraft:boat_one_cm":59985,"minecraft:jump":2849,"minecraft:walk_on_water_one_cm":114817,"minecraft:interact_with_furnace":54,"minecraft:play_one_minute":225967,"minecraft:sleep_in_bed":1,"minecraft:time_since_rest":141,"minecraft:damage_taken":37675,"minecraft:damage_dealt":36649,"minecraft:swim_one_cm":77338,"minecraft:fly_one_cm":906582,"minecraft:crouch_one_cm":14995,"minecraft:fall_one_cm":233973},"minecraft:dropped":{"minecraft:porkchop":1,"minecraft:clock":1,"minecraft:wheat_seeds":2,"kimetsunoyaiba:blooddemonart_yahaba":1,"minecraft:ender_pearl":2,"minecraft:cobblestone":683,"minecraft:granite":3,"minecraft:cod":9,"kimetsunoyaiba:human_flesh_2":3,"kimetsunoyaiba:boar_flesh":34,"minecraft:ink_sac":6,"minecraft:torch":114,"kimetsunoyaiba:drum":1,"minecraft:string":8,"croptopia:calamari":1,"minecraft:gold_ingot":1,"minecraft:bone":79,"minecraft:stone_sword":2,"minecraft:rotten_flesh":50,"croptopia:greenbean_seed":2,"minecraft:gunpowder":3,"minecraft:andesite":4,"croptopia:roe":1,"minecraft:wooden_pickaxe":2,"minecraft:arrow":27,"minecraft:bow":1,"minecraft:stone_pickaxe":2,"kimetsunoyaiba:nichirinsword_water":1},"minecraft:killed_by":{"kimetsunoyaiba:demon":23,"kimetsunoyaiba:doma":2,"kimetsunoyaiba:akaza":2,"kimetsunoyaiba:yahaba":1,"kimetsunoyaiba:gyokko":1,"kimetsunoyaiba:demon_3":7,"kimetsunoyaiba:rui_sister":1,"kimetsunoyaiba:demon_10":2,"kimetsunoyaiba:hairo":1,"kimetsunoyaiba:goldfishbig":1,"minecraft:skeleton":1,"minecraft:zombie":1,"kimetsunoyaiba:demon_2":11,"kimetsunoyaiba:demon_4":5,"kimetsunoyaiba:temple_demon":5,"kimetsunoyaiba:susamaru":1,"kimetsunoyaiba:demon_9":1,"kimetsunoyaiba:demon_5":1},"minecraft:used":{"minecraft:stone_sword":15,"croptopia:calamari":1,"minecraft:rotten_flesh":8,"minecraft:torch":212,"minecraft:dirt":1,"minecraft:lava_bucket":2,"kimetsunoyaiba:boar_flesh":38,"minecraft:furnace":6,"croptopia:roe":2,"minecraft:cooked_beef":4,"minecraft:cooked_mutton":4,"minecraft:water_bucket":62,"minecraft:stone_pickaxe":34,"minecraft:ender_pearl":1,"minecraft:wooden_pickaxe":12,"kimetsunoyaiba:human_flesh_2":4,"minecraft:sand":2,"minecraft:crafting_table":12,"minecraft:white_bed":1,"minecraft:cod":1,"minecraft:oak_log":1,"minecraft:iron_pickaxe":472,"minecraft:stone_axe":24,"minecraft:cobblestone":45,"minecraft:bucket":65,"minecraft:oak_boat":2,"kimetsunoyaiba:nichirinsword_water":212},"minecraft:mined":{"minecraft:diamond_ore":16,"croptopia:greenbean_crop":1,"minecraft:granite":11,"minecraft:sandstone":1,"minecraft:spawner":2,"minecraft:redstone_ore":1,"minecraft:furnace":5,"minecraft:iron_ore":60,"minecraft:andesite":5,"minecraft:stone":318,"kimetsunoyaiba:scarlet_ore_block":18,"minecraft:crafting_table":9,"minecraft:torch":1,"minecraft:emerald_ore":1,"minecraft:poppy":1,"minecraft:tall_grass":2,"minecraft:cobblestone":4,"minecraft:lapis_ore":4,"minecraft:wall_torch":6,"minecraft:grass":25,"minecraft:oak_log":21,"minecraft:coal_ore":66,"minecraft:sand":2,"minecraft:dirt":10,"minecraft:cobweb":4,"minecraft:gold_ore":5}},"DataVersion":2586}