{"stats":{"minecraft:picked_up":{"minecraft:crafting_table":9,"minecraft:wooden_pickaxe":1,"kimetsunoyaiba:scarlet_ironsand":8,"croptopia:calamari":2,"minecraft:string":7,"minecraft:beef":4,"minecraft:oak_boat":2,"minecraft:furnace":4,"minecraft:sandstone":1,"croptopia:greenbean_seed":2,"minecraft:torch":122,"minecraft:porkchop":1,"kimetsunoyaiba:nichirinsword_water":1,"minecraft:redstone":4,"fh:clan_roll":1,"minecraft:stone_sword":1,"minecraft:arrow":26,"minecraft:rotten_flesh":52,"kimetsunoyaiba:boar_flesh":40,"kimetsunoyaiba:demon_hand":2,"minecraft:mutton":4,"minecraft:cod":10,"minecraft:white_wool":3,"minecraft:cobblestone":358,"kimetsunoyaiba:human_flesh_2":7,"minecraft:andesite":4,"minecraft:leather":3,"minecraft:oak_log":21,"minecraft:gunpowder":35,"kimetsunoyaiba:boar_head":1,"minecraft:dirt":1,"minecraft:bone":37,"minecraft:bow":1,"minecraft:wheat_seeds":4,"kimetsunoyaiba:scarlet_ore":8,"kimetsunoyaiba:blooddemonart_yahaba":1,"minecraft:stone_pickaxe":1,"minecraft:iron_ore":60,"croptopia:roe":3,"kimetsunoyaiba:muzanblood":1,"minecraft:sand":2,"minecraft:ink_sac":6,"minecraft:gold_ore":1,"minecraft:diamond":16,"kimetsunoyaiba:drum":1,"minecraft:granite":3,"minecraft:coal":65,"minecraft:ender_pearl":4},"minecraft:crafted":{"minecraft:oak_planks":80,"minecraft:furnace":1,"minecraft:cooked_mutton":4,"minecraft:stone_pickaxe":1,"minecraft:cooked_beef":4,"minecraft:crafting_table":2,"minecraft:wooden_pickaxe":1,"minecraft:bucket":1,"minecraft:stone_axe":1,"minecraft:air":0,"minecraft:oak_boat":1,"minecraft:diamond_pickaxe":1,"minecraft:stick":56,"minecraft:iron_ingot":60,"minecraft:iron_pickaxe":2,"minecraft:gold_ingot":1,"minecraft:white_bed":1,"minecraft:torch":176},"minecraft:broken":{"kimetsunoyaiba:uniform_boots":1,"kimetsunoyaiba:uniform_leggings":1,"minecraft:iron_pickaxe":1,"kimetsunoyaiba:uniform_chestplate":1},"minecraft:killed":{"minecraft:cave_spider":1,"minecraft:spider":2,"minecraft:skeleton":25,"kimetsunoyaiba:goldfishbig":1,"kimetsunoyaiba:demon":18,"minecraft:pig":1,"kimetsunoyaiba:demon_2":4,"kimetsunoyaiba:demon_4":3,"minecraft:bat":1,"kimetsunoyaiba:boar":3,"minecraft:creeper":19,"kimetsunoyaiba:spider_demon":1,"minecraft:sheep":2,"minecraft:zombie":17,"minecraft:cow":3},"minecraft:custom":{"minecraft:mob_kills":135,"minecraft:interact_with_crafting_table":12,"minecraft:damage_dealt_resisted":6224,"minecraft:leave_game":2,"minecraft:time_since_death":5732,"minecraft:climb_one_cm":2133,"minecraft:damage_resisted":6964,"minecraft:sprint_one_cm":1136990,"minecraft:walk_one_cm":534661,"minecraft:drop":100,"minecraft:deaths":63,"minecraft:sneak_time":5379,"minecraft:walk_under_water_one_cm":22755,"minecraft:boat_one_cm":59985,"minecraft:jump":2478,"minecraft:walk_on_water_one_cm":93501,"minecraft:interact_with_furnace":48,"minecraft:play_one_minute":195967,"minecraft:sleep_in_bed":1,"minecraft:time_since_rest":5793,"minecraft:damage_taken":31828,"minecraft:damage_dealt":30885,"minecraft:swim_one_cm":54434,"minecraft:fly_one_cm":808385,"minecraft:crouch_one_cm":10894,"minecraft:fall_one_cm":194488},"minecraft:dropped":{"minecraft:porkchop":1,"minecraft:wheat_seeds":2,"kimetsunoyaiba:blooddemonart_yahaba":1,"minecraft:ender_pearl":2,"minecraft:cobblestone":273,"minecraft:granite":3,"minecraft:cod":9,"kimetsunoyaiba:human_flesh_2":3,"kimetsunoyaiba:boar_flesh":34,"minecraft:ink_sac":6,"minecraft:torch":113,"kimetsunoyaiba:drum":1,"minecraft:string":1,"croptopia:calamari":1,"minecraft:bone":73,"minecraft:stone_sword":2,"minecraft:rotten_flesh":48,"croptopia:greenbean_seed":2,"minecraft:gunpowder":3,"minecraft:andesite":4,"croptopia:roe":1,"minecraft:wooden_pickaxe":2,"minecraft:arrow":26,"minecraft:bow":1,"minecraft:stone_pickaxe":2,"kimetsunoyaiba:nichirinsword_water":1},"minecraft:killed_by":{"kimetsunoyaiba:demon":18,"kimetsunoyaiba:doma":1,"kimetsunoyaiba:akaza":2,"kimetsunoyaiba:yahaba":1,"kimetsunoyaiba:gyokko":1,"kimetsunoyaiba:demon_3":7,"kimetsunoyaiba:rui_sister":1,"kimetsunoyaiba:demon_10":2,"kimetsunoyaiba:goldfishbig":1,"minecraft:skeleton":1,"minecraft:zombie":1,"kimetsunoyaiba:demon_2":11,"kimetsunoyaiba:demon_4":5,"kimetsunoyaiba:temple_demon":5,"kimetsunoyaiba:susamaru":1,"kimetsunoyaiba:demon_5":1},"minecraft:used":{"minecraft:stone_sword":15,"croptopia:calamari":1,"minecraft:rotten_flesh":4,"minecraft:torch":196,"minecraft:dirt":1,"minecraft:lava_bucket":1,"kimetsunoyaiba:boar_flesh":38,"minecraft:furnace":4,"croptopia:roe":2,"minecraft:cooked_beef":3,"minecraft:cooked_mutton":1,"minecraft:water_bucket":41,"minecraft:stone_pickaxe":34,"minecraft:ender_pearl":1,"minecraft:wooden_pickaxe":12,"kimetsunoyaiba:human_flesh_2":4,"minecraft:sand":2,"minecraft:crafting_table":10,"minecraft:white_bed":1,"minecraft:cod":1,"minecraft:oak_log":1,"minecraft:iron_pickaxe":281,"minecraft:stone_axe":24,"minecraft:cobblestone":25,"minecraft:bucket":43,"minecraft:oak_boat":2,"kimetsunoyaiba:nichirinsword_water":188},"minecraft:mined":{"minecraft:diamond_ore":16,"croptopia:greenbean_crop":1,"minecraft:granite":1,"minecraft:sandstone":1,"minecraft:spawner":2,"minecraft:redstone_ore":1,"minecraft:furnace":4,"minecraft:iron_ore":60,"minecraft:andesite":4,"minecraft:stone":158,"kimetsunoyaiba:scarlet_ore_block":18,"minecraft:crafting_table":9,"minecraft:torch":1,"minecraft:poppy":1,"minecraft:tall_grass":2,"minecraft:cobblestone":1,"minecraft:wall_torch":6,"minecraft:grass":17,"minecraft:oak_log":21,"minecraft:coal_ore":59,"minecraft:sand":2,"minecraft:dirt":1,"minecraft:cobweb":4,"minecraft:gold_ore":1}},"DataVersion":2586}