{"stats":{"minecraft:used":{"minecraft:stone_sword":13,"minecraft:stone_pickaxe":34,"croptopia:calamari":1,"minecraft:wooden_pickaxe":12,"minecraft:torch":8,"minecraft:dirt":1,"minecraft:sand":2,"minecraft:crafting_table":7,"minecraft:cod":1,"minecraft:oak_log":1,"minecraft:lava_bucket":1,"kimetsunoyaiba:boar_flesh":11,"minecraft:stone_axe":22,"minecraft:furnace":1,"croptopia:roe":2,"minecraft:bucket":2,"minecraft:oak_boat":2,"kimetsunoyaiba:nichirinsword_water":54},"minecraft:crafted":{"minecraft:oak_planks":24,"minecraft:crafting_table":1,"minecraft:wooden_pickaxe":1,"minecraft:furnace":1,"minecraft:bucket":1,"minecraft:stone_axe":1,"minecraft:air":0,"minecraft:oak_boat":1,"minecraft:stick":12,"minecraft:iron_ingot":8,"minecraft:iron_pickaxe":1,"minecraft:stone_pickaxe":1,"minecraft:torch":8},"minecraft:killed":{"minecraft:pig":1,"kimetsunoyaiba:demon_2":2,"kimetsunoyaiba:demon_4":2,"minecraft:creeper":2,"minecraft:sheep":2,"minecraft:skeleton":4,"minecraft:zombie":6,"minecraft:cow":3},"minecraft:mined":{"minecraft:crafting_table":7,"minecraft:tall_grass":2,"minecraft:sandstone":1,"minecraft:wall_torch":2,"minecraft:furnace":1,"minecraft:iron_ore":8,"minecraft:grass":4,"minecraft:oak_log":21,"minecraft:coal_ore":21,"minecraft:dirt":1,"minecraft:sand":2,"minecraft:stone":14},"minecraft:picked_up":{"kimetsunoyaiba:human_flesh_2":2,"minecraft:crafting_table":7,"minecraft:leather":3,"minecraft:wooden_pickaxe":1,"croptopia:calamari":2,"minecraft:oak_log":21,"minecraft:gunpowder":2,"minecraft:dirt":1,"minecraft:string":1,"minecraft:bone":11,"minecraft:beef":4,"minecraft:iron_ore":8,"minecraft:oak_boat":2,"croptopia:roe":3,"minecraft:furnace":1,"minecraft:sandstone":1,"minecraft:torch":4,"minecraft:porkchop":1,"minecraft:sand":2,"minecraft:ink_sac":6,"minecraft:arrow":12,"minecraft:rotten_flesh":6,"kimetsunoyaiba:demon_hand":1,"minecraft:mutton":4,"minecraft:coal":27,"minecraft:cod":10,"minecraft:white_wool":3,"minecraft:cobblestone":14,"minecraft:ender_pearl":1},"minecraft:dropped":{"minecraft:cod":9,"minecraft:gunpowder":2,"minecraft:ink_sac":6,"minecraft:torch":2,"croptopia:roe":1,"minecraft:arrow":12,"minecraft:wooden_pickaxe":2,"croptopia:calamari":1},"minecraft:custom":{"minecraft:interact_with_furnace":6,"minecraft:mob_kills":30,"minecraft:interact_with_crafting_table":8,"minecraft:play_one_minute":46872,"minecraft:damage_dealt_resisted":1340,"minecraft:time_since_death":1429,"minecraft:damage_resisted":1073,"minecraft:time_since_rest":1457,"minecraft:sprint_one_cm":228057,"minecraft:damage_taken":6219,"minecraft:walk_one_cm":96405,"minecraft:drop":14,"minecraft:damage_dealt":6502,"minecraft:swim_one_cm":34357,"minecraft:fly_one_cm":161260,"minecraft:crouch_one_cm":2193,"minecraft:deaths":16,"minecraft:sneak_time":707,"minecraft:walk_under_water_one_cm":13424,"minecraft:boat_one_cm":59985,"minecraft:jump":543,"minecraft:walk_on_water_one_cm":28467,"minecraft:fall_one_cm":22819},"minecraft:killed_by":{"kimetsunoyaiba:demon_10":1,"kimetsunoyaiba:demon":4,"minecraft:skeleton":1,"kimetsunoyaiba:demon_2":4,"kimetsunoyaiba:temple_demon":2,"kimetsunoyaiba:yahaba":1,"kimetsunoyaiba:demon_5":1}},"DataVersion":2586}