{"stats":{"minecraft:used":{"kimetsunoyaiba:boar_flesh":1},"minecraft:picked_up":{"minecraft:bone":1},"minecraft:dropped":{"kimetsunoyaiba:nichirinsword_tokito":1,"fh:clan_roll":22,"kimetsunoyaiba:boar_flesh":17,"fh:tokito_clan_item":1,"minecraft:bone":1},"minecraft:custom":{"minecraft:jump":36,"minecraft:time_since_rest":24976,"minecraft:deaths":1,"minecraft:play_one_minute":40937,"minecraft:walk_on_water_one_cm":383,"minecraft:damage_taken":340,"minecraft:sprint_one_cm":11308,"minecraft:time_since_death":24949,"minecraft:walk_one_cm":27638,"minecraft:sneak_time":30,"minecraft:walk_under_water_one_cm":260,"minecraft:damage_resisted":3,"minecraft:fall_one_cm":642,"minecraft:drop":6,"minecraft:fly_one_cm":44707},"minecraft:killed_by":{"kimetsunoyaiba:demon":1}},"DataVersion":2586}