{"stats":{"minecraft:killed":{"kimetsunoyaiba:demon":26,"kimetsunoyaiba:zohakuten":1,"kimetsunoyaiba:kanawo":1,"minecraft:pig":1,"kimetsunoyaiba:demon_2":4,"minecraft:spider":1,"minecraft:creeper":1,"kimetsunoyaiba:kaigaku_human":1,"minecraft:phantom":1,"kimetsunoyaiba:zenitsu":1,"kimetsunoyaiba:kamanue":1,"kimetsunoyaiba:demon_9":1,"kimetsunoyaiba:gyokko_2":2,"kimetsunoyaiba:hand_demon":1,"minecraft:zombie":6,"kimetsunoyaiba:muscular_mouse":1},"minecraft:dropped":{"kimetsunoyaiba:sabito_mask_helmet":1,"kimetsunoyaiba:clothes_kokushibo_chestplate":1,"kimetsunoyaiba:uniform_boots":2,"kimetsunoyaiba:muzanblood":9,"kimetsunoyaiba:sword_kokushibo_1":1,"kimetsunoyaiba:uniform_leggings":2,"kimetsunoyaiba:kokushibo_tentacles_chestplate":1,"minecraft:stone":1,"minecraft:gunpowder":2,"kimetsunoyaiba:boar_flesh":17,"fh:tokito_clan_item":1,"kimetsunoyaiba:nichirinsword_tokito":1,"fh:tsugikuni_clan_item":1,"kimetsunoyaiba:uniform_tanjiro_chestplate":2,"kimetsunoyaiba:nichirinsword_flame":1,"minecraft:string":1,"fh:clan_roll":22,"kimetsunoyaiba:nichirinsword_shinazugawa":1,"minecraft:bone":5},"minecraft:used":{"kimetsunoyaiba:nichirinsword_shinazugawa":202,"minecraft:stone":65,"kimetsunoyaiba:gyokko_spawn_egg":2,"kimetsunoyaiba:demon_2_spawn_egg":2,"kimetsunoyaiba:demon_spawn_egg":117,"kimetsunoyaiba:boar_flesh":9},"minecraft:mined":{"minecraft:grass_block":1,"minecraft:tall_grass":8,"minecraft:grass":9},"minecraft:killed_by":{"kimetsunoyaiba:demon_10":2,"kimetsunoyaiba:demon":4,"kimetsunoyaiba:rokuro":1,"kimetsunoyaiba:demon_2":1,"kimetsunoyaiba:zenitsu":1,"kimetsunoyaiba:kamanue":1},"minecraft:custom":{"minecraft:mob_kills":73,"minecraft:interact_with_crafting_table":2,"minecraft:play_one_minute":259688,"minecraft:damage_dealt_resisted":29312,"minecraft:leave_game":1,"minecraft:time_since_death":1310,"minecraft:damage_resisted":4705,"minecraft:climb_one_cm":48,"minecraft:time_since_rest":1601,"minecraft:sprint_one_cm":159845,"minecraft:damage_taken":6232,"minecraft:walk_one_cm":289731,"minecraft:drop":28,"minecraft:damage_dealt":25873,"minecraft:swim_one_cm":860,"minecraft:fly_one_cm":787844,"minecraft:player_kills":1,"minecraft:open_chest":5,"minecraft:crouch_one_cm":1487,"minecraft:deaths":10,"minecraft:sneak_time":1463,"minecraft:walk_under_water_one_cm":7815,"minecraft:jump":733,"minecraft:walk_on_water_one_cm":19164,"minecraft:fall_one_cm":36639},"minecraft:picked_up":{"kimetsunoyaiba:human_flesh_2":3,"kimetsunoyaiba:blooddemonart_zohakuten":1,"minecraft:feather":2,"minecraft:chicken":3,"kimetsunoyaiba:nichirinsword_flame":1,"kimetsunoyaiba:blooddemonart_kamanue":1,"croptopia:calamari":3,"minecraft:gunpowder":4,"kimetsunoyaiba:uniform_chestplate":1,"minecraft:string":8,"minecraft:bone":6,"minecraft:wheat_seeds":2,"kimetsunoyaiba:blooddemonart_gyokko":3,"kimetsunoyaiba:nichirinsword_shinazugawa":1,"croptopia:roe":1,"minecraft:phantom_membrane":1,"kimetsunoyaiba:muzanblood":17,"minecraft:porkchop":5,"minecraft:ink_sac":3,"minecraft:arrow":9,"minecraft:rotten_flesh":15,"kimetsunoyaiba:demon_hand":5}},"DataVersion":2586}