{"stats":{"minecraft:killed":{"kimetsunoyaiba:demon":23,"kimetsunoyaiba:zohakuten":1,"kimetsunoyaiba:zenitsu":1,"kimetsunoyaiba:demon_9":1,"kimetsunoyaiba:gyokko_2":2,"kimetsunoyaiba:hand_demon":1,"minecraft:zombie":4,"kimetsunoyaiba:muscular_mouse":1,"kimetsunoyaiba:demon_2":4,"minecraft:spider":1,"kimetsunoyaiba:kaigaku_human":1,"minecraft:phantom":1},"minecraft:dropped":{"kimetsunoyaiba:kokushibo_tentacles_chestplate":1,"fh:tokito_clan_item":1,"minecraft:gunpowder":2,"kimetsunoyaiba:boar_flesh":17,"kimetsunoyaiba:clothes_kokushibo_chestplate":1,"kimetsunoyaiba:nichirinsword_tokito":1,"fh:tsugikuni_clan_item":1,"kimetsunoyaiba:muzanblood":9,"kimetsunoyaiba:nichirinsword_flame":1,"minecraft:string":1,"fh:clan_roll":22,"kimetsunoyaiba:sword_kokushibo_1":1,"kimetsunoyaiba:nichirinsword_shinazugawa":1,"minecraft:bone":5},"minecraft:used":{"kimetsunoyaiba:demon_2_spawn_egg":2,"kimetsunoyaiba:demon_spawn_egg":117,"kimetsunoyaiba:nichirinsword_shinazugawa":161,"kimetsunoyaiba:boar_flesh":4,"kimetsunoyaiba:gyokko_spawn_egg":2},"minecraft:mined":{"minecraft:grass":3,"minecraft:grass_block":1},"minecraft:killed_by":{"kimetsunoyaiba:zenitsu":1,"kimetsunoyaiba:demon_10":2,"kimetsunoyaiba:kamanue":1,"kimetsunoyaiba:demon":3,"kimetsunoyaiba:rokuro":1},"minecraft:custom":{"minecraft:time_since_rest":33259,"minecraft:sprint_one_cm":108225,"minecraft:damage_taken":4914,"minecraft:walk_one_cm":177512,"minecraft:mob_kills":60,"minecraft:drop":20,"minecraft:damage_dealt":20690,"minecraft:interact_with_crafting_table":2,"minecraft:swim_one_cm":860,"minecraft:fly_one_cm":591674,"minecraft:open_chest":3,"minecraft:play_one_minute":193688,"minecraft:crouch_one_cm":1066,"minecraft:deaths":8,"minecraft:sneak_time":1143,"minecraft:walk_under_water_one_cm":7501,"minecraft:damage_dealt_resisted":24618,"minecraft:jump":445,"minecraft:leave_game":1,"minecraft:time_since_death":33224,"minecraft:walk_on_water_one_cm":17949,"minecraft:climb_one_cm":48,"minecraft:damage_resisted":3776,"minecraft:fall_one_cm":26161},"minecraft:picked_up":{"kimetsunoyaiba:human_flesh_2":3,"kimetsunoyaiba:nichirinsword_flame":1,"kimetsunoyaiba:blooddemonart_zohakuten":1,"kimetsunoyaiba:muzanblood":17,"minecraft:feather":2,"minecraft:chicken":3,"kimetsunoyaiba:blooddemonart_kamanue":1,"croptopia:calamari":3,"minecraft:ink_sac":3,"minecraft:gunpowder":4,"kimetsunoyaiba:uniform_chestplate":1,"minecraft:string":4,"minecraft:bone":3,"minecraft:arrow":3,"minecraft:rotten_flesh":10,"kimetsunoyaiba:nichirinsword_shinazugawa":1,"kimetsunoyaiba:blooddemonart_gyokko":3,"kimetsunoyaiba:demon_hand":4,"croptopia:roe":1,"minecraft:phantom_membrane":1}},"DataVersion":2586}