{"stats":{"minecraft:killed":{"kimetsunoyaiba:demon":29,"kimetsunoyaiba:zohakuten":1,"kimetsunoyaiba:kanawo":1,"minecraft:pig":1,"kimetsunoyaiba:demon_2":6,"minecraft:zombie_villager":1,"kimetsunoyaiba:blood_demon_art_genya_tree":1,"minecraft:spider":1,"minecraft:creeper":3,"kimetsunoyaiba:kaigaku_human":1,"minecraft:phantom":1,"minecraft:skeleton":1,"kimetsunoyaiba:zenitsu":1,"kimetsunoyaiba:kamanue":1,"kimetsunoyaiba:demon_9":2,"kimetsunoyaiba:gyokko_2":2,"kimetsunoyaiba:hand_demon":1,"minecraft:zombie":6,"kimetsunoyaiba:muscular_mouse":1},"minecraft:dropped":{"kimetsunoyaiba:sabito_mask_helmet":1,"kimetsunoyaiba:clothes_kokushibo_chestplate":1,"kimetsunoyaiba:uniform_boots":2,"kimetsunoyaiba:muzanblood":9,"kimetsunoyaiba:sword_kokushibo_1":1,"kimetsunoyaiba:uniform_leggings":2,"kimetsunoyaiba:kokushibo_tentacles_chestplate":1,"minecraft:stone":1,"minecraft:gunpowder":2,"kimetsunoyaiba:boar_flesh":18,"fh:tokito_clan_item":1,"kimetsunoyaiba:nichirinsword_tokito":1,"fh:tsugikuni_clan_item":1,"kimetsunoyaiba:uniform_tanjiro_chestplate":2,"kimetsunoyaiba:nichirinsword_flame":1,"kimetsunoyaiba:drum":1,"minecraft:string":1,"fh:clan_roll":22,"kimetsunoyaiba:nichirinsword_shinazugawa":1,"minecraft:bone":5},"minecraft:used":{"kimetsunoyaiba:nichirinsword_shinazugawa":221,"minecraft:ender_pearl":1,"minecraft:stone":65,"kimetsunoyaiba:gyokko_spawn_egg":2,"kimetsunoyaiba:demon_2_spawn_egg":2,"kimetsunoyaiba:demon_spawn_egg":117,"kimetsunoyaiba:boar_flesh":17},"minecraft:mined":{"minecraft:grass_block":1,"minecraft:tall_grass":8,"minecraft:large_fern":1,"minecraft:grass":9},"minecraft:killed_by":{"kimetsunoyaiba:demon_10":2,"minecraft:player":1,"kimetsunoyaiba:goldfishbig":1,"kimetsunoyaiba:demon":4,"kimetsunoyaiba:tanjiro_demon":2,"kimetsunoyaiba:rokuro":1,"kimetsunoyaiba:demon_2":3,"kimetsunoyaiba:zenitsu":1,"kimetsunoyaiba:kamanue":1,"kimetsunoyaiba:hantengu_urogi":1},"minecraft:custom":{"minecraft:mob_kills":87,"minecraft:interact_with_crafting_table":2,"minecraft:play_one_minute":283688,"minecraft:damage_dealt_resisted":30386,"minecraft:leave_game":1,"minecraft:time_since_death":814,"minecraft:damage_resisted":13959,"minecraft:climb_one_cm":48,"minecraft:time_since_rest":846,"minecraft:sprint_one_cm":224284,"minecraft:damage_taken":12322,"minecraft:walk_one_cm":381847,"minecraft:drop":30,"minecraft:damage_dealt":31582,"minecraft:swim_one_cm":2274,"minecraft:fly_one_cm":943612,"minecraft:player_kills":1,"minecraft:open_chest":5,"minecraft:crouch_one_cm":4490,"minecraft:deaths":18,"minecraft:sneak_time":1976,"minecraft:walk_under_water_one_cm":8944,"minecraft:jump":1109,"minecraft:walk_on_water_one_cm":23055,"minecraft:fall_one_cm":86120},"minecraft:picked_up":{"kimetsunoyaiba:human_flesh_2":3,"kimetsunoyaiba:blooddemonart_zohakuten":1,"minecraft:azure_bluet":1,"minecraft:feather":2,"minecraft:chicken":3,"kimetsunoyaiba:nichirinsword_flame":1,"kimetsunoyaiba:blooddemonart_kamanue":1,"croptopia:calamari":3,"minecraft:gunpowder":6,"kimetsunoyaiba:uniform_chestplate":1,"minecraft:dirt":5,"minecraft:string":9,"minecraft:bone":8,"minecraft:wheat_seeds":3,"kimetsunoyaiba:blooddemonart_gyokko":3,"kimetsunoyaiba:nichirinsword_shinazugawa":1,"croptopia:roe":1,"minecraft:phantom_membrane":1,"kimetsunoyaiba:muzanblood":18,"minecraft:porkchop":5,"minecraft:ink_sac":3,"minecraft:arrow":10,"minecraft:rotten_flesh":16,"kimetsunoyaiba:drum":1,"kimetsunoyaiba:demon_hand":5,"minecraft:white_wool":1,"minecraft:ender_pearl":1}},"DataVersion":2586}