{"stats":{"minecraft:used":{"kimetsunoyaiba:demon_2_spawn_egg":2,"kimetsunoyaiba:demon_spawn_egg":36,"kimetsunoyaiba:nichirinsword_shinazugawa":35,"kimetsunoyaiba:boar_flesh":2},"minecraft:killed":{"kimetsunoyaiba:demon":6,"kimetsunoyaiba:zenitsu":1,"kimetsunoyaiba:demon_2":1},"minecraft:mined":{"minecraft:grass":1},"minecraft:picked_up":{"croptopia:calamari":3,"minecraft:ink_sac":3,"minecraft:gunpowder":3,"minecraft:string":1,"minecraft:bone":2,"minecraft:arrow":1,"kimetsunoyaiba:nichirinsword_shinazugawa":1,"kimetsunoyaiba:demon_hand":2,"croptopia:roe":1},"minecraft:dropped":{"fh:tokito_clan_item":1,"minecraft:gunpowder":2,"kimetsunoyaiba:boar_flesh":17,"kimetsunoyaiba:nichirinsword_tokito":1,"minecraft:string":1,"fh:clan_roll":22,"kimetsunoyaiba:nichirinsword_shinazugawa":1,"minecraft:bone":2},"minecraft:custom":{"minecraft:time_since_rest":9717,"minecraft:sprint_one_cm":34745,"minecraft:damage_taken":3387,"minecraft:walk_one_cm":77198,"minecraft:mob_kills":16,"minecraft:drop":11,"minecraft:damage_dealt":5307,"minecraft:swim_one_cm":860,"minecraft:fly_one_cm":184410,"minecraft:play_one_minute":64937,"minecraft:crouch_one_cm":185,"minecraft:deaths":6,"minecraft:sneak_time":432,"minecraft:walk_under_water_one_cm":7501,"minecraft:jump":201,"minecraft:damage_dealt_resisted":2791,"minecraft:walk_on_water_one_cm":13404,"minecraft:time_since_death":9687,"minecraft:damage_resisted":3394,"minecraft:fall_one_cm":21789},"minecraft:killed_by":{"kimetsunoyaiba:zenitsu":1,"kimetsunoyaiba:kamanue":1,"kimetsunoyaiba:demon":3,"kimetsunoyaiba:rokuro":1}},"DataVersion":2586}