{"stats":{"minecraft:picked_up":{"kimetsunoyaiba:blooddemonart_rui":1,"kimetsunoyaiba:dice_steak_head_2":1,"kimetsunoyaiba:muzanblood":1,"kimetsunoyaiba:dice_steak_head_1":1,"kimetsunoyaiba:dice_steak_body":1,"kimetsunoyaiba:dice_steak_arm":2,"kimetsunoyaiba:dice_steak_head_4":1},"minecraft:used":{"kimetsunoyaiba:nichirinsword_wind":6,"kimetsunoyaiba:rui_spawn_egg":1,"kimetsunoyaiba:kaigaku_human_spawn_egg":1},"minecraft:killed":{"kimetsunoyaiba:demon":1,"kimetsunoyaiba:rui":1},"minecraft:custom":{"minecraft:time_since_rest":114816,"minecraft:crouch_one_cm":17,"minecraft:play_one_minute":114816,"minecraft:sprint_one_cm":5888,"minecraft:walk_one_cm":55510,"minecraft:damage_taken":60,"minecraft:sneak_time":9,"minecraft:walk_under_water_one_cm":70,"minecraft:mob_kills":4,"minecraft:damage_dealt_resisted":24509,"minecraft:jump":76,"minecraft:damage_dealt":3124,"minecraft:leave_game":3,"minecraft:walk_on_water_one_cm":5070,"minecraft:time_since_death":114816,"minecraft:fall_one_cm":1122,"minecraft:fly_one_cm":28794}},"DataVersion":2586}