{"stats":{"minecraft:used":{"kimetsunoyaiba:demon_2_spawn_egg":2,"kimetsunoyaiba:demon_spawn_egg":55,"kimetsunoyaiba:nichirinsword_shinazugawa":147,"kimetsunoyaiba:boar_flesh":2,"kimetsunoyaiba:gyokko_spawn_egg":2},"minecraft:killed":{"kimetsunoyaiba:zohakuten":1,"kimetsunoyaiba:demon":21,"kimetsunoyaiba:zenitsu":1,"kimetsunoyaiba:gyokko_2":2,"kimetsunoyaiba:hand_demon":1,"minecraft:zombie":1,"kimetsunoyaiba:muscular_mouse":1,"kimetsunoyaiba:demon_2":4,"minecraft:spider":1,"kimetsunoyaiba:kaigaku_human":1},"minecraft:mined":{"minecraft:grass":1},"minecraft:picked_up":{"kimetsunoyaiba:human_flesh_2":3,"kimetsunoyaiba:blooddemonart_zohakuten":1,"kimetsunoyaiba:muzanblood":17,"minecraft:feather":2,"minecraft:chicken":3,"kimetsunoyaiba:blooddemonart_kamanue":1,"croptopia:calamari":3,"minecraft:ink_sac":3,"minecraft:gunpowder":3,"kimetsunoyaiba:uniform_chestplate":1,"minecraft:string":3,"minecraft:bone":3,"minecraft:arrow":1,"minecraft:rotten_flesh":2,"kimetsunoyaiba:blooddemonart_gyokko":3,"kimetsunoyaiba:nichirinsword_shinazugawa":1,"kimetsunoyaiba:demon_hand":4,"croptopia:roe":1},"minecraft:dropped":{"fh:tokito_clan_item":1,"minecraft:gunpowder":2,"kimetsunoyaiba:boar_flesh":17,"kimetsunoyaiba:nichirinsword_tokito":1,"fh:tsugikuni_clan_item":1,"kimetsunoyaiba:muzanblood":9,"kimetsunoyaiba:sword_kokushibo_1":1,"minecraft:string":1,"fh:clan_roll":22,"kimetsunoyaiba:nichirinsword_shinazugawa":1,"minecraft:bone":2},"minecraft:custom":{"minecraft:time_since_rest":81717,"minecraft:sprint_one_cm":89056,"minecraft:damage_taken":3387,"minecraft:walk_one_cm":134612,"minecraft:mob_kills":49,"minecraft:drop":14,"minecraft:damage_dealt":18782,"minecraft:swim_one_cm":860,"minecraft:fly_one_cm":486265,"minecraft:play_one_minute":136937,"minecraft:crouch_one_cm":967,"minecraft:deaths":6,"minecraft:sneak_time":892,"minecraft:walk_under_water_one_cm":7501,"minecraft:jump":354,"minecraft:damage_dealt_resisted":23835,"minecraft:walk_on_water_one_cm":17736,"minecraft:time_since_death":81687,"minecraft:climb_one_cm":48,"minecraft:damage_resisted":3394,"minecraft:fall_one_cm":21789},"minecraft:killed_by":{"kimetsunoyaiba:zenitsu":1,"kimetsunoyaiba:kamanue":1,"kimetsunoyaiba:demon":3,"kimetsunoyaiba:rokuro":1}},"DataVersion":2586}