{"stats":{"minecraft:used":{"kimetsunoyaiba:demon_2_spawn_egg":2,"kimetsunoyaiba:demon_spawn_egg":50,"kimetsunoyaiba:nichirinsword_shinazugawa":106,"kimetsunoyaiba:boar_flesh":2,"kimetsunoyaiba:gyokko_spawn_egg":2},"minecraft:killed":{"kimetsunoyaiba:demon":13,"kimetsunoyaiba:zenitsu":1,"kimetsunoyaiba:gyokko_2":2,"kimetsunoyaiba:demon_2":1,"minecraft:spider":1},"minecraft:mined":{"minecraft:grass":1},"minecraft:picked_up":{"kimetsunoyaiba:muzanblood":12,"minecraft:feather":2,"minecraft:chicken":3,"croptopia:calamari":3,"minecraft:ink_sac":3,"minecraft:gunpowder":3,"minecraft:string":3,"minecraft:bone":2,"minecraft:arrow":1,"kimetsunoyaiba:blooddemonart_gyokko":3,"kimetsunoyaiba:nichirinsword_shinazugawa":1,"kimetsunoyaiba:demon_hand":2,"croptopia:roe":1},"minecraft:dropped":{"fh:tokito_clan_item":1,"minecraft:gunpowder":2,"kimetsunoyaiba:boar_flesh":17,"kimetsunoyaiba:nichirinsword_tokito":1,"minecraft:string":1,"fh:clan_roll":22,"kimetsunoyaiba:nichirinsword_shinazugawa":1,"minecraft:bone":2},"minecraft:custom":{"minecraft:time_since_rest":21717,"minecraft:sprint_one_cm":42152,"minecraft:damage_taken":3387,"minecraft:walk_one_cm":97780,"minecraft:mob_kills":33,"minecraft:drop":11,"minecraft:damage_dealt":11698,"minecraft:swim_one_cm":860,"minecraft:fly_one_cm":256440,"minecraft:play_one_minute":76937,"minecraft:crouch_one_cm":870,"minecraft:deaths":6,"minecraft:sneak_time":601,"minecraft:walk_under_water_one_cm":7501,"minecraft:jump":266,"minecraft:damage_dealt_resisted":17706,"minecraft:walk_on_water_one_cm":17589,"minecraft:time_since_death":21687,"minecraft:climb_one_cm":48,"minecraft:damage_resisted":3394,"minecraft:fall_one_cm":21789},"minecraft:killed_by":{"kimetsunoyaiba:zenitsu":1,"kimetsunoyaiba:kamanue":1,"kimetsunoyaiba:demon":3,"kimetsunoyaiba:rokuro":1}},"DataVersion":2586}