{"stats":{"minecraft:mined":{"minecraft:grass_block":1,"minecraft:tall_grass":8,"minecraft:large_fern":1,"minecraft:grass":9},"minecraft:dropped":{"kimetsunoyaiba:sabito_mask_helmet":1,"kimetsunoyaiba:blooddemonart_demon_king":1,"kimetsunoyaiba:clothes_kokushibo_chestplate":1,"kimetsunoyaiba:uniform_chestplate":1,"kimetsunoyaiba:uniform_boots":3,"kimetsunoyaiba:muzanblood":9,"kimetsunoyaiba:sword_kokushibo_1":1,"kimetsunoyaiba:uniform_leggings":2,"kimetsunoyaiba:nichirinsword_wind":1,"kimetsunoyaiba:kokushibo_tentacles_chestplate":1,"minecraft:stone":1,"minecraft:gunpowder":2,"kimetsunoyaiba:boar_flesh":18,"fh:tokito_clan_item":1,"kimetsunoyaiba:nichirinsword_tokito":1,"fh:tsugikuni_clan_item":1,"kimetsunoyaiba:uniform_tanjiro_chestplate":2,"kimetsunoyaiba:nichirinsword_flame":1,"kimetsunoyaiba:drum":1,"minecraft:string":1,"fh:clan_roll":42,"kimetsunoyaiba:clothes_yorichi_leggings":1,"kimetsunoyaiba:nichirinsword_shinazugawa":2,"minecraft:bone":5},"minecraft:killed":{"kimetsunoyaiba:demon":40,"kimetsunoyaiba:zohakuten":1,"kimetsunoyaiba:kanawo":1,"minecraft:pig":1,"kimetsunoyaiba:demon_2":6,"minecraft:zombie_villager":1,"kimetsunoyaiba:blood_demon_art_genya_tree":1,"minecraft:spider":1,"minecraft:creeper":3,"kimetsunoyaiba:kaigaku_human":1,"minecraft:phantom":1,"minecraft:skeleton":1,"kimetsunoyaiba:zenitsu":1,"kimetsunoyaiba:kamanue":2,"kimetsunoyaiba:demon_9":2,"kimetsunoyaiba:gyokko_2":2,"kimetsunoyaiba:hand_demon":1,"minecraft:zombie":7,"kimetsunoyaiba:muscular_mouse":1,"kimetsunoyaiba:yorichi_0":1},"minecraft:custom":{"minecraft:mob_kills":105,"minecraft:interact_with_crafting_table":2,"minecraft:play_one_minute":355672,"minecraft:damage_dealt_resisted":34887,"minecraft:leave_game":4,"minecraft:time_since_death":43756,"minecraft:climb_one_cm":48,"minecraft:damage_resisted":14902,"minecraft:time_since_rest":43783,"minecraft:sprint_one_cm":276233,"minecraft:damage_taken":14861,"minecraft:walk_one_cm":448214,"minecraft:drop":47,"minecraft:damage_dealt":38004,"minecraft:swim_one_cm":2274,"minecraft:fly_one_cm":1359484,"minecraft:player_kills":2,"minecraft:open_chest":6,"minecraft:crouch_one_cm":4949,"minecraft:deaths":23,"minecraft:sneak_time":3013,"minecraft:walk_under_water_one_cm":12124,"minecraft:jump":1383,"minecraft:walk_on_water_one_cm":31736,"minecraft:fall_one_cm":103503},"minecraft:picked_up":{"kimetsunoyaiba:human_flesh_2":3,"kimetsunoyaiba:blooddemonart_zohakuten":1,"minecraft:azure_bluet":1,"minecraft:feather":2,"kimetsunoyaiba:nichirinsword_flame":1,"minecraft:chicken":3,"kimetsunoyaiba:blooddemonart_kamanue":2,"croptopia:calamari":3,"minecraft:gunpowder":6,"kimetsunoyaiba:uniform_chestplate":1,"minecraft:dirt":5,"minecraft:string":9,"minecraft:bone":11,"minecraft:wheat_seeds":4,"kimetsunoyaiba:nichirinsword_shinazugawa":2,"kimetsunoyaiba:blooddemonart_gyokko":3,"kimetsunoyaiba:nichirinsword_wind":1,"croptopia:roe":1,"minecraft:phantom_membrane":1,"kimetsunoyaiba:muzanblood":19,"minecraft:porkchop":5,"minecraft:ink_sac":3,"minecraft:arrow":12,"minecraft:rotten_flesh":32,"kimetsunoyaiba:drum":1,"kimetsunoyaiba:demon_hand":6,"fh:blue_spider_lily":1,"minecraft:white_wool":1,"kimetsunoyaiba:clothes_yorichi_leggings":1,"minecraft:ender_pearl":1},"minecraft:killed_by":{"kimetsunoyaiba:demon_10":2,"minecraft:player":4,"kimetsunoyaiba:goldfishbig":1,"kimetsunoyaiba:demon":5,"kimetsunoyaiba:tanjiro_demon":2,"kimetsunoyaiba:rokuro":1,"kimetsunoyaiba:demon_2":3,"kimetsunoyaiba:muzan":1,"kimetsunoyaiba:zenitsu":1,"kimetsunoyaiba:kamanue":1,"kimetsunoyaiba:hantengu_urogi":1},"minecraft:used":{"kimetsunoyaiba:nichirinsword_shinazugawa":250,"minecraft:ender_pearl":1,"minecraft:stone":65,"kimetsunoyaiba:gyokko_spawn_egg":2,"kimetsunoyaiba:demon_2_spawn_egg":2,"kimetsunoyaiba:demon_spawn_egg":224,"kimetsunoyaiba:boar_flesh":18,"fh:blue_spider_lily":2}},"DataVersion":2586}