{"stats":{"minecraft:used":{"kimetsunoyaiba:boar_flesh":1},"minecraft:picked_up":{"minecraft:bone":1},"minecraft:dropped":{"fh:clan_roll":22,"fh:tokito_clan_item":1,"minecraft:bone":1},"minecraft:custom":{"minecraft:jump":23,"minecraft:time_since_rest":976,"minecraft:deaths":1,"minecraft:play_one_minute":16937,"minecraft:walk_on_water_one_cm":383,"minecraft:damage_taken":340,"minecraft:sprint_one_cm":9324,"minecraft:time_since_death":949,"minecraft:walk_one_cm":21913,"minecraft:walk_under_water_one_cm":260,"minecraft:damage_resisted":3,"minecraft:fall_one_cm":260,"minecraft:drop":4,"minecraft:fly_one_cm":4018},"minecraft:killed_by":{"kimetsunoyaiba:demon":1}},"DataVersion":2586}