{"stats":{"minecraft:killed":{"kimetsunoyaiba:demon":1,"minecraft:sheep":2,"kimetsunoyaiba:kasugai_crow":1,"minecraft:zombie":2,"kimetsunoyaiba:muscular_mouse":1,"minecraft:spider":1,"minecraft:cow":1},"minecraft:dropped":{"minecraft:wheat_seeds":1,"minecraft:spider_eye":1,"croptopia:salt":2,"minecraft:bone":2},"minecraft:used":{"kimetsunoyaiba:nichirinsword_black":31,"kimetsunoyaiba:boar_flesh":5,"minecraft:dirt":6,"minecraft:potion":1},"minecraft:mined":{"croptopia:salt_ore":1,"minecraft:grass":2,"minecraft:oak_log":6,"croptopia:apple_crop":1,"minecraft:sugar_cane":4,"minecraft:oak_leaves":39},"minecraft:killed_by":{"kimetsunoyaiba:yorichi_0":1,"minecraft:player":5,"kimetsunoyaiba:demon_slayer":1,"kimetsunoyaiba:demon":4,"kimetsunoyaiba:demon_3":1},"minecraft:picked_up":{"minecraft:stick":1,"kimetsunoyaiba:uniform_tanjiro_chestplate":1,"minecraft:leather":3,"minecraft:oak_log":6,"kimetsunoyaiba:uniform_leggings":1,"minecraft:spider_eye":1,"kimetsunoyaiba:uniform_chestplate":1,"minecraft:string":3,"minecraft:dirt":31,"kimetsunoyaiba:sabito_mask_helmet":1,"minecraft:arrow":2,"minecraft:bone":2,"minecraft:rotten_flesh":6,"kimetsunoyaiba:uniform_boots":1,"minecraft:wheat_seeds":1,"minecraft:beef":6,"croptopia:salt":2,"minecraft:oak_sapling":2,"minecraft:sugar_cane":9,"minecraft:mutton":4,"minecraft:white_wool":3},"minecraft:custom":{"minecraft:time_since_rest":3706,"minecraft:sprint_one_cm":163220,"minecraft:damage_taken":4968,"minecraft:walk_one_cm":116635,"minecraft:mob_kills":10,"minecraft:drop":6,"minecraft:damage_dealt":2400,"minecraft:swim_one_cm":13922,"minecraft:player_kills":5,"minecraft:fly_one_cm":95204,"minecraft:open_chest":2,"minecraft:play_one_minute":39228,"minecraft:crouch_one_cm":1576,"minecraft:deaths":12,"minecraft:sneak_time":868,"minecraft:walk_under_water_one_cm":6106,"minecraft:jump":458,"minecraft:damage_dealt_resisted":372,"minecraft:leave_game":1,"minecraft:time_since_death":3681,"minecraft:walk_on_water_one_cm":11831,"minecraft:damage_resisted":169,"minecraft:fall_one_cm":20653}},"DataVersion":2586}