{"stats":{"minecraft:killed":{"kimetsunoyaiba:muscular_mouse":1},"minecraft:used":{"kimetsunoyaiba:nichirinsword_black":6,"kimetsunoyaiba:boar_flesh":1},"minecraft:killed_by":{"minecraft:player":1,"kimetsunoyaiba:demon_slayer":1},"minecraft:picked_up":{"minecraft:dirt":31},"minecraft:custom":{"minecraft:time_since_rest":6961,"minecraft:open_chest":2,"minecraft:crouch_one_cm":115,"minecraft:play_one_minute":15228,"minecraft:sprint_one_cm":30633,"minecraft:deaths":2,"minecraft:damage_taken":856,"minecraft:walk_one_cm":20908,"minecraft:sneak_time":111,"minecraft:walk_under_water_one_cm":255,"minecraft:mob_kills":1,"minecraft:damage_dealt_resisted":42,"minecraft:jump":101,"minecraft:leave_game":1,"minecraft:damage_dealt":439,"minecraft:walk_on_water_one_cm":974,"minecraft:time_since_death":6656,"minecraft:damage_resisted":37,"minecraft:swim_one_cm":7113,"minecraft:fly_one_cm":14463,"minecraft:fall_one_cm":6392,"minecraft:player_kills":1}},"DataVersion":2586}