{"stats":{"minecraft:killed":{"kimetsunoyaiba:demon":2,"minecraft:witch":1,"minecraft:spider":1,"kimetsunoyaiba:demon_slayer":1,"kimetsunoyaiba:haganeduka":1,"kimetsunoyaiba:ubuyashiki":1,"minecraft:creeper":2,"minecraft:sheep":2,"minecraft:skeleton":5,"kimetsunoyaiba:kasugai_crow":1,"minecraft:zombie":4,"kimetsunoyaiba:muscular_mouse":3,"kimetsunoyaiba:kakushi":1,"minecraft:cow":1},"minecraft:dropped":{"minecraft:wheat_seeds":4,"minecraft:glass_bottle":4,"minecraft:cobblestone":2,"minecraft:rotten_flesh":7,"minecraft:iron_boots":1,"croptopia:salt":2,"minecraft:leather_helmet":1,"minecraft:poppy":9,"minecraft:dirt":3,"minecraft:gunpowder":1,"minecraft:iron_chestplate":1,"minecraft:oak_sapling":2,"minecraft:iron_leggings":1,"minecraft:spider_eye":1,"minecraft:arrow":6,"kimetsunoyaiba:nichirinsword_mist":1,"minecraft:wooden_pickaxe":1,"minecraft:string":4,"minecraft:bone":3},"minecraft:used":{"minecraft:stone_shovel":17,"minecraft:stone_pickaxe":81,"minecraft:wooden_pickaxe":18,"minecraft:polished_blackstone_bricks":18,"minecraft:dirt":34,"minecraft:crafting_table":2,"minecraft:iron_pickaxe":108,"kimetsunoyaiba:nichirinsword_black":109,"kimetsunoyaiba:boar_flesh":22,"minecraft:stone_axe":1,"minecraft:cobblestone":9,"minecraft:potion":4,"minecraft:furnace":2},"minecraft:crafted":{"minecraft:coal_block":8,"minecraft:oak_planks":24,"minecraft:coal":63,"minecraft:stone_shovel":1,"minecraft:crafting_table":1,"minecraft:wooden_pickaxe":1,"minecraft:furnace":2,"minecraft:stone_axe":1,"minecraft:air":0,"minecraft:iron_pickaxe":1,"minecraft:stick":16,"minecraft:iron_ingot":3,"minecraft:stone_pickaxe":1},"minecraft:mined":{"minecraft:kelp_plant":3,"minecraft:polished_granite":1,"minecraft:crafting_table":1,"minecraft:blast_furnace":3,"minecraft:grass_block":6,"minecraft:coal_block":89,"minecraft:diorite":1,"minecraft:sugar_cane":4,"minecraft:polished_blackstone_bricks":18,"croptopia:plum_crop":2,"minecraft:iron_ore":25,"minecraft:birch_leaves":4,"minecraft:grass":6,"minecraft:oak_log":6,"minecraft:coal_ore":27,"croptopia:apple_crop":1,"croptopia:salt_ore":1,"minecraft:gravel":3,"minecraft:dirt":10,"minecraft:stone":41,"minecraft:mossy_stone_bricks":1,"minecraft:oak_leaves":46},"minecraft:killed_by":{"minecraft:player":5,"kimetsunoyaiba:demon_slayer":2,"kimetsunoyaiba:demon":5,"kimetsunoyaiba:demon_2":2,"kimetsunoyaiba:yorichi_0":1,"kimetsunoyaiba:yahaba":1,"kimetsunoyaiba:demon_3":1},"minecraft:custom":{"minecraft:interact_with_furnace":3,"minecraft:mob_kills":39,"minecraft:interact_with_crafting_table":5,"minecraft:play_one_minute":105228,"minecraft:damage_dealt_resisted":1975,"minecraft:leave_game":1,"minecraft:time_since_death":1334,"minecraft:sleep_in_bed":1,"minecraft:damage_resisted":1425,"minecraft:time_since_rest":1367,"minecraft:sprint_one_cm":332345,"minecraft:damage_taken":9882,"minecraft:walk_one_cm":273883,"minecraft:drop":32,"minecraft:damage_dealt":8598,"minecraft:damage_dealt_absorbed":20,"minecraft:fly_one_cm":241568,"minecraft:swim_one_cm":71272,"minecraft:player_kills":7,"minecraft:open_chest":4,"minecraft:crouch_one_cm":2474,"minecraft:deaths":21,"minecraft:sneak_time":1581,"minecraft:walk_under_water_one_cm":31609,"minecraft:jump":1409,"minecraft:walk_on_water_one_cm":49624,"minecraft:fall_one_cm":68374},"minecraft:picked_up":{"kimetsunoyaiba:human_flesh_2":5,"minecraft:crafting_table":1,"minecraft:leather":3,"minecraft:flint":1,"minecraft:oak_log":30,"minecraft:gunpowder":1,"kimetsunoyaiba:uniform_chestplate":1,"minecraft:dirt":37,"minecraft:string":4,"minecraft:polished_granite":1,"kimetsunoyaiba:sabito_mask_helmet":1,"minecraft:bone":13,"minecraft:bow":1,"minecraft:wheat_seeds":4,"minecraft:beef":6,"minecraft:iron_ore":26,"minecraft:poppy":9,"minecraft:mossy_stone_bricks":1,"croptopia:roe":1,"minecraft:coal_block":89,"minecraft:sugar_cane":9,"minecraft:stick":2,"kimetsunoyaiba:uniform_tanjiro_chestplate":1,"croptopia:plum":2,"minecraft:gravel":2,"minecraft:polished_blackstone_bricks":18,"minecraft:blast_furnace":3,"kimetsunoyaiba:uniform_leggings":1,"fh:clan_roll":10,"minecraft:leather_helmet":1,"minecraft:spider_eye":1,"minecraft:arrow":13,"minecraft:rotten_flesh":7,"kimetsunoyaiba:uniform_boots":1,"kimetsunoyaiba:nichirinsword_mist":1,"kimetsunoyaiba:nichirinsword":1,"croptopia:salt":2,"minecraft:oak_sapling":2,"minecraft:cod":3,"minecraft:mutton":4,"minecraft:coal":27,"minecraft:white_wool":3,"minecraft:cobblestone":34}},"DataVersion":2586}