{"stats":{"minecraft:killed":{"kimetsunoyaiba:demon":2,"minecraft:witch":1,"minecraft:spider":1,"kimetsunoyaiba:demon_slayer":1,"kimetsunoyaiba:haganeduka":1,"minecraft:dolphin":1,"kimetsunoyaiba:ubuyashiki":1,"minecraft:creeper":2,"minecraft:sheep":4,"minecraft:skeleton":5,"kimetsunoyaiba:kasugai_crow":1,"minecraft:zombie":4,"kimetsunoyaiba:muscular_mouse":3,"minecraft:drowned":1,"kimetsunoyaiba:kakushi":1,"minecraft:cow":5},"minecraft:dropped":{"minecraft:wheat_seeds":4,"kimetsunoyaiba:pancake":1,"minecraft:glass_bottle":4,"kimetsunoyaiba:nichirinsword_black":2,"minecraft:cobblestone":2,"minecraft:rotten_flesh":7,"minecraft:iron_boots":1,"croptopia:salt":2,"minecraft:leather_helmet":1,"minecraft:cod":3,"minecraft:poppy":9,"minecraft:dirt":3,"kimetsunoyaiba:human_flesh_2":2,"minecraft:gunpowder":1,"minecraft:mutton":4,"minecraft:iron_chestplate":1,"minecraft:oak_sapling":2,"minecraft:bone_meal":1,"croptopia:roe":3,"minecraft:iron_leggings":1,"minecraft:spider_eye":1,"minecraft:arrow":13,"minecraft:stone_pickaxe":1,"kimetsunoyaiba:nichirinsword_mist":1,"minecraft:beef":18,"minecraft:wooden_pickaxe":1,"croptopia:plum":2,"minecraft:string":4,"croptopia:calamari":9,"minecraft:netherrack":1,"minecraft:bone":40},"minecraft:used":{"minecraft:stone_shovel":17,"minecraft:stone_pickaxe":81,"minecraft:wooden_pickaxe":18,"minecraft:polished_blackstone_bricks":18,"minecraft:dirt":34,"minecraft:crafting_table":3,"minecraft:iron_pickaxe":126,"kimetsunoyaiba:nichirinsword_black":127,"kimetsunoyaiba:boar_flesh":27,"minecraft:potion":4,"minecraft:stone_axe":4,"minecraft:cobblestone":9,"minecraft:furnace":2},"minecraft:crafted":{"minecraft:coal_block":8,"minecraft:oak_planks":64,"minecraft:stone_shovel":1,"minecraft:coal":63,"minecraft:crafting_table":2,"minecraft:wooden_pickaxe":1,"minecraft:furnace":2,"minecraft:stone_axe":1,"minecraft:air":0,"minecraft:chest":1,"minecraft:stick":24,"minecraft:iron_ingot":3,"minecraft:stone_pickaxe":1,"minecraft:iron_pickaxe":1},"minecraft:mined":{"minecraft:kelp_plant":3,"minecraft:polished_granite":1,"minecraft:crafting_table":2,"minecraft:blast_furnace":3,"minecraft:grass_block":6,"minecraft:coal_block":89,"minecraft:tall_grass":1,"kimetsunoyaiba:pancake_block":1,"minecraft:diorite":1,"minecraft:sugar_cane":4,"kimetsunoyaiba:ohagi_block":2,"minecraft:seagrass":1,"minecraft:polished_blackstone_bricks":18,"minecraft:furnace":2,"croptopia:plum_crop":2,"minecraft:iron_ore":25,"minecraft:birch_leaves":4,"minecraft:gold_block":1,"minecraft:grass":7,"minecraft:coal_ore":27,"minecraft:oak_log":6,"croptopia:apple_crop":1,"croptopia:salt_ore":1,"minecraft:gravel":3,"minecraft:dirt":10,"minecraft:stone":41,"minecraft:netherrack":14,"minecraft:mossy_stone_bricks":1,"minecraft:oak_leaves":48},"minecraft:killed_by":{"minecraft:player":5,"kimetsunoyaiba:demon_slayer":2,"kimetsunoyaiba:demon":6,"kimetsunoyaiba:demon_2":2,"kimetsunoyaiba:yorichi_0":1,"kimetsunoyaiba:demon_5":1,"kimetsunoyaiba:yahaba":1,"kimetsunoyaiba:demon_3":1},"minecraft:custom":{"minecraft:interact_with_furnace":3,"minecraft:mob_kills":50,"minecraft:interact_with_crafting_table":6,"minecraft:play_one_minute":124312,"minecraft:leave_game":3,"minecraft:damage_dealt_resisted":2386,"minecraft:time_since_death":0,"minecraft:damage_resisted":1813,"minecraft:sleep_in_bed":1,"minecraft:climb_one_cm":330,"minecraft:time_since_rest":724,"minecraft:sprint_one_cm":444431,"minecraft:damage_taken":10874,"minecraft:walk_one_cm":321305,"minecraft:drop":50,"minecraft:damage_dealt":10022,"minecraft:damage_dealt_absorbed":20,"minecraft:player_kills":7,"minecraft:swim_one_cm":106450,"minecraft:fly_one_cm":319209,"minecraft:open_chest":11,"minecraft:crouch_one_cm":2474,"minecraft:deaths":23,"minecraft:sneak_time":2165,"minecraft:walk_under_water_one_cm":49975,"minecraft:jump":1667,"minecraft:walk_on_water_one_cm":54127,"minecraft:fall_one_cm":85597},"minecraft:picked_up":{"kimetsunoyaiba:human_flesh_2":5,"minecraft:crafting_table":2,"kimetsunoyaiba:pancake":1,"minecraft:leather":18,"minecraft:gold_block":1,"croptopia:calamari":9,"minecraft:flint":1,"minecraft:oak_log":30,"minecraft:gunpowder":1,"kimetsunoyaiba:uniform_chestplate":1,"minecraft:string":4,"minecraft:dirt":37,"minecraft:polished_granite":1,"kimetsunoyaiba:sabito_mask_helmet":1,"minecraft:bone":13,"minecraft:bow":1,"minecraft:wheat_seeds":4,"minecraft:iron_ingot":23,"minecraft:beef":32,"minecraft:iron_ore":26,"minecraft:mossy_stone_bricks":1,"minecraft:poppy":9,"croptopia:roe":3,"minecraft:sugar_cane":9,"minecraft:coal_block":89,"kimetsunoyaiba:dice_steak_head_4":1,"minecraft:furnace":2,"minecraft:stick":2,"kimetsunoyaiba:nichirinsword_black":2,"kimetsunoyaiba:ohagi":2,"kimetsunoyaiba:uniform_tanjiro_chestplate":1,"croptopia:plum":2,"minecraft:gravel":2,"minecraft:polished_blackstone_bricks":18,"minecraft:blast_furnace":3,"kimetsunoyaiba:uniform_leggings":1,"fh:clan_roll":10,"minecraft:spider_eye":1,"minecraft:leather_helmet":1,"minecraft:arrow":13,"minecraft:rotten_flesh":7,"kimetsunoyaiba:uniform_boots":1,"minecraft:bone_meal":1,"minecraft:netherrack":1,"kimetsunoyaiba:nichirinsword":1,"croptopia:salt":2,"kimetsunoyaiba:nichirinsword_mist":1,"minecraft:oak_sapling":2,"minecraft:mutton":10,"minecraft:cod":10,"minecraft:coal":50,"minecraft:white_wool":4,"minecraft:cobblestone":34}},"DataVersion":2586}