{"stats":{"minecraft:killed":{"kimetsunoyaiba:demon":2,"minecraft:witch":1,"minecraft:spider":1,"minecraft:creeper":1,"minecraft:sheep":2,"minecraft:skeleton":3,"kimetsunoyaiba:kasugai_crow":1,"minecraft:zombie":4,"kimetsunoyaiba:muscular_mouse":2,"kimetsunoyaiba:kakushi":1,"minecraft:cow":1},"minecraft:dropped":{"minecraft:wheat_seeds":2,"minecraft:glass_bottle":4,"minecraft:cobblestone":2,"minecraft:rotten_flesh":6,"minecraft:iron_boots":1,"croptopia:salt":2,"minecraft:dirt":3,"minecraft:iron_chestplate":1,"minecraft:oak_sapling":2,"minecraft:iron_leggings":1,"minecraft:spider_eye":1,"minecraft:arrow":4,"minecraft:wooden_pickaxe":1,"minecraft:bone":2},"minecraft:used":{"minecraft:stone_shovel":8,"minecraft:stone_pickaxe":81,"minecraft:wooden_pickaxe":18,"minecraft:dirt":31,"minecraft:crafting_table":2,"minecraft:iron_pickaxe":37,"kimetsunoyaiba:nichirinsword_black":86,"kimetsunoyaiba:boar_flesh":18,"minecraft:stone_axe":1,"minecraft:cobblestone":9,"minecraft:potion":4,"minecraft:furnace":2},"minecraft:crafted":{"minecraft:coal_block":8,"minecraft:oak_planks":24,"minecraft:coal":63,"minecraft:stone_shovel":1,"minecraft:crafting_table":1,"minecraft:wooden_pickaxe":1,"minecraft:furnace":2,"minecraft:stone_axe":1,"minecraft:air":0,"minecraft:iron_pickaxe":1,"minecraft:stick":16,"minecraft:iron_ingot":3,"minecraft:stone_pickaxe":1},"minecraft:mined":{"minecraft:kelp_plant":3,"minecraft:polished_granite":1,"minecraft:crafting_table":1,"minecraft:grass_block":3,"minecraft:coal_block":45,"minecraft:sugar_cane":4,"croptopia:plum_crop":2,"minecraft:iron_ore":25,"minecraft:birch_leaves":4,"minecraft:grass":4,"minecraft:oak_log":6,"minecraft:coal_ore":27,"croptopia:apple_crop":1,"croptopia:salt_ore":1,"minecraft:gravel":3,"minecraft:dirt":4,"minecraft:stone":36,"minecraft:mossy_stone_bricks":1,"minecraft:oak_leaves":46},"minecraft:killed_by":{"minecraft:player":5,"kimetsunoyaiba:demon_slayer":2,"kimetsunoyaiba:demon":5,"kimetsunoyaiba:demon_2":2,"kimetsunoyaiba:yorichi_0":1,"kimetsunoyaiba:yahaba":1,"kimetsunoyaiba:demon_3":1},"minecraft:custom":{"minecraft:interact_with_furnace":3,"minecraft:mob_kills":27,"minecraft:interact_with_crafting_table":5,"minecraft:play_one_minute":93228,"minecraft:damage_dealt_resisted":1615,"minecraft:leave_game":1,"minecraft:time_since_death":7576,"minecraft:damage_resisted":1189,"minecraft:time_since_rest":7609,"minecraft:sprint_one_cm":301805,"minecraft:damage_taken":9008,"minecraft:walk_one_cm":236893,"minecraft:drop":22,"minecraft:damage_dealt":6256,"minecraft:damage_dealt_absorbed":20,"minecraft:fly_one_cm":212917,"minecraft:swim_one_cm":63789,"minecraft:player_kills":7,"minecraft:open_chest":4,"minecraft:crouch_one_cm":1973,"minecraft:deaths":20,"minecraft:sneak_time":1245,"minecraft:walk_under_water_one_cm":29171,"minecraft:jump":1270,"minecraft:walk_on_water_one_cm":39300,"minecraft:fall_one_cm":63625},"minecraft:picked_up":{"kimetsunoyaiba:human_flesh_2":2,"minecraft:crafting_table":1,"minecraft:leather":3,"minecraft:flint":1,"minecraft:oak_log":6,"kimetsunoyaiba:uniform_chestplate":1,"minecraft:dirt":34,"minecraft:string":4,"minecraft:polished_granite":1,"kimetsunoyaiba:sabito_mask_helmet":1,"minecraft:bone":13,"minecraft:wheat_seeds":2,"minecraft:beef":6,"minecraft:iron_ore":26,"minecraft:mossy_stone_bricks":1,"minecraft:coal_block":45,"minecraft:sugar_cane":9,"minecraft:stick":2,"kimetsunoyaiba:uniform_tanjiro_chestplate":1,"croptopia:plum":2,"minecraft:gravel":2,"kimetsunoyaiba:uniform_leggings":1,"fh:clan_roll":10,"minecraft:leather_helmet":1,"minecraft:spider_eye":1,"minecraft:arrow":10,"minecraft:rotten_flesh":7,"kimetsunoyaiba:uniform_boots":1,"croptopia:salt":2,"minecraft:oak_sapling":2,"minecraft:cod":3,"minecraft:mutton":4,"minecraft:coal":27,"minecraft:white_wool":3,"minecraft:cobblestone":34}},"DataVersion":2586}