{"stats":{"minecraft:killed":{"kimetsunoyaiba:demon":2,"minecraft:witch":1,"minecraft:spider":1,"minecraft:creeper":1,"minecraft:sheep":2,"minecraft:skeleton":3,"kimetsunoyaiba:kasugai_crow":1,"minecraft:zombie":4,"kimetsunoyaiba:muscular_mouse":1,"minecraft:cow":1},"minecraft:dropped":{"minecraft:wheat_seeds":1,"minecraft:glass_bottle":2,"minecraft:rotten_flesh":6,"minecraft:iron_boots":1,"croptopia:salt":2,"minecraft:dirt":1,"minecraft:iron_chestplate":1,"minecraft:oak_sapling":2,"minecraft:iron_leggings":1,"minecraft:spider_eye":1,"minecraft:arrow":4,"minecraft:wooden_pickaxe":1,"minecraft:bone":2},"minecraft:used":{"minecraft:stone_shovel":3,"minecraft:stone_pickaxe":53,"minecraft:wooden_pickaxe":18,"minecraft:dirt":31,"minecraft:crafting_table":1,"kimetsunoyaiba:nichirinsword_black":64,"kimetsunoyaiba:boar_flesh":10,"minecraft:stone_axe":1,"minecraft:cobblestone":8,"minecraft:potion":2},"minecraft:crafted":{"minecraft:oak_planks":24,"minecraft:stone_shovel":1,"minecraft:crafting_table":1,"minecraft:wooden_pickaxe":1,"minecraft:stone_axe":1,"minecraft:stick":16,"minecraft:stone_pickaxe":1},"minecraft:mined":{"minecraft:polished_granite":1,"minecraft:crafting_table":1,"minecraft:grass_block":1,"minecraft:sugar_cane":4,"croptopia:plum_crop":2,"minecraft:iron_ore":21,"minecraft:birch_leaves":1,"minecraft:grass":3,"minecraft:oak_log":6,"minecraft:coal_ore":27,"croptopia:apple_crop":1,"croptopia:salt_ore":1,"minecraft:gravel":3,"minecraft:stone":20,"minecraft:mossy_stone_bricks":1,"minecraft:oak_leaves":46},"minecraft:killed_by":{"minecraft:player":5,"kimetsunoyaiba:demon_slayer":2,"kimetsunoyaiba:demon":5,"kimetsunoyaiba:yorichi_0":1,"kimetsunoyaiba:yahaba":1,"kimetsunoyaiba:demon_3":1},"minecraft:custom":{"minecraft:mob_kills":22,"minecraft:interact_with_crafting_table":2,"minecraft:play_one_minute":69228,"minecraft:damage_dealt_resisted":614,"minecraft:leave_game":1,"minecraft:time_since_death":10377,"minecraft:damage_resisted":394,"minecraft:time_since_rest":10424,"minecraft:sprint_one_cm":251979,"minecraft:damage_taken":6873,"minecraft:walk_one_cm":196275,"minecraft:drop":15,"minecraft:damage_dealt":4296,"minecraft:damage_dealt_absorbed":20,"minecraft:fly_one_cm":174937,"minecraft:swim_one_cm":58749,"minecraft:player_kills":6,"minecraft:open_chest":4,"minecraft:crouch_one_cm":1718,"minecraft:deaths":16,"minecraft:sneak_time":1034,"minecraft:walk_under_water_one_cm":16280,"minecraft:jump":1056,"minecraft:walk_on_water_one_cm":25064,"minecraft:fall_one_cm":41859},"minecraft:picked_up":{"minecraft:crafting_table":1,"minecraft:leather":3,"minecraft:flint":1,"minecraft:oak_log":6,"kimetsunoyaiba:uniform_chestplate":1,"minecraft:dirt":32,"minecraft:string":4,"minecraft:polished_granite":1,"kimetsunoyaiba:sabito_mask_helmet":1,"minecraft:bone":13,"minecraft:wheat_seeds":1,"minecraft:beef":6,"minecraft:iron_ore":22,"minecraft:mossy_stone_bricks":1,"minecraft:sugar_cane":9,"minecraft:stick":2,"kimetsunoyaiba:uniform_tanjiro_chestplate":1,"croptopia:plum":2,"minecraft:gravel":2,"kimetsunoyaiba:uniform_leggings":1,"fh:clan_roll":10,"minecraft:leather_helmet":1,"minecraft:spider_eye":1,"minecraft:arrow":10,"minecraft:rotten_flesh":6,"kimetsunoyaiba:uniform_boots":1,"croptopia:salt":2,"minecraft:oak_sapling":2,"minecraft:mutton":4,"minecraft:coal":27,"minecraft:white_wool":3,"minecraft:cobblestone":17}},"DataVersion":2586}