{"stats":{"minecraft:picked_up":{"minecraft:crafting_table":2,"minecraft:clock":1,"croptopia:nectarine":9,"croptopia:calamari":28,"minecraft:oak_log":5,"minecraft:gunpowder":3,"croptopia:celery":8,"minecraft:dirt":6,"minecraft:string":1,"minecraft:bone":12,"minecraft:apple":1,"minecraft:iron_ingot":9,"minecraft:iron_ore":51,"croptopia:roe":2,"croptopia:lime":1,"minecraft:stick":1,"minecraft:sweet_berries":25,"croptopia:apricot":3,"croptopia:plum":3,"croptopia:starfruit":2,"minecraft:gravel":11,"croptopia:celery_seed":8,"minecraft:ink_sac":23,"minecraft:stone_shovel":1,"croptopia:cherry":5,"croptopia:lemon":1,"minecraft:arrow":11,"minecraft:rotten_flesh":13,"croptopia:orange":8,"minecraft:granite":29,"minecraft:oak_sapling":3,"minecraft:coal":28,"minecraft:cobblestone":97},"minecraft:crafted":{"minecraft:oak_door":3,"minecraft:oak_planks":12,"minecraft:crafting_table":1,"minecraft:iron_sword":1,"minecraft:furnace":1,"minecraft:air":0,"minecraft:stick":4,"minecraft:iron_ingot":44,"minecraft:stone_pickaxe":1},"minecraft:broken":{"minecraft:stone_pickaxe":1},"minecraft:killed":{"minecraft:spider":3,"minecraft:cod":2,"minecraft:creeper":3,"minecraft:squid":14,"minecraft:skeleton":14,"minecraft:zombie":10,"minecraft:drowned":2},"minecraft:custom":{"minecraft:interact_with_furnace":13,"minecraft:mob_kills":49,"minecraft:interact_with_crafting_table":6,"minecraft:play_one_minute":63626,"minecraft:damage_dealt_resisted":65,"minecraft:time_since_death":11598,"minecraft:damage_resisted":406,"minecraft:time_since_rest":11622,"minecraft:sprint_one_cm":129390,"minecraft:damage_taken":3197,"minecraft:walk_one_cm":189736,"minecraft:drop":31,"minecraft:damage_dealt":8112,"minecraft:swim_one_cm":6543,"minecraft:fly_one_cm":45689,"minecraft:crouch_one_cm":1152,"minecraft:deaths":7,"minecraft:sneak_time":460,"minecraft:walk_under_water_one_cm":23853,"minecraft:jump":711,"minecraft:walk_on_water_one_cm":31792,"minecraft:fall_one_cm":16964},"minecraft:dropped":{"minecraft:gravel":2,"minecraft:iron_ingot":9,"minecraft:sweet_berries":8,"minecraft:stone_shovel":1,"croptopia:orange":1,"minecraft:rotten_flesh":11,"kimetsunoyaiba:nichirinsword_thunder":1,"kimetsunoyaiba:uniform_chestplate":1,"kimetsunoyaiba:uniform_boots":1,"minecraft:granite":15,"kimetsunoyaiba:uniform_leggings":1,"croptopia:celery_seed":8,"minecraft:dirt":1,"croptopia:celery":1,"croptopia:nectarine":4,"minecraft:string":1,"croptopia:calamari":12,"minecraft:bone":2},"minecraft:killed_by":{"kimetsunoyaiba:demon_slayer":1,"minecraft:skeleton":2,"kimetsunoyaiba:demon":2,"minecraft:creeper":1,"kimetsunoyaiba:shadow_wolf":1},"minecraft:used":{"croptopia:celery":1,"minecraft:stone_sword":106,"croptopia:lemon":1,"minecraft:stone_shovel":19,"minecraft:stone_pickaxe":199,"croptopia:calamari":4,"croptopia:starfruit":1,"minecraft:rotten_flesh":1,"minecraft:dirt":5,"minecraft:crafting_table":3,"croptopia:cherry":1,"minecraft:granite":14,"croptopia:orange":4,"croptopia:plum":1,"croptopia:nectarine":1,"minecraft:gravel":9,"minecraft:stone_axe":35,"croptopia:lime":1,"minecraft:furnace":1,"croptopia:roe":2},"minecraft:mined":{"croptopia:starfruit_crop":2,"croptopia:orange_crop":8,"minecraft:crafting_table":2,"croptopia:persimmon_crop":1,"minecraft:granite":29,"croptopia:lime_crop":1,"minecraft:grass_block":4,"croptopia:lemon_crop":1,"minecraft:spruce_leaves":1,"minecraft:seagrass":1,"croptopia:nectarine_crop":5,"croptopia:cherry_crop":6,"croptopia:plum_crop":4,"minecraft:iron_ore":51,"minecraft:sweet_berry_bush":7,"croptopia:apricot_crop":3,"minecraft:oak_log":4,"minecraft:coal_ore":28,"croptopia:celery_crop":7,"minecraft:gravel":11,"minecraft:dirt":3,"minecraft:stone":90,"minecraft:oak_leaves":39,"minecraft:fern":3}},"DataVersion":2586}