{"stats":{"minecraft:picked_up":{"minecraft:crafting_table":2,"minecraft:clock":1,"croptopia:nectarine":9,"croptopia:calamari":28,"minecraft:oak_log":5,"minecraft:gunpowder":3,"croptopia:celery":8,"minecraft:dirt":6,"minecraft:string":1,"minecraft:bone":12,"minecraft:apple":1,"minecraft:iron_ore":51,"croptopia:roe":2,"croptopia:lime":1,"minecraft:stick":1,"croptopia:apricot":3,"croptopia:plum":3,"croptopia:starfruit":2,"minecraft:gravel":11,"croptopia:celery_seed":8,"minecraft:ink_sac":23,"croptopia:cherry":5,"croptopia:lemon":1,"minecraft:arrow":11,"minecraft:rotten_flesh":12,"croptopia:orange":8,"minecraft:granite":29,"minecraft:oak_sapling":3,"minecraft:coal":28,"minecraft:cobblestone":97},"minecraft:crafted":{"minecraft:oak_door":3,"minecraft:oak_planks":12,"minecraft:crafting_table":1,"minecraft:stick":4,"minecraft:stone_pickaxe":1},"minecraft:broken":{"minecraft:stone_pickaxe":1},"minecraft:killed":{"minecraft:spider":3,"minecraft:cod":2,"minecraft:creeper":3,"minecraft:squid":14,"minecraft:skeleton":14,"minecraft:zombie":9,"minecraft:drowned":2},"minecraft:custom":{"minecraft:mob_kills":48,"minecraft:interact_with_crafting_table":2,"minecraft:play_one_minute":51626,"minecraft:damage_dealt_resisted":25,"minecraft:time_since_death":321,"minecraft:damage_resisted":406,"minecraft:time_since_rest":349,"minecraft:sprint_one_cm":111362,"minecraft:damage_taken":2912,"minecraft:walk_one_cm":166788,"minecraft:drop":13,"minecraft:damage_dealt":7782,"minecraft:swim_one_cm":6543,"minecraft:fly_one_cm":42471,"minecraft:crouch_one_cm":1152,"minecraft:deaths":6,"minecraft:sneak_time":460,"minecraft:walk_under_water_one_cm":23853,"minecraft:jump":658,"minecraft:walk_on_water_one_cm":30951,"minecraft:fall_one_cm":16488},"minecraft:dropped":{"croptopia:orange":1,"minecraft:rotten_flesh":11,"kimetsunoyaiba:nichirinsword_thunder":1,"croptopia:celery_seed":8,"minecraft:dirt":1,"croptopia:celery":1,"croptopia:nectarine":4,"minecraft:string":1,"croptopia:calamari":12,"minecraft:bone":2},"minecraft:killed_by":{"minecraft:skeleton":2,"kimetsunoyaiba:demon":2,"minecraft:creeper":1,"kimetsunoyaiba:shadow_wolf":1},"minecraft:used":{"croptopia:celery":1,"minecraft:stone_sword":92,"croptopia:lemon":1,"minecraft:stone_shovel":16,"minecraft:stone_pickaxe":199,"croptopia:calamari":4,"croptopia:starfruit":1,"minecraft:rotten_flesh":1,"minecraft:dirt":5,"minecraft:crafting_table":2,"croptopia:cherry":1,"minecraft:granite":14,"croptopia:orange":4,"croptopia:plum":1,"croptopia:nectarine":1,"minecraft:stone_axe":35,"croptopia:lime":1,"croptopia:roe":2},"minecraft:mined":{"croptopia:starfruit_crop":2,"croptopia:orange_crop":8,"minecraft:crafting_table":2,"croptopia:persimmon_crop":1,"minecraft:granite":29,"croptopia:lime_crop":1,"minecraft:grass_block":3,"croptopia:lemon_crop":1,"minecraft:seagrass":1,"croptopia:nectarine_crop":5,"croptopia:cherry_crop":6,"croptopia:plum_crop":4,"minecraft:iron_ore":51,"croptopia:apricot_crop":3,"minecraft:oak_log":4,"minecraft:coal_ore":28,"croptopia:celery_crop":7,"minecraft:gravel":11,"minecraft:dirt":3,"minecraft:stone":90,"minecraft:oak_leaves":39}},"DataVersion":2586}