{"stats":{"minecraft:picked_up":{"minecraft:arrow":3,"minecraft:bone":2,"minecraft:rotten_flesh":1,"croptopia:calamari":12,"minecraft:ink_sac":18},"minecraft:killed":{"minecraft:skeleton":2,"minecraft:zombie":1,"minecraft:squid":11},"minecraft:custom":{"minecraft:time_since_rest":4855,"minecraft:play_one_minute":9626,"minecraft:sprint_one_cm":9768,"minecraft:walk_one_cm":24723,"minecraft:damage_taken":404,"minecraft:deaths":1,"minecraft:sneak_time":98,"minecraft:walk_under_water_one_cm":3334,"minecraft:mob_kills":15,"minecraft:jump":111,"minecraft:damage_dealt":1942,"minecraft:time_since_death":4832,"minecraft:walk_on_water_one_cm":7076,"minecraft:damage_resisted":6,"minecraft:fall_one_cm":3149,"minecraft:fly_one_cm":4569},"minecraft:killed_by":{"minecraft:skeleton":1},"minecraft:used":{"minecraft:stone_sword":43,"croptopia:calamari":4},"minecraft:mined":{"minecraft:seagrass":1,"minecraft:oak_leaves":3}},"DataVersion":2586}