{"stats":{"minecraft:picked_up":{"kimetsunoyaiba:human_flesh_2":1,"minecraft:crafting_table":3,"minecraft:clock":1,"croptopia:nectarine":9,"croptopia:calamari":28,"minecraft:oak_log":5,"minecraft:gunpowder":7,"kimetsunoyaiba:blooddemonart_akaza":1,"croptopia:celery":8,"minecraft:dirt":35,"minecraft:string":3,"minecraft:bone":17,"minecraft:apple":1,"minecraft:iron_ingot":9,"minecraft:iron_ore":62,"minecraft:poppy":1,"croptopia:roe":2,"croptopia:lime":1,"kimetsunoyaiba:clothes_akaza_leggings":1,"kimetsunoyaiba:muzanblood":8,"minecraft:furnace":1,"minecraft:stick":1,"minecraft:sweet_berries":25,"croptopia:apricot":3,"croptopia:plum":3,"croptopia:starfruit":2,"minecraft:gravel":11,"croptopia:celery_seed":8,"minecraft:ink_sac":28,"minecraft:redstone":1,"minecraft:spider_eye":1,"minecraft:stone_shovel":1,"croptopia:cherry":9,"croptopia:lemon":1,"minecraft:arrow":16,"minecraft:rotten_flesh":22,"kimetsunoyaiba:clothes_akaza_chestplate":1,"croptopia:orange":8,"minecraft:granite":29,"minecraft:oak_sapling":3,"minecraft:coal":28,"minecraft:cobblestone":101},"minecraft:crafted":{"minecraft:oak_door":3,"minecraft:oak_planks":12,"minecraft:crafting_table":1,"minecraft:iron_sword":1,"minecraft:furnace":1,"minecraft:air":0,"minecraft:stick":4,"minecraft:iron_ingot":51,"minecraft:stone_pickaxe":1},"minecraft:broken":{"minecraft:stone_pickaxe":1,"minecraft:stone_sword":1},"minecraft:killed":{"minecraft:witch":1,"minecraft:spider":4,"kimetsunoyaiba:demon_slayer":1,"minecraft:cod":2,"minecraft:creeper":6,"minecraft:squid":14,"minecraft:skeleton":15,"minecraft:zombie":21,"minecraft:drowned":2},"minecraft:custom":{"minecraft:interact_with_furnace":17,"minecraft:mob_kills":70,"minecraft:interact_with_crafting_table":6,"minecraft:play_one_minute":99626,"minecraft:damage_dealt_resisted":190,"minecraft:time_since_death":3374,"minecraft:damage_resisted":1422,"minecraft:time_since_rest":3416,"minecraft:sprint_one_cm":206652,"minecraft:damage_taken":7331,"minecraft:walk_one_cm":307507,"minecraft:drop":31,"minecraft:damage_dealt":10608,"minecraft:swim_one_cm":6543,"minecraft:fly_one_cm":80344,"minecraft:open_chest":1,"minecraft:crouch_one_cm":1158,"minecraft:deaths":13,"minecraft:sneak_time":498,"minecraft:walk_under_water_one_cm":23853,"minecraft:jump":1153,"minecraft:walk_on_water_one_cm":32305,"minecraft:fall_one_cm":31658},"minecraft:dropped":{"minecraft:gravel":2,"minecraft:iron_ingot":9,"minecraft:sweet_berries":8,"minecraft:stone_shovel":1,"croptopia:orange":1,"minecraft:rotten_flesh":11,"kimetsunoyaiba:nichirinsword_thunder":1,"kimetsunoyaiba:uniform_chestplate":1,"kimetsunoyaiba:uniform_boots":1,"minecraft:granite":15,"kimetsunoyaiba:uniform_leggings":1,"croptopia:celery_seed":8,"minecraft:dirt":1,"croptopia:celery":1,"croptopia:nectarine":4,"minecraft:string":1,"croptopia:calamari":12,"minecraft:bone":2},"minecraft:killed_by":{"minecraft:player":1,"kimetsunoyaiba:demon_slayer":3,"kimetsunoyaiba:hairo":1,"minecraft:skeleton":2,"kimetsunoyaiba:demon":3,"minecraft:creeper":1,"kimetsunoyaiba:shadow_wolf":1},"minecraft:used":{"croptopia:celery":7,"minecraft:stone_sword":132,"croptopia:lemon":1,"minecraft:stone_shovel":31,"minecraft:stone_pickaxe":219,"croptopia:calamari":16,"croptopia:starfruit":1,"croptopia:apricot":1,"minecraft:iron_sword":4,"kimetsunoyaiba:human_flesh_2":1,"minecraft:rotten_flesh":1,"minecraft:dirt":5,"minecraft:crafting_table":3,"croptopia:cherry":1,"kimetsunoyaiba:blooddemonart_akaza":3,"minecraft:granite":14,"croptopia:orange":4,"croptopia:plum":1,"croptopia:nectarine":3,"minecraft:apple":1,"minecraft:gravel":9,"kimetsunoyaiba:muzanblood":8,"minecraft:stone_axe":43,"minecraft:cobblestone":38,"minecraft:sweet_berries":19,"croptopia:lime":1,"minecraft:furnace":1,"croptopia:roe":2},"minecraft:mined":{"croptopia:starfruit_crop":2,"croptopia:orange_crop":8,"minecraft:crafting_table":3,"croptopia:persimmon_crop":1,"minecraft:granite":29,"croptopia:lime_crop":1,"minecraft:grass_block":5,"croptopia:lemon_crop":1,"minecraft:cobblestone":2,"minecraft:spruce_leaves":3,"minecraft:seagrass":1,"croptopia:nectarine_crop":5,"croptopia:cherry_crop":6,"minecraft:furnace":1,"croptopia:plum_crop":4,"minecraft:iron_ore":62,"minecraft:sweet_berry_bush":7,"croptopia:apricot_crop":3,"minecraft:oak_log":4,"minecraft:coal_ore":28,"croptopia:celery_crop":7,"minecraft:gravel":11,"minecraft:dirt":14,"minecraft:stone":94,"minecraft:oak_leaves":44,"minecraft:fern":3}},"DataVersion":2586}