{"stats":{"minecraft:killed":{"kimetsunoyaiba:demon_2":1,"minecraft:witch":1,"minecraft:spider":6,"kimetsunoyaiba:demon_slayer":1,"minecraft:cod":2,"minecraft:creeper":6,"minecraft:squid":14,"minecraft:skeleton":15,"minecraft:zombie":28,"minecraft:drowned":2},"minecraft:dropped":{"minecraft:gravel":2,"croptopia:persimmon":1,"minecraft:iron_ingot":9,"minecraft:sweet_berries":8,"croptopia:starfruit":1,"minecraft:stone_shovel":1,"minecraft:rotten_flesh":11,"croptopia:orange":2,"kimetsunoyaiba:nichirinsword_thunder":1,"kimetsunoyaiba:uniform_chestplate":1,"kimetsunoyaiba:uniform_boots":1,"minecraft:granite":15,"kimetsunoyaiba:uniform_leggings":2,"croptopia:apricot":1,"croptopia:celery_seed":8,"minecraft:dirt":1,"croptopia:celery":1,"croptopia:lemon":1,"croptopia:pear":3,"croptopia:nectarine":6,"minecraft:potion":2,"minecraft:arrow":1,"minecraft:string":1,"croptopia:plum":1,"croptopia:calamari":12,"fh:clan_roll":8,"kimetsunoyaiba:dice_steak_arm":4,"minecraft:bone":2,"minecraft:redstone":1},"minecraft:used":{"croptopia:celery":7,"minecraft:stone_sword":132,"croptopia:lemon":1,"croptopia:starfruit":1,"minecraft:stone_pickaxe":219,"minecraft:stone_shovel":31,"croptopia:calamari":16,"croptopia:apricot":2,"minecraft:iron_sword":13,"kimetsunoyaiba:human_flesh_2":1,"minecraft:rotten_flesh":1,"minecraft:dirt":20,"minecraft:crafting_table":3,"croptopia:cherry":5,"kimetsunoyaiba:blooddemonart_akaza":14,"minecraft:granite":14,"croptopia:orange":4,"minecraft:apple":1,"croptopia:nectarine":3,"croptopia:plum":2,"kimetsunoyaiba:boar_flesh":2,"minecraft:gravel":9,"croptopia:persimmon":2,"kimetsunoyaiba:muzanblood":12,"minecraft:stone_axe":43,"minecraft:cobblestone":90,"minecraft:sweet_berries":19,"croptopia:lime":1,"minecraft:furnace":1,"croptopia:roe":2,"croptopia:pear":1},"minecraft:crafted":{"minecraft:oak_door":3,"minecraft:oak_planks":12,"minecraft:crafting_table":1,"minecraft:iron_sword":1,"minecraft:furnace":1,"minecraft:air":0,"minecraft:stick":4,"minecraft:iron_ingot":51,"minecraft:stone_pickaxe":1},"minecraft:mined":{"croptopia:starfruit_crop":2,"croptopia:orange_crop":16,"minecraft:crafting_table":3,"minecraft:granite":29,"croptopia:persimmon_crop":4,"croptopia:lime_crop":1,"minecraft:grass_block":5,"croptopia:lemon_crop":3,"minecraft:cobblestone":2,"minecraft:spruce_leaves":3,"minecraft:seagrass":1,"croptopia:nectarine_crop":5,"croptopia:cherry_crop":6,"minecraft:furnace":1,"croptopia:plum_crop":4,"minecraft:iron_ore":62,"minecraft:sweet_berry_bush":7,"minecraft:lilac":1,"croptopia:pear_crop":2,"minecraft:peony":6,"croptopia:apricot_crop":3,"minecraft:grass":1,"croptopia:celery_crop":7,"minecraft:coal_ore":28,"minecraft:oak_log":4,"minecraft:gravel":11,"minecraft:dirt":14,"minecraft:stone":94,"minecraft:oak_leaves":65,"minecraft:fern":3},"minecraft:killed_by":{"kimetsunoyaiba:demon_slayer":7,"minecraft:player":2,"kimetsunoyaiba:hairo":1,"minecraft:skeleton":2,"kimetsunoyaiba:demon":4,"minecraft:creeper":2,"kimetsunoyaiba:shadow_wolf":1},"minecraft:custom":{"minecraft:interact_with_furnace":17,"minecraft:mob_kills":84,"minecraft:interact_with_crafting_table":6,"minecraft:play_one_minute":134705,"minecraft:damage_dealt_resisted":533,"minecraft:leave_game":1,"minecraft:time_since_death":3339,"minecraft:damage_resisted":1679,"minecraft:time_since_rest":3429,"minecraft:sprint_one_cm":319016,"minecraft:damage_taken":12155,"minecraft:walk_one_cm":476502,"minecraft:drop":50,"minecraft:damage_dealt":12891,"minecraft:player_kills":1,"minecraft:swim_one_cm":6543,"minecraft:fly_one_cm":134690,"minecraft:open_chest":2,"minecraft:crouch_one_cm":1531,"minecraft:sneak_time":674,"minecraft:deaths":21,"minecraft:walk_under_water_one_cm":24109,"minecraft:jump":1775,"minecraft:walk_on_water_one_cm":33018,"minecraft:fall_one_cm":49267},"minecraft:picked_up":{"kimetsunoyaiba:human_flesh_2":1,"minecraft:crafting_table":3,"minecraft:clock":1,"croptopia:nectarine":10,"minecraft:potion":1,"croptopia:calamari":28,"minecraft:oak_log":5,"minecraft:gunpowder":9,"kimetsunoyaiba:dice_steak_arm":4,"croptopia:celery":8,"minecraft:string":3,"kimetsunoyaiba:blooddemonart_akaza":1,"minecraft:dirt":56,"minecraft:bone":19,"croptopia:pear":4,"minecraft:apple":1,"minecraft:wheat_seeds":2,"minecraft:iron_ingot":9,"minecraft:iron_ore":62,"minecraft:poppy":1,"croptopia:roe":2,"croptopia:lime":1,"minecraft:furnace":1,"minecraft:stick":1,"kimetsunoyaiba:muzanblood":12,"croptopia:apricot":3,"kimetsunoyaiba:clothes_akaza_leggings":1,"croptopia:plum":3,"minecraft:sweet_berries":25,"croptopia:starfruit":2,"minecraft:gravel":11,"croptopia:celery_seed":8,"minecraft:ink_sac":28,"kimetsunoyaiba:uniform_leggings":1,"minecraft:redstone":1,"minecraft:spider_eye":1,"croptopia:cherry":9,"croptopia:lemon":3,"croptopia:persimmon":3,"minecraft:arrow":20,"minecraft:stone_shovel":1,"minecraft:rotten_flesh":26,"kimetsunoyaiba:clothes_akaza_chestplate":1,"minecraft:peony":5,"croptopia:orange":15,"minecraft:granite":29,"minecraft:oak_sapling":6,"minecraft:coal":28,"minecraft:cobblestone":101},"minecraft:broken":{"minecraft:stone_pickaxe":1,"minecraft:stone_sword":1}},"DataVersion":2586}