{"stats":{"minecraft:picked_up":{"minecraft:crafting_table":2,"croptopia:grape_seed":2,"kimetsunoyaiba:scarlet_ironsand":47,"minecraft:gold_block":16,"minecraft:string":5,"croptopia:lettuce":2,"minecraft:sea_pickle":3,"minecraft:spruce_planks":2,"minecraft:smooth_quartz":11,"minecraft:chest":1,"minecraft:furnace":1,"kimetsunoyaiba:rui_string":1,"minecraft:stick":1,"minecraft:spruce_stairs":1,"minecraft:spruce_fence":2,"minecraft:diorite":4,"minecraft:redstone":1,"croptopia:grape":2,"minecraft:arrow":10,"minecraft:rotten_flesh":18,"kimetsunoyaiba:boar_flesh":6,"minecraft:iron_block":4,"minecraft:mutton":1,"minecraft:white_wool":2,"minecraft:cobblestone":129,"kimetsunoyaiba:human_flesh_2":4,"croptopia:lettuce_seed":2,"minecraft:enchanting_table":1,"minecraft:salmon":1,"minecraft:oak_log":5,"kimetsunoyaiba:scarlet_ore_rare":17,"kimetsunoyaiba:fusuma":2,"minecraft:gunpowder":7,"artifacts:flame_pendant":1,"kimetsunoyaiba:boar_head":1,"kimetsunoyaiba:uniform_chestplate":1,"minecraft:dirt":6,"minecraft:white_banner":2,"minecraft:bone":15,"minecraft:wheat_seeds":3,"kimetsunoyaiba:scarlet_ore":35,"minecraft:iron_ore":98,"minecraft:glass_bottle":1,"croptopia:roe":1,"minecraft:book":12,"kimetsunoyaiba:muzanblood":2,"minecraft:sweet_berries":2,"minecraft:blast_furnace":1,"kimetsunoyaiba:cherry_blossoms":4,"minecraft:diamond":10,"minecraft:granite":7,"minecraft:white_concrete":2,"minecraft:oak_sapling":1,"minecraft:coal":18},"minecraft:crafted":{"minecraft:oak_planks":20,"minecraft:furnace":1,"minecraft:chest":1,"minecraft:crafting_table":2,"minecraft:air":0,"minecraft:diamond_pickaxe":2,"minecraft:stick":8,"minecraft:iron_ingot":20,"minecraft:iron_pickaxe":1},"minecraft:broken":{"kimetsunoyaiba:uniform_boots":1,"kimetsunoyaiba:uniform_leggings":1},"minecraft:killed":{"minecraft:spider":1,"minecraft:skeleton":9,"kimetsunoyaiba:demon_9":1,"kimetsunoyaiba:demon":6,"kimetsunoyaiba:demon_2":1,"kimetsunoyaiba:boar":3,"kimetsunoyaiba:ubuyashiki":1,"minecraft:creeper":3,"minecraft:sheep":1,"minecraft:zombie":8},"minecraft:custom":{"minecraft:mob_kills":63,"minecraft:interact_with_crafting_table":6,"minecraft:open_barrel":33,"minecraft:damage_dealt_resisted":1110,"minecraft:leave_game":5,"minecraft:time_since_death":25844,"minecraft:climb_one_cm":1725,"minecraft:damage_resisted":6340,"minecraft:sprint_one_cm":268086,"minecraft:walk_one_cm":321925,"minecraft:drop":94,"minecraft:deaths":40,"minecraft:sneak_time":10760,"minecraft:walk_under_water_one_cm":24913,"minecraft:jump":1485,"minecraft:interact_with_brewingstand":4,"minecraft:interact_with_blast_furnace":1,"minecraft:walk_on_water_one_cm":27613,"minecraft:interact_with_furnace":5,"minecraft:interact_with_cartography_table":1,"minecraft:play_one_minute":223297,"minecraft:interact_with_loom":3,"minecraft:time_since_rest":25893,"minecraft:damage_taken":20069,"minecraft:damage_dealt":11409,"minecraft:swim_one_cm":3354,"minecraft:fly_one_cm":2383757,"minecraft:player_kills":1,"minecraft:open_chest":9,"minecraft:crouch_one_cm":6595,"minecraft:fall_one_cm":87703},"minecraft:dropped":{"croptopia:lettuce_seed":2,"minecraft:wheat_seeds":3,"minecraft:glass_bottle":7,"kimetsunoyaiba:nichirinsword_rengoku":1,"minecraft:cobblestone":4,"minecraft:granite":1,"minecraft:spruce_stairs":1,"minecraft:dirt":1,"kimetsunoyaiba:human_flesh_2":3,"croptopia:grape_seed":2,"minecraft:mutton":1,"croptopia:lettuce":2,"minecraft:smooth_quartz":10,"minecraft:writable_book":1,"minecraft:string":1,"minecraft:white_wool":2,"minecraft:bone":18,"minecraft:sweet_berries":2,"minecraft:rotten_flesh":18,"kimetsunoyaiba:uniform_chestplate":2,"minecraft:spruce_fence":1,"minecraft:salmon":1,"minecraft:gunpowder":7,"minecraft:spruce_planks":2,"croptopia:roe":1,"minecraft:arrow":7},"minecraft:killed_by":{"kimetsunoyaiba:enmu_train":1,"kimetsunoyaiba:demon":17,"minecraft:spider":1,"kimetsunoyaiba:kamanue":1,"kimetsunoyaiba:gyokko":1,"kimetsunoyaiba:demon_10":1,"kimetsunoyaiba:hairo":1,"kimetsunoyaiba:goldfishbig":1,"minecraft:skeleton":1,"kimetsunoyaiba:demon_2":3,"kimetsunoyaiba:demon_4":1,"kimetsunoyaiba:shadow_wolf":1,"kimetsunoyaiba:temple_demon":1,"kimetsunoyaiba:demon_9":1},"minecraft:used":{"kimetsunoyaiba:cherry_blossoms":4,"minecraft:writable_book":1,"minecraft:chest":1,"kimetsunoyaiba:nichirinsword_rengoku":161,"minecraft:dirt":5,"minecraft:granite":6,"minecraft:spruce_fence":1,"minecraft:smooth_quartz":1,"kimetsunoyaiba:boar_flesh":16,"kimetsunoyaiba:rui_string":1,"minecraft:oak_sapling":1,"minecraft:furnace":1,"croptopia:beer":62,"croptopia:grape":1,"minecraft:diorite":4,"minecraft:stone_pickaxe":63,"minecraft:crafting_table":4,"minecraft:diamond_pickaxe":181,"minecraft:string":4,"minecraft:iron_pickaxe":198,"minecraft:stone_axe":4,"minecraft:cobblestone":8,"minecraft:potion":6,"minecraft:white_banner":2,"minecraft:sea_pickle":3,"minecraft:white_concrete":2},"minecraft:mined":{"minecraft:diamond_ore":10,"minecraft:spruce_planks":2,"croptopia:grape_crop":1,"kimetsunoyaiba:cherry_blossoms":4,"minecraft:granite":6,"minecraft:grass_block":8,"minecraft:spruce_fence":2,"minecraft:white_concrete":2,"minecraft:redstone_ore":2,"minecraft:furnace":1,"minecraft:iron_ore":98,"minecraft:gold_block":18,"minecraft:enchanting_table":1,"minecraft:bookshelf":4,"minecraft:stone":150,"minecraft:iron_block":4,"croptopia:lettuce_crop":2,"kimetsunoyaiba:scarlet_ore_block":85,"minecraft:crafting_table":2,"kimetsunoyaiba:rui_string":1,"minecraft:blast_furnace":1,"minecraft:chest":1,"minecraft:tall_grass":5,"minecraft:diorite":4,"minecraft:spruce_stairs":1,"kimetsunoyaiba:scarlet_ore_block_rare":17,"kimetsunoyaiba:fusuma":2,"minecraft:grass":39,"minecraft:dead_brain_coral_block":1,"minecraft:oak_log":5,"minecraft:coal_ore":20,"minecraft:dirt":12,"minecraft:smooth_quartz":14,"minecraft:oak_leaves":9,"minecraft:fern":1}},"DataVersion":2586}