{"stats":{"minecraft:used":{"kimetsunoyaiba:cherry_blossoms":4,"minecraft:diorite":4,"minecraft:writable_book":1,"minecraft:stone_pickaxe":63,"kimetsunoyaiba:nichirinsword_rengoku":79,"minecraft:dirt":5,"minecraft:crafting_table":1,"minecraft:granite":6,"minecraft:string":2,"minecraft:iron_pickaxe":198,"kimetsunoyaiba:boar_flesh":5,"minecraft:cobblestone":6,"minecraft:potion":3,"minecraft:oak_sapling":1,"minecraft:white_banner":2,"minecraft:furnace":1,"minecraft:sea_pickle":3,"croptopia:beer":44},"minecraft:crafted":{"minecraft:oak_planks":8,"minecraft:crafting_table":1,"minecraft:furnace":1,"minecraft:air":0,"minecraft:stick":8,"minecraft:iron_ingot":20,"minecraft:iron_pickaxe":1},"minecraft:killed":{"kimetsunoyaiba:demon":3,"kimetsunoyaiba:demon_2":1,"kimetsunoyaiba:ubuyashiki":1,"minecraft:creeper":3,"minecraft:skeleton":6,"kimetsunoyaiba:demon_9":1,"minecraft:zombie":3},"minecraft:mined":{"minecraft:diamond_ore":10,"kimetsunoyaiba:cherry_blossoms":4,"minecraft:crafting_table":1,"minecraft:granite":6,"minecraft:blast_furnace":1,"minecraft:grass_block":8,"minecraft:diorite":4,"minecraft:redstone_ore":2,"minecraft:furnace":1,"minecraft:iron_ore":98,"minecraft:gold_block":18,"minecraft:grass":8,"minecraft:dead_brain_coral_block":1,"minecraft:oak_log":5,"minecraft:coal_ore":20,"minecraft:dirt":12,"minecraft:stone":94,"minecraft:iron_block":4,"minecraft:oak_leaves":8,"minecraft:fern":1},"minecraft:picked_up":{"kimetsunoyaiba:human_flesh_2":2,"minecraft:crafting_table":1,"minecraft:salmon":1,"minecraft:gold_block":16,"minecraft:oak_log":5,"artifacts:flame_pendant":1,"minecraft:gunpowder":1,"minecraft:string":3,"minecraft:dirt":6,"minecraft:white_banner":2,"minecraft:bone":14,"minecraft:sea_pickle":3,"minecraft:wheat_seeds":1,"minecraft:iron_ore":98,"minecraft:glass_bottle":1,"croptopia:roe":1,"minecraft:furnace":1,"minecraft:stick":1,"kimetsunoyaiba:muzanblood":1,"minecraft:sweet_berries":2,"minecraft:blast_furnace":1,"minecraft:diorite":4,"minecraft:redstone":1,"kimetsunoyaiba:cherry_blossoms":4,"minecraft:arrow":8,"minecraft:rotten_flesh":12,"minecraft:diamond":10,"minecraft:iron_block":4,"minecraft:granite":7,"minecraft:oak_sapling":1,"minecraft:coal":18,"minecraft:cobblestone":78},"minecraft:dropped":{"minecraft:sweet_berries":2,"minecraft:wheat_seeds":1,"minecraft:glass_bottle":4,"minecraft:cobblestone":2,"minecraft:rotten_flesh":12,"minecraft:granite":1,"minecraft:salmon":1,"minecraft:dirt":1,"kimetsunoyaiba:human_flesh_2":2,"minecraft:gunpowder":1,"croptopia:roe":1,"minecraft:arrow":5,"minecraft:string":1,"minecraft:bone":12},"minecraft:custom":{"minecraft:interact_with_furnace":5,"minecraft:mob_kills":36,"minecraft:interact_with_cartography_table":1,"minecraft:interact_with_crafting_table":3,"minecraft:open_barrel":15,"minecraft:play_one_minute":98525,"minecraft:damage_dealt_resisted":566,"minecraft:leave_game":4,"minecraft:time_since_death":441,"minecraft:climb_one_cm":618,"minecraft:damage_resisted":1650,"minecraft:time_since_rest":499,"minecraft:sprint_one_cm":163781,"minecraft:damage_taken":9808,"minecraft:walk_one_cm":189555,"minecraft:drop":41,"minecraft:damage_dealt":4953,"minecraft:fly_one_cm":432024,"minecraft:swim_one_cm":3354,"minecraft:player_kills":1,"minecraft:open_chest":3,"minecraft:crouch_one_cm":4480,"minecraft:deaths":21,"minecraft:sneak_time":3154,"minecraft:walk_under_water_one_cm":10150,"minecraft:jump":1058,"minecraft:interact_with_brewingstand":1,"minecraft:interact_with_blast_furnace":1,"minecraft:walk_on_water_one_cm":18583,"minecraft:fall_one_cm":64629},"minecraft:killed_by":{"kimetsunoyaiba:demon_10":1,"kimetsunoyaiba:hairo":1,"minecraft:skeleton":1,"kimetsunoyaiba:demon":6,"kimetsunoyaiba:demon_2":2,"kimetsunoyaiba:demon_4":1,"kimetsunoyaiba:shadow_wolf":1,"kimetsunoyaiba:kamanue":1,"kimetsunoyaiba:gyokko":1,"kimetsunoyaiba:demon_9":1}},"DataVersion":2586}