{"stats":{"minecraft:used":{"minecraft:diorite":4,"minecraft:stone_pickaxe":63,"kimetsunoyaiba:nichirinsword_rengoku":59,"minecraft:dirt":5,"minecraft:crafting_table":1,"minecraft:granite":5,"minecraft:string":2,"minecraft:iron_pickaxe":150,"kimetsunoyaiba:boar_flesh":3,"minecraft:cobblestone":6,"minecraft:potion":2,"minecraft:furnace":1,"croptopia:beer":34},"minecraft:crafted":{"minecraft:oak_planks":8,"minecraft:crafting_table":1,"minecraft:furnace":1,"minecraft:air":0,"minecraft:stick":8,"minecraft:iron_ingot":20,"minecraft:iron_pickaxe":1},"minecraft:killed":{"kimetsunoyaiba:demon":3,"kimetsunoyaiba:demon_2":1,"minecraft:creeper":2,"minecraft:skeleton":4,"minecraft:zombie":3},"minecraft:mined":{"minecraft:crafting_table":1,"minecraft:granite":6,"minecraft:grass_block":8,"minecraft:diorite":4,"minecraft:redstone_ore":1,"minecraft:furnace":1,"minecraft:iron_ore":87,"minecraft:grass":3,"minecraft:oak_log":5,"minecraft:coal_ore":20,"minecraft:dirt":12,"minecraft:stone":92,"minecraft:oak_leaves":8,"minecraft:fern":1},"minecraft:picked_up":{"kimetsunoyaiba:human_flesh_2":1,"minecraft:crafting_table":1,"minecraft:salmon":1,"minecraft:oak_log":5,"minecraft:gunpowder":1,"minecraft:string":3,"minecraft:dirt":6,"minecraft:bone":10,"minecraft:wheat_seeds":1,"minecraft:iron_ore":87,"minecraft:glass_bottle":1,"croptopia:roe":1,"minecraft:furnace":1,"minecraft:stick":1,"kimetsunoyaiba:muzanblood":1,"minecraft:sweet_berries":2,"minecraft:diorite":4,"minecraft:arrow":4,"minecraft:rotten_flesh":10,"minecraft:granite":6,"minecraft:coal":18,"minecraft:cobblestone":75},"minecraft:dropped":{"minecraft:sweet_berries":2,"minecraft:wheat_seeds":1,"minecraft:glass_bottle":3,"minecraft:cobblestone":1,"minecraft:rotten_flesh":10,"minecraft:granite":1,"minecraft:salmon":1,"minecraft:dirt":1,"minecraft:gunpowder":1,"croptopia:roe":1,"minecraft:arrow":4,"minecraft:string":1,"minecraft:bone":10},"minecraft:custom":{"minecraft:interact_with_furnace":5,"minecraft:mob_kills":26,"minecraft:interact_with_crafting_table":3,"minecraft:play_one_minute":68525,"minecraft:damage_dealt_resisted":461,"minecraft:leave_game":4,"minecraft:time_since_death":18550,"minecraft:damage_resisted":1159,"minecraft:time_since_rest":18580,"minecraft:sprint_one_cm":80536,"minecraft:damage_taken":7038,"minecraft:walk_one_cm":121448,"minecraft:drop":32,"minecraft:damage_dealt":3445,"minecraft:fly_one_cm":172379,"minecraft:swim_one_cm":1444,"minecraft:player_kills":1,"minecraft:crouch_one_cm":4480,"minecraft:deaths":16,"minecraft:sneak_time":2252,"minecraft:walk_under_water_one_cm":1030,"minecraft:jump":648,"minecraft:walk_on_water_one_cm":10600,"minecraft:fall_one_cm":43707},"minecraft:killed_by":{"kimetsunoyaiba:demon_10":1,"kimetsunoyaiba:hairo":1,"minecraft:skeleton":1,"kimetsunoyaiba:demon":5,"kimetsunoyaiba:demon_4":1,"kimetsunoyaiba:shadow_wolf":1,"kimetsunoyaiba:kamanue":1,"kimetsunoyaiba:demon_9":1}},"DataVersion":2586}