{"stats":{"minecraft:killed":{"kimetsunoyaiba:enmu_tentacle_hand":1,"minecraft:witch":2,"kimetsunoyaiba:enmu_tentacle":4,"minecraft:spider":21,"kimetsunoyaiba:yahaba":2,"kimetsunoyaiba:grandmother":1,"minecraft:skeleton":25,"kimetsunoyaiba:yorichi_0":3,"kimetsunoyaiba:dice_steak_senior":2,"kimetsunoyaiba:demon_2":6,"kimetsunoyaiba:demon_4":2,"kimetsunoyaiba:boar":5,"kimetsunoyaiba:haganeduka":1,"minecraft:creeper":16,"minecraft:sheep":1,"kimetsunoyaiba:kamanue":2,"minecraft:pillager":10,"minecraft:zombie":28,"kimetsunoyaiba:hantengu":1,"kimetsunoyaiba:demon_3":2,"minecraft:cow":1,"kimetsunoyaiba:hairo":2,"kimetsunoyaiba:demon_slayer":110,"minecraft:horse":2,"kimetsunoyaiba:doctor":1,"kimetsunoyaiba:demon_9":1,"kimetsunoyaiba:toyosan":1,"kimetsunoyaiba:goldfishbig":2,"kimetsunoyaiba:demon_10":1,"kimetsunoyaiba:demon":54,"minecraft:husk":7,"kimetsunoyaiba:ubuyashiki":1,"minecraft:enderman":1},"minecraft:dropped":{"minecraft:porkchop":1,"kimetsunoyaiba:blooddemonart_yahaba":1,"minecraft:glass_bottle":8,"kimetsunoyaiba:nichirinsword_rengoku":1,"minecraft:leather_helmet":1,"minecraft:dirt":21,"minecraft:mutton":1,"croptopia:sweetpotato_seed":5,"minecraft:writable_book":1,"kimetsunoyaiba:nichirinsword_flame":1,"minecraft:white_wool":2,"minecraft:bone":33,"kimetsunoyaiba:nichirinsword_kaigaku":1,"minecraft:stone_axe":1,"minecraft:rotten_flesh":111,"kimetsunoyaiba:uniform_boots":7,"croptopia:greenbean_seed":5,"croptopia:saguaro_seed":15,"minecraft:salmon":1,"minecraft:poppy":2,"minecraft:gunpowder":58,"minecraft:arrow":25,"minecraft:beef":2,"croptopia:lettuce_seed":2,"minecraft:wheat_seeds":22,"kimetsunoyaiba:dice_steak_head_1":2,"minecraft:feather":2,"minecraft:cobblestone":111,"kimetsunoyaiba:dice_steak_head_2":2,"minecraft:granite":1,"minecraft:spruce_stairs":1,"kimetsunoyaiba:dice_steak_leg":4,"minecraft:stick":3,"kimetsunoyaiba:rifle":1,"kimetsunoyaiba:human_flesh_2":7,"croptopia:grape_seed":2,"kimetsunoyaiba:dice_steak_head_4":1,"croptopia:lettuce":2,"minecraft:smooth_quartz":10,"kimetsunoyaiba:dice_steak_body":2,"kimetsunoyaiba:blooddemonart_kamanue":2,"minecraft:string":4,"kimetsunoyaiba:dice_steak_arm":3,"minecraft:redstone":2,"kimetsunoyaiba:d_ice_steak_head_3":2,"minecraft:sweet_berries":2,"croptopia:cucumber_seed":2,"minecraft:stone_shovel":1,"croptopia:blackberry_seed":8,"minecraft:chicken":1,"kimetsunoyaiba:uniform_chestplate":9,"minecraft:spruce_fence":1,"kimetsunoyaiba:uniform_leggings":3,"croptopia:bellpepper_seed":3,"minecraft:spruce_planks":2,"croptopia:roe":1,"minecraft:spider_eye":2},"minecraft:used":{"minecraft:writable_book":1,"croptopia:calamari":2,"minecraft:chest":4,"minecraft:rotten_flesh":9,"kimetsunoyaiba:nichirinsword_thunder":29,"kimetsunoyaiba:udon":1,"minecraft:furnace":1,"minecraft:oak_sapling":1,"kimetsunoyaiba:nichirinsword_flame":327,"minecraft:diorite":4,"minecraft:stone_pickaxe":63,"kimetsunoyaiba:human_flesh_2":76,"minecraft:sand":1,"croptopia:cucumber":1,"kimetsunoyaiba:nichirinsword_inosuke":1,"minecraft:string":12,"croptopia:blackberry":5,"croptopia:bellpepper":3,"minecraft:white_concrete":2,"kimetsunoyaiba:cherry_blossoms":4,"kimetsunoyaiba:nichirinsword_rengoku":715,"minecraft:torch":1,"kimetsunoyaiba:nichirinsword_wind":12,"minecraft:dirt":15,"minecraft:spruce_fence":1,"minecraft:granite":6,"croptopia:soybean":1,"minecraft:smooth_quartz":1,"kimetsunoyaiba:boar_flesh":41,"kimetsunoyaiba:rui_string":1,"croptopia:beer":128,"croptopia:grape":1,"minecraft:cooked_mutton":19,"croptopia:saguaro":10,"minecraft:green_bed":1,"minecraft:crafting_table":7,"croptopia:sweetpotato":3,"kimetsunoyaiba:nichirinsword_kaigaku":80,"minecraft:diamond_pickaxe":202,"minecraft:iron_pickaxe":198,"kimetsunoyaiba:nichirinsword_black":71,"minecraft:stone_axe":4,"minecraft:cobblestone":8,"minecraft:potion":7,"minecraft:white_banner":2,"minecraft:sea_pickle":3,"croptopia:greenbean":2,"kimetsunoyaiba:nichirinsword_water":6},"minecraft:crafted":{"minecraft:oak_planks":56,"minecraft:chest":4,"sophisticatedbackpacks:backpack":1,"minecraft:crafting_table":5,"minecraft:diamond_pickaxe":2,"minecraft:stick":8,"minecraft:iron_ingot":20,"minecraft:iron_pickaxe":1,"minecraft:gold_ingot":9,"minecraft:furnace":1,"sophisticatedbackpacks:iron_backpack":1,"sophisticatedbackpacks:gold_backpack":1,"minecraft:air":0},"minecraft:mined":{"croptopia:bellpepper_crop":3,"minecraft:spruce_planks":2,"croptopia:greenbean_crop":4,"croptopia:grape_crop":1,"kimetsunoyaiba:cherry_blossoms":4,"minecraft:granite":6,"minecraft:grass_block":12,"minecraft:white_concrete":2,"minecraft:iron_ore":98,"minecraft:enchanting_table":1,"minecraft:iron_block":4,"minecraft:green_bed":2,"kimetsunoyaiba:rui_string":1,"minecraft:blast_furnace":1,"minecraft:poppy":1,"minecraft:chest":3,"minecraft:dead_bush":4,"minecraft:wall_torch":1,"kimetsunoyaiba:fusuma":2,"minecraft:grass":326,"minecraft:oak_log":14,"minecraft:dirt":13,"minecraft:smooth_quartz":14,"minecraft:oak_leaves":10,"croptopia:cucumber_crop":1,"minecraft:diamond_ore":10,"croptopia:persimmon_crop":1,"minecraft:spruce_fence":2,"minecraft:large_fern":8,"croptopia:barley_crop":2,"minecraft:redstone_ore":2,"minecraft:furnace":1,"croptopia:soybean_crop":1,"minecraft:gold_block":18,"minecraft:bookshelf":4,"minecraft:vine":1,"minecraft:stone":155,"croptopia:lettuce_crop":2,"kimetsunoyaiba:scarlet_ore_block":99,"croptopia:sweetpotato_crop":5,"minecraft:crafting_table":3,"minecraft:cornflower":2,"minecraft:tall_grass":43,"minecraft:diorite":4,"minecraft:spruce_stairs":1,"minecraft:sweet_berry_bush":1,"kimetsunoyaiba:scarlet_ore_block_rare":19,"minecraft:dead_brain_coral_block":1,"minecraft:coal_ore":20,"croptopia:saguaro_crop":15,"croptopia:blackberry_crop":3,"minecraft:fern":1},"minecraft:killed_by":{"kimetsunoyaiba:enmu_train":1,"kimetsunoyaiba:inosuke":1,"kimetsunoyaiba:genya":1,"kimetsunoyaiba:doma":3,"kimetsunoyaiba:akaza":6,"kimetsunoyaiba:kamanue":5,"kimetsunoyaiba:kaigaku":1,"kimetsunoyaiba:tanjiro":1,"kimetsunoyaiba:gyokko":5,"kimetsunoyaiba:daki":1,"kimetsunoyaiba:doma_mini":3,"kimetsunoyaiba:hairo":6,"kimetsunoyaiba:hantengu_karaku":1,"kimetsunoyaiba:gyokko_goldfish":1,"kimetsunoyaiba:demon_4":4,"kimetsunoyaiba:shadow_wolf":4,"kimetsunoyaiba:muzan":8,"kimetsunoyaiba:temple_demon":4,"kimetsunoyaiba:demon_5":1,"kimetsunoyaiba:kokushibo":3,"minecraft:player":1,"kimetsunoyaiba:demon_slayer":9,"kimetsunoyaiba:demon":71,"minecraft:spider":1,"kimetsunoyaiba:kanroji":2,"kimetsunoyaiba:yahaba":1,"kimetsunoyaiba:demon_3":7,"kimetsunoyaiba:demon_10":2,"kimetsunoyaiba:goldfishbig":7,"kimetsunoyaiba:kocho":1,"minecraft:skeleton":2,"kimetsunoyaiba:rokuro":4,"kimetsunoyaiba:demon_2":16,"kimetsunoyaiba:yorichi_0":1,"kimetsunoyaiba:enmu":1,"kimetsunoyaiba:susamaru":2,"kimetsunoyaiba:zohakuten":1,"kimetsunoyaiba:gyutaro":3,"kimetsunoyaiba:demon_9":1},"minecraft:custom":{"minecraft:interact_with_crafting_table":11,"minecraft:open_barrel":34,"minecraft:leave_game":10,"minecraft:time_since_death":4031,"minecraft:damage_resisted":89100,"minecraft:sprint_one_cm":1508097,"minecraft:drop":309,"minecraft:deaths":215,"minecraft:jump":5349,"minecraft:interact_with_brewingstand":4,"minecraft:walk_on_water_one_cm":75690,"minecraft:interact_with_furnace":5,"minecraft:interact_with_cartography_table":1,"minecraft:play_one_minute":603146,"minecraft:interact_with_loom":3,"minecraft:damage_dealt":132275,"minecraft:player_kills":1,"minecraft:crouch_one_cm":19430,"minecraft:mob_kills":467,"minecraft:damage_dealt_resisted":57577,"minecraft:climb_one_cm":2547,"minecraft:walk_one_cm":1265718,"minecraft:damage_dealt_absorbed":240,"minecraft:raid_win":1,"minecraft:sneak_time":16681,"minecraft:walk_under_water_one_cm":53342,"minecraft:interact_with_blast_furnace":1,"minecraft:raid_trigger":2,"minecraft:time_since_rest":4057,"minecraft:damage_taken":131274,"minecraft:swim_one_cm":9844,"minecraft:fly_one_cm":5424473,"minecraft:open_chest":20,"minecraft:fall_one_cm":569870},"minecraft:picked_up":{"kimetsunoyaiba:muzan_hat_helmet":2,"kimetsunoyaiba:nichirinsword_flame":1,"croptopia:grape_seed":2,"kimetsunoyaiba:scarlet_ironsand":53,"kimetsunoyaiba:hair_tsugikuni":2,"croptopia:calamari":2,"minecraft:string":49,"croptopia:lettuce":2,"kimetsunoyaiba:dice_steak_head_2":2,"minecraft:sea_pickle":3,"minecraft:spruce_planks":2,"kimetsunoyaiba:blooddemonart_gyokko":1,"minecraft:smooth_quartz":11,"kimetsunoyaiba:dice_steak_head_4":1,"minecraft:furnace":1,"minecraft:stick":5,"croptopia:cucumber":1,"minecraft:torch":1,"croptopia:blackberry_seed":8,"minecraft:green_bed":2,"minecraft:spruce_stairs":1,"minecraft:porkchop":1,"minecraft:diorite":4,"fh:clan_roll":3,"minecraft:rotten_flesh":120,"minecraft:iron_block":4,"kimetsunoyaiba:dice_steak_head_1":2,"kimetsunoyaiba:rifle":3,"minecraft:cobblestone":134,"kimetsunoyaiba:human_flesh_2":100,"croptopia:lettuce_seed":2,"minecraft:enchanting_table":1,"minecraft:feather":2,"kimetsunoyaiba:nichirinsword_kaigaku":2,"kimetsunoyaiba:blooddemonart_kamanue":4,"artifacts:flame_pendant":1,"kimetsunoyaiba:fusuma":2,"kimetsunoyaiba:boar_head":1,"kimetsunoyaiba:dice_steak_arm":3,"minecraft:dirt":36,"croptopia:sweetpotato":3,"minecraft:bone":57,"minecraft:wheat_seeds":22,"kimetsunoyaiba:scarlet_ore":43,"croptopia:bellpepper":3,"croptopia:roe":1,"kimetsunoyaiba:muzanblood":68,"croptopia:blackberry":5,"minecraft:sand":1,"kimetsunoyaiba:uniform_leggings":11,"minecraft:diamond":10,"minecraft:granite":7,"minecraft:white_concrete":2,"kimetsunoyaiba:nichirinsword":14,"minecraft:oak_sapling":1,"minecraft:crafting_table":3,"minecraft:chicken":1,"croptopia:sweetpotato_seed":5,"kimetsunoyaiba:udon":1,"minecraft:gold_block":16,"croptopia:saguaro_seed":15,"croptopia:bellpepper_seed":3,"croptopia:soybean":1,"minecraft:beef":2,"minecraft:poppy":2,"minecraft:chest":3,"kimetsunoyaiba:rui_string":1,"kimetsunoyaiba:blooddemonart_enmu":2,"croptopia:soybean_seed":2,"croptopia:greenbean_seed":5,"minecraft:spruce_fence":2,"minecraft:redstone":3,"croptopia:grape":2,"kimetsunoyaiba:d_ice_steak_head_3":2,"minecraft:arrow":53,"kimetsunoyaiba:boar_flesh":9,"minecraft:saddle":1,"kimetsunoyaiba:demon_hand":7,"minecraft:mutton":1,"minecraft:white_wool":2,"minecraft:salmon":1,"minecraft:leather":13,"kimetsunoyaiba:dice_steak_leg":4,"minecraft:oak_log":14,"kimetsunoyaiba:scarlet_ore_rare":19,"minecraft:gunpowder":62,"kimetsunoyaiba:uniform_chestplate":16,"minecraft:white_banner":9,"minecraft:cooked_mutton":36,"kimetsunoyaiba:blooddemonart_yahaba":2,"minecraft:iron_ore":98,"minecraft:glass_bottle":1,"minecraft:book":12,"minecraft:sweet_berries":2,"croptopia:cucumber_seed":2,"minecraft:blast_furnace":1,"kimetsunoyaiba:cherry_blossoms":4,"minecraft:spider_eye":2,"minecraft:leather_helmet":1,"croptopia:saguaro":10,"kimetsunoyaiba:uniform_boots":17,"croptopia:greenbean":2,"kimetsunoyaiba:dice_steak_body":2,"minecraft:coal":18},"minecraft:broken":{"kimetsunoyaiba:uniform_boots":8,"minecraft:iron_boots":1,"minecraft:iron_chestplate":1,"minecraft:iron_leggings":1,"kimetsunoyaiba:uniform_leggings":9,"kimetsunoyaiba:uniform_chestplate":5}},"DataVersion":2586}