{"stats":{"minecraft:picked_up":{"kimetsunoyaiba:muzan_hat_helmet":3,"kimetsunoyaiba:futon":3,"kimetsunoyaiba:nichirinsword_flame":2,"croptopia:grape_seed":2,"kimetsunoyaiba:scarlet_ironsand":53,"kimetsunoyaiba:hair_tsugikuni":2,"croptopia:calamari":2,"minecraft:string":49,"croptopia:lettuce":2,"kimetsunoyaiba:dice_steak_head_2":3,"minecraft:sea_pickle":3,"minecraft:spruce_planks":2,"kimetsunoyaiba:blooddemonart_gyokko":1,"minecraft:smooth_quartz":11,"kimetsunoyaiba:dice_steak_head_4":2,"minecraft:furnace":1,"minecraft:stick":5,"croptopia:cucumber":1,"minecraft:green_bed":2,"minecraft:torch":1,"croptopia:blackberry_seed":8,"minecraft:spruce_stairs":1,"minecraft:porkchop":1,"minecraft:diorite":4,"fh:clan_roll":4,"minecraft:rotten_flesh":162,"minecraft:iron_block":6,"kimetsunoyaiba:dice_steak_head_1":3,"kimetsunoyaiba:rifle":3,"minecraft:cobblestone":180,"kimetsunoyaiba:human_flesh_2":137,"croptopia:lettuce_seed":2,"minecraft:enchanting_table":1,"minecraft:feather":2,"kimetsunoyaiba:nichirinsword_kaigaku":2,"minecraft:potato":1,"kimetsunoyaiba:blooddemonart_kamanue":4,"artifacts:flame_pendant":1,"kimetsunoyaiba:fusuma":2,"kimetsunoyaiba:boar_head":1,"kimetsunoyaiba:dice_steak_arm":5,"minecraft:dirt":112,"minecraft:lantern":2,"minecraft:bone":66,"croptopia:sweetpotato":3,"minecraft:wheat_seeds":23,"kimetsunoyaiba:scarlet_ore":43,"croptopia:bellpepper":3,"croptopia:roe":1,"kimetsunoyaiba:muzanblood":72,"minecraft:oak_pressure_plate":1,"croptopia:blackberry":5,"minecraft:sand":1,"kimetsunoyaiba:uniform_leggings":15,"kimetsunoyaiba:vase_item":1,"minecraft:diamond":10,"minecraft:granite":7,"minecraft:white_concrete":2,"kimetsunoyaiba:nichirinsword":21,"minecraft:oak_sapling":1,"minecraft:crafting_table":3,"minecraft:chicken":1,"croptopia:sweetpotato_seed":5,"kimetsunoyaiba:udon":1,"minecraft:gold_block":16,"croptopia:saguaro_seed":15,"minecraft:oak_trapdoor":2,"croptopia:bellpepper_seed":3,"croptopia:soybean":1,"minecraft:beef":2,"croptopia:pepper_seed":4,"minecraft:poppy":2,"minecraft:chest":3,"kimetsunoyaiba:rui_string":1,"kimetsunoyaiba:blooddemonart_enmu":3,"croptopia:soybean_seed":2,"croptopia:greenbean_seed":7,"minecraft:spruce_fence":2,"minecraft:redstone":3,"croptopia:grape":2,"kimetsunoyaiba:d_ice_steak_head_3":3,"minecraft:arrow":63,"kimetsunoyaiba:boar_flesh":9,"minecraft:saddle":1,"kimetsunoyaiba:demon_hand":17,"croptopia:pepper":3,"minecraft:white_shulker_box":1,"minecraft:mutton":1,"minecraft:white_wool":2,"minecraft:salmon":1,"minecraft:leather":13,"kimetsunoyaiba:dice_steak_leg":6,"minecraft:oak_log":14,"minecraft:gunpowder":62,"kimetsunoyaiba:scarlet_ore_rare":19,"kimetsunoyaiba:uniform_chestplate":19,"minecraft:white_banner":11,"minecraft:cooked_mutton":36,"kimetsunoyaiba:blooddemonart_yahaba":2,"minecraft:iron_ore":98,"minecraft:glass_bottle":1,"minecraft:book":24,"minecraft:sweet_berries":2,"croptopia:cucumber_seed":2,"minecraft:blast_furnace":1,"kimetsunoyaiba:cherry_blossoms":4,"minecraft:spider_eye":2,"minecraft:leather_helmet":1,"croptopia:saguaro":10,"kimetsunoyaiba:uniform_boots":19,"croptopia:greenbean":3,"kimetsunoyaiba:dice_steak_body":2,"minecraft:coal":18},"minecraft:dropped":{"minecraft:porkchop":1,"kimetsunoyaiba:blooddemonart_yahaba":1,"minecraft:glass_bottle":8,"kimetsunoyaiba:nichirinsword_rengoku":1,"minecraft:lantern":1,"minecraft:leather_helmet":1,"minecraft:dirt":21,"minecraft:mutton":1,"croptopia:sweetpotato_seed":5,"croptopia:pepper":1,"minecraft:writable_book":1,"kimetsunoyaiba:nichirinsword_flame":2,"minecraft:white_wool":2,"minecraft:bone":39,"kimetsunoyaiba:nichirinsword_kaigaku":1,"minecraft:stone_axe":1,"minecraft:rotten_flesh":153,"kimetsunoyaiba:uniform_boots":10,"croptopia:greenbean_seed":7,"croptopia:saguaro_seed":15,"minecraft:salmon":1,"minecraft:poppy":2,"minecraft:gunpowder":58,"minecraft:arrow":25,"minecraft:beef":2,"croptopia:lettuce_seed":2,"minecraft:wheat_seeds":23,"kimetsunoyaiba:dice_steak_head_1":3,"minecraft:feather":2,"minecraft:cobblestone":111,"kimetsunoyaiba:dice_steak_head_2":3,"minecraft:granite":1,"minecraft:spruce_stairs":1,"kimetsunoyaiba:dice_steak_leg":6,"minecraft:stick":3,"kimetsunoyaiba:rifle":1,"kimetsunoyaiba:human_flesh_2":7,"croptopia:grape_seed":2,"kimetsunoyaiba:dice_steak_head_4":2,"croptopia:lettuce":2,"minecraft:smooth_quartz":10,"kimetsunoyaiba:dice_steak_body":2,"kimetsunoyaiba:blooddemonart_kamanue":2,"minecraft:string":4,"kimetsunoyaiba:dice_steak_arm":5,"minecraft:redstone":2,"kimetsunoyaiba:d_ice_steak_head_3":3,"minecraft:sweet_berries":2,"minecraft:oak_trapdoor":1,"croptopia:cucumber_seed":2,"croptopia:blackberry_seed":8,"minecraft:stone_shovel":1,"minecraft:chicken":1,"kimetsunoyaiba:uniform_chestplate":11,"minecraft:spruce_fence":1,"kimetsunoyaiba:uniform_leggings":4,"croptopia:bellpepper_seed":3,"minecraft:potato":1,"minecraft:spruce_planks":2,"croptopia:roe":1,"minecraft:spider_eye":2,"croptopia:pepper_seed":4},"minecraft:crafted":{"minecraft:oak_planks":132,"minecraft:hopper":3,"minecraft:chest":10,"sophisticatedbackpacks:backpack":1,"minecraft:crafting_table":6,"minecraft:diamond_pickaxe":2,"minecraft:stick":20,"minecraft:iron_ingot":38,"minecraft:iron_pickaxe":1,"minecraft:gold_ingot":9,"minecraft:furnace":1,"minecraft:oak_trapdoor":6,"sophisticatedbackpacks:iron_backpack":1,"minecraft:iron_sword":1,"sophisticatedbackpacks:gold_backpack":1,"minecraft:bucket":1,"minecraft:air":0},"minecraft:custom":{"minecraft:interact_with_crafting_table":23,"minecraft:open_barrel":45,"minecraft:leave_game":15,"minecraft:time_since_death":2528,"minecraft:damage_resisted":109620,"minecraft:sprint_one_cm":1953771,"minecraft:drop":345,"minecraft:deaths":311,"minecraft:jump":6022,"minecraft:interact_with_brewingstand":4,"minecraft:walk_on_water_one_cm":78846,"minecraft:interact_with_furnace":5,"minecraft:interact_with_cartography_table":1,"minecraft:play_one_minute":716714,"minecraft:interact_with_loom":3,"minecraft:damage_dealt":188545,"minecraft:player_kills":4,"minecraft:crouch_one_cm":21594,"minecraft:mob_kills":634,"minecraft:damage_dealt_resisted":81985,"minecraft:climb_one_cm":2547,"minecraft:walk_one_cm":1563772,"minecraft:damage_dealt_absorbed":240,"minecraft:raid_win":1,"minecraft:sneak_time":18575,"minecraft:walk_under_water_one_cm":53342,"minecraft:interact_with_blast_furnace":1,"minecraft:raid_trigger":2,"minecraft:time_since_rest":2552,"minecraft:damage_taken":192713,"minecraft:swim_one_cm":9844,"minecraft:fly_one_cm":6014136,"minecraft:open_chest":23,"minecraft:fall_one_cm":619077},"minecraft:mined":{"croptopia:bellpepper_crop":3,"croptopia:pepper_crop":2,"minecraft:spruce_planks":2,"croptopia:greenbean_crop":5,"croptopia:grape_crop":1,"kimetsunoyaiba:cherry_blossoms":4,"minecraft:granite":6,"minecraft:grass_block":30,"minecraft:white_concrete":2,"minecraft:iron_ore":98,"minecraft:enchanting_table":1,"minecraft:white_shulker_box":1,"minecraft:iron_block":6,"minecraft:green_bed":2,"kimetsunoyaiba:rui_string":1,"minecraft:blast_furnace":1,"minecraft:poppy":2,"minecraft:chest":3,"minecraft:dead_bush":4,"minecraft:wall_torch":1,"kimetsunoyaiba:fusuma":2,"minecraft:grass":353,"minecraft:oak_log":14,"minecraft:dirt":68,"minecraft:smooth_quartz":14,"minecraft:oak_leaves":10,"croptopia:cucumber_crop":1,"minecraft:diamond_ore":10,"croptopia:persimmon_crop":1,"minecraft:spruce_fence":2,"minecraft:redstone_wire":1,"kimetsunoyaiba:futon_2":2,"minecraft:large_fern":8,"croptopia:barley_crop":2,"minecraft:redstone_ore":2,"minecraft:furnace":1,"croptopia:soybean_crop":1,"minecraft:gold_block":18,"minecraft:bookshelf":8,"minecraft:vine":1,"minecraft:stone":205,"croptopia:lettuce_crop":2,"kimetsunoyaiba:scarlet_ore_block":99,"croptopia:sweetpotato_crop":6,"minecraft:crafting_table":3,"minecraft:cornflower":2,"minecraft:tall_grass":43,"minecraft:diorite":4,"minecraft:spruce_stairs":1,"minecraft:sweet_berry_bush":1,"kimetsunoyaiba:scarlet_ore_block_rare":19,"minecraft:dead_brain_coral_block":1,"kimetsunoyaiba:futon":1,"minecraft:coal_ore":20,"croptopia:saguaro_crop":15,"croptopia:blackberry_crop":3,"minecraft:fern":1},"minecraft:used":{"minecraft:writable_book":1,"croptopia:calamari":2,"minecraft:chest":7,"minecraft:iron_sword":28,"minecraft:rotten_flesh":9,"kimetsunoyaiba:nichirinsword_thunder":29,"kimetsunoyaiba:udon":1,"minecraft:furnace":1,"minecraft:oak_sapling":1,"kimetsunoyaiba:nichirinsword_flame":340,"minecraft:diorite":4,"minecraft:stone_pickaxe":63,"kimetsunoyaiba:human_flesh_2":81,"croptopia:cucumber":1,"minecraft:sand":1,"kimetsunoyaiba:nichirinsword_inosuke":1,"minecraft:string":12,"croptopia:blackberry":5,"croptopia:bellpepper":3,"minecraft:white_concrete":2,"minecraft:oak_trapdoor":5,"kimetsunoyaiba:cherry_blossoms":4,"kimetsunoyaiba:nichirinsword_rengoku":715,"kimetsunoyaiba:nichirinsword_wind":12,"minecraft:torch":1,"minecraft:dirt":21,"minecraft:hopper":3,"minecraft:spruce_fence":1,"minecraft:granite":6,"minecraft:iron_axe":1,"croptopia:soybean":1,"minecraft:smooth_quartz":1,"kimetsunoyaiba:boar_flesh":41,"kimetsunoyaiba:rui_string":1,"croptopia:beer":128,"croptopia:grape":1,"minecraft:cooked_mutton":26,"minecraft:water_bucket":1,"croptopia:saguaro":10,"minecraft:green_bed":2,"minecraft:crafting_table":9,"croptopia:sweetpotato":3,"kimetsunoyaiba:nichirinsword_kaigaku":80,"kimetsunoyaiba:futon":3,"minecraft:diamond_pickaxe":269,"minecraft:iron_pickaxe":198,"kimetsunoyaiba:nichirinsword_black":321,"minecraft:stone_axe":4,"minecraft:cobblestone":8,"minecraft:potion":7,"minecraft:white_banner":2,"minecraft:bucket":1,"minecraft:sea_pickle":3,"croptopia:greenbean":3,"kimetsunoyaiba:nichirinsword_water":6},"minecraft:killed_by":{"kimetsunoyaiba:enmu_train":1,"kimetsunoyaiba:inosuke":1,"kimetsunoyaiba:genya":1,"kimetsunoyaiba:doma":3,"kimetsunoyaiba:akaza":6,"kimetsunoyaiba:kamanue":5,"kimetsunoyaiba:kaigaku":1,"kimetsunoyaiba:tanjiro":1,"kimetsunoyaiba:gyokko":5,"kimetsunoyaiba:daki":2,"kimetsunoyaiba:doma_mini":3,"kimetsunoyaiba:hairo":8,"kimetsunoyaiba:hantengu_karaku":1,"kimetsunoyaiba:gyokko_goldfish":1,"kimetsunoyaiba:demon_4":12,"kimetsunoyaiba:shadow_wolf":5,"kimetsunoyaiba:muzan":10,"kimetsunoyaiba:temple_demon":11,"kimetsunoyaiba:demon_5":6,"kimetsunoyaiba:kokushibo":4,"minecraft:player":3,"kimetsunoyaiba:demon_slayer":11,"kimetsunoyaiba:demon":100,"minecraft:spider":1,"kimetsunoyaiba:kanroji":2,"kimetsunoyaiba:yahaba":1,"kimetsunoyaiba:demon_3":12,"kimetsunoyaiba:demon_10":3,"kimetsunoyaiba:goldfishbig":20,"kimetsunoyaiba:kocho":1,"minecraft:skeleton":2,"kimetsunoyaiba:rokuro":4,"kimetsunoyaiba:demon_2":31,"kimetsunoyaiba:yorichi_0":1,"kimetsunoyaiba:enmu":1,"kimetsunoyaiba:susamaru":4,"kimetsunoyaiba:zohakuten":1,"kimetsunoyaiba:gyutaro":3,"kimetsunoyaiba:demon_9":1},"minecraft:killed":{"kimetsunoyaiba:enmu_tentacle_hand":1,"minecraft:witch":2,"kimetsunoyaiba:enmu_tentacle":4,"minecraft:spider":21,"kimetsunoyaiba:yahaba":4,"kimetsunoyaiba:grandmother":1,"minecraft:skeleton":28,"kimetsunoyaiba:hand_demon":3,"kimetsunoyaiba:yorichi_0":3,"kimetsunoyaiba:dice_steak_senior":3,"kimetsunoyaiba:demon_2":11,"kimetsunoyaiba:demon_4":4,"kimetsunoyaiba:haganeduka":1,"kimetsunoyaiba:boar":5,"kimetsunoyaiba:kyogai":1,"minecraft:creeper":16,"minecraft:sheep":1,"kimetsunoyaiba:kamanue":2,"minecraft:pillager":10,"minecraft:zombie":35,"kimetsunoyaiba:hantengu":1,"kimetsunoyaiba:demon_3":3,"minecraft:cow":1,"kimetsunoyaiba:hairo":2,"kimetsunoyaiba:demon_slayer":144,"minecraft:horse":2,"kimetsunoyaiba:doctor":1,"kimetsunoyaiba:demon_9":1,"kimetsunoyaiba:temple_demon":3,"kimetsunoyaiba:toyosan":1,"kimetsunoyaiba:goldfishbig":2,"kimetsunoyaiba:demon_5":2,"kimetsunoyaiba:demon_10":2,"kimetsunoyaiba:demon":115,"minecraft:husk":9,"kimetsunoyaiba:ubuyashiki":1,"kimetsunoyaiba:susamaru":1,"minecraft:enderman":1},"minecraft:broken":{"kimetsunoyaiba:uniform_boots":10,"minecraft:iron_boots":1,"minecraft:iron_chestplate":1,"minecraft:iron_leggings":1,"kimetsunoyaiba:uniform_leggings":12,"kimetsunoyaiba:uniform_chestplate":8}},"DataVersion":2586}