{"stats":{"minecraft:picked_up":{"minecraft:crafting_table":2,"croptopia:grape_seed":2,"kimetsunoyaiba:scarlet_ironsand":50,"minecraft:gold_block":16,"minecraft:string":16,"croptopia:lettuce":2,"croptopia:bellpepper_seed":2,"minecraft:sea_pickle":3,"minecraft:spruce_planks":2,"minecraft:beef":2,"minecraft:poppy":2,"minecraft:smooth_quartz":11,"minecraft:chest":1,"minecraft:furnace":1,"kimetsunoyaiba:rui_string":1,"minecraft:stick":1,"croptopia:greenbean_seed":5,"minecraft:spruce_stairs":1,"minecraft:spruce_fence":2,"minecraft:diorite":4,"minecraft:redstone":1,"fh:clan_roll":3,"croptopia:grape":2,"minecraft:arrow":19,"minecraft:rotten_flesh":49,"kimetsunoyaiba:boar_flesh":6,"minecraft:iron_block":4,"kimetsunoyaiba:demon_hand":1,"minecraft:mutton":1,"kimetsunoyaiba:rifle":3,"minecraft:white_wool":2,"minecraft:cobblestone":134,"kimetsunoyaiba:human_flesh_2":13,"croptopia:lettuce_seed":2,"minecraft:enchanting_table":1,"minecraft:salmon":1,"minecraft:leather":6,"kimetsunoyaiba:blooddemonart_kamanue":3,"minecraft:oak_log":10,"kimetsunoyaiba:scarlet_ore_rare":17,"kimetsunoyaiba:fusuma":2,"minecraft:gunpowder":17,"artifacts:flame_pendant":1,"kimetsunoyaiba:boar_head":1,"kimetsunoyaiba:uniform_chestplate":2,"minecraft:dirt":24,"minecraft:white_banner":2,"minecraft:bone":26,"minecraft:wheat_seeds":6,"kimetsunoyaiba:scarlet_ore":38,"kimetsunoyaiba:blooddemonart_yahaba":2,"croptopia:bellpepper":2,"minecraft:iron_ore":98,"minecraft:glass_bottle":1,"croptopia:roe":1,"minecraft:book":12,"kimetsunoyaiba:muzanblood":4,"minecraft:sweet_berries":2,"kimetsunoyaiba:uniform_leggings":1,"minecraft:blast_furnace":1,"kimetsunoyaiba:cherry_blossoms":4,"minecraft:diamond":10,"minecraft:granite":7,"croptopia:greenbean":2,"minecraft:white_concrete":2,"kimetsunoyaiba:nichirinsword":1,"minecraft:oak_sapling":1,"minecraft:coal":18},"minecraft:crafted":{"minecraft:oak_planks":40,"minecraft:furnace":1,"minecraft:chest":2,"sophisticatedbackpacks:iron_backpack":1,"sophisticatedbackpacks:backpack":1,"minecraft:crafting_table":3,"sophisticatedbackpacks:gold_backpack":1,"minecraft:air":0,"minecraft:diamond_pickaxe":2,"minecraft:stick":8,"minecraft:iron_ingot":20,"minecraft:iron_pickaxe":1,"minecraft:gold_ingot":9},"minecraft:broken":{"kimetsunoyaiba:uniform_boots":1,"minecraft:iron_boots":1,"minecraft:iron_chestplate":1,"minecraft:iron_leggings":1,"kimetsunoyaiba:uniform_leggings":1,"kimetsunoyaiba:uniform_chestplate":1},"minecraft:killed":{"kimetsunoyaiba:enmu_tentacle":2,"kimetsunoyaiba:hairo":2,"minecraft:spider":7,"kimetsunoyaiba:demon_slayer":3,"kimetsunoyaiba:yahaba":1,"minecraft:skeleton":13,"kimetsunoyaiba:demon_9":1,"kimetsunoyaiba:demon_10":1,"kimetsunoyaiba:demon":18,"kimetsunoyaiba:demon_2":2,"kimetsunoyaiba:boar":3,"kimetsunoyaiba:ubuyashiki":1,"minecraft:creeper":4,"minecraft:sheep":1,"kimetsunoyaiba:kamanue":1,"minecraft:zombie":11,"kimetsunoyaiba:demon_3":2,"minecraft:cow":1},"minecraft:custom":{"minecraft:mob_kills":146,"minecraft:interact_with_crafting_table":9,"minecraft:open_barrel":33,"minecraft:damage_dealt_resisted":7280,"minecraft:leave_game":5,"minecraft:time_since_death":3955,"minecraft:climb_one_cm":2231,"minecraft:damage_resisted":25928,"minecraft:sprint_one_cm":554893,"minecraft:walk_one_cm":608284,"minecraft:drop":160,"minecraft:deaths":94,"minecraft:sneak_time":11669,"minecraft:walk_under_water_one_cm":39129,"minecraft:jump":2438,"minecraft:interact_with_brewingstand":4,"minecraft:interact_with_blast_furnace":1,"minecraft:walk_on_water_one_cm":51593,"minecraft:interact_with_furnace":5,"minecraft:interact_with_cartography_table":1,"minecraft:play_one_minute":325297,"minecraft:interact_with_loom":3,"minecraft:time_since_rest":3986,"minecraft:damage_taken":51230,"minecraft:damage_dealt":31012,"minecraft:swim_one_cm":7112,"minecraft:fly_one_cm":3056539,"minecraft:player_kills":1,"minecraft:open_chest":10,"minecraft:crouch_one_cm":7357,"minecraft:fall_one_cm":187127},"minecraft:dropped":{"croptopia:lettuce_seed":2,"minecraft:wheat_seeds":6,"kimetsunoyaiba:blooddemonart_yahaba":1,"minecraft:glass_bottle":8,"kimetsunoyaiba:nichirinsword_rengoku":1,"minecraft:cobblestone":111,"minecraft:granite":1,"minecraft:spruce_stairs":1,"minecraft:stick":3,"kimetsunoyaiba:rifle":1,"minecraft:dirt":1,"kimetsunoyaiba:human_flesh_2":7,"croptopia:grape_seed":2,"minecraft:mutton":1,"croptopia:lettuce":2,"minecraft:smooth_quartz":10,"kimetsunoyaiba:blooddemonart_kamanue":2,"minecraft:writable_book":1,"minecraft:string":1,"minecraft:white_wool":2,"minecraft:bone":20,"minecraft:stone_axe":1,"minecraft:sweet_berries":2,"minecraft:stone_shovel":1,"minecraft:rotten_flesh":49,"kimetsunoyaiba:uniform_chestplate":2,"croptopia:greenbean_seed":5,"minecraft:spruce_fence":1,"minecraft:salmon":1,"croptopia:bellpepper_seed":2,"minecraft:poppy":2,"minecraft:gunpowder":15,"minecraft:spruce_planks":2,"croptopia:roe":1,"minecraft:arrow":16,"minecraft:beef":2},"minecraft:killed_by":{"kimetsunoyaiba:enmu_train":1,"kimetsunoyaiba:kokushibo":2,"minecraft:player":1,"kimetsunoyaiba:demon":38,"minecraft:spider":1,"kimetsunoyaiba:akaza":3,"kimetsunoyaiba:kanroji":2,"kimetsunoyaiba:kamanue":3,"kimetsunoyaiba:yahaba":1,"kimetsunoyaiba:gyokko":2,"kimetsunoyaiba:demon_3":4,"kimetsunoyaiba:demon_10":1,"kimetsunoyaiba:hairo":1,"kimetsunoyaiba:goldfishbig":2,"kimetsunoyaiba:kocho":1,"minecraft:skeleton":2,"kimetsunoyaiba:demon_2":4,"kimetsunoyaiba:demon_4":2,"kimetsunoyaiba:shadow_wolf":3,"kimetsunoyaiba:temple_demon":2,"kimetsunoyaiba:susamaru":1,"kimetsunoyaiba:zohakuten":1,"kimetsunoyaiba:demon_9":1,"kimetsunoyaiba:demon_5":1},"minecraft:used":{"kimetsunoyaiba:cherry_blossoms":4,"minecraft:writable_book":1,"minecraft:chest":2,"kimetsunoyaiba:nichirinsword_rengoku":395,"kimetsunoyaiba:nichirinsword_wind":1,"minecraft:dirt":5,"minecraft:granite":6,"minecraft:spruce_fence":1,"kimetsunoyaiba:nichirinsword_thunder":16,"minecraft:smooth_quartz":1,"kimetsunoyaiba:boar_flesh":29,"kimetsunoyaiba:rui_string":1,"minecraft:oak_sapling":1,"minecraft:furnace":1,"croptopia:beer":92,"croptopia:grape":1,"minecraft:diorite":4,"minecraft:stone_pickaxe":63,"kimetsunoyaiba:human_flesh_2":6,"minecraft:crafting_table":5,"minecraft:diamond_pickaxe":192,"minecraft:string":4,"minecraft:iron_pickaxe":198,"minecraft:stone_axe":4,"minecraft:cobblestone":8,"minecraft:potion":7,"minecraft:white_banner":2,"croptopia:bellpepper":2,"minecraft:sea_pickle":3,"minecraft:white_concrete":2,"croptopia:greenbean":2},"minecraft:mined":{"croptopia:bellpepper_crop":2,"minecraft:diamond_ore":10,"minecraft:spruce_planks":2,"croptopia:greenbean_crop":3,"croptopia:grape_crop":1,"kimetsunoyaiba:cherry_blossoms":4,"minecraft:granite":6,"minecraft:grass_block":8,"minecraft:spruce_fence":2,"minecraft:white_concrete":2,"minecraft:large_fern":5,"croptopia:barley_crop":2,"minecraft:redstone_ore":2,"minecraft:furnace":1,"minecraft:iron_ore":98,"minecraft:gold_block":18,"minecraft:enchanting_table":1,"minecraft:bookshelf":4,"minecraft:vine":1,"minecraft:stone":155,"minecraft:iron_block":4,"croptopia:lettuce_crop":2,"kimetsunoyaiba:scarlet_ore_block":91,"minecraft:crafting_table":2,"kimetsunoyaiba:rui_string":1,"minecraft:blast_furnace":1,"minecraft:poppy":1,"minecraft:chest":1,"minecraft:tall_grass":12,"minecraft:diorite":4,"minecraft:spruce_stairs":1,"minecraft:sweet_berry_bush":1,"kimetsunoyaiba:scarlet_ore_block_rare":17,"kimetsunoyaiba:fusuma":2,"minecraft:grass":94,"minecraft:dead_brain_coral_block":1,"minecraft:oak_log":10,"minecraft:coal_ore":20,"minecraft:dirt":12,"minecraft:smooth_quartz":14,"minecraft:oak_leaves":9,"minecraft:fern":1}},"DataVersion":2586}