{"stats":{"minecraft:picked_up":{"kimetsunoyaiba:human_flesh_2":3,"croptopia:lettuce_seed":2,"minecraft:enchanting_table":1,"minecraft:crafting_table":2,"minecraft:salmon":1,"kimetsunoyaiba:scarlet_ironsand":2,"minecraft:gold_block":16,"minecraft:oak_log":5,"kimetsunoyaiba:fusuma":2,"artifacts:flame_pendant":1,"minecraft:gunpowder":7,"kimetsunoyaiba:boar_head":1,"minecraft:dirt":6,"minecraft:string":5,"croptopia:lettuce":2,"minecraft:white_banner":2,"minecraft:bone":14,"minecraft:sea_pickle":3,"minecraft:wheat_seeds":2,"kimetsunoyaiba:scarlet_ore":1,"minecraft:iron_ore":98,"minecraft:smooth_quartz":11,"minecraft:glass_bottle":1,"croptopia:roe":1,"minecraft:furnace":1,"minecraft:book":12,"minecraft:stick":1,"kimetsunoyaiba:muzanblood":2,"minecraft:sweet_berries":2,"minecraft:blast_furnace":1,"minecraft:diorite":4,"minecraft:redstone":1,"kimetsunoyaiba:cherry_blossoms":4,"minecraft:arrow":8,"minecraft:rotten_flesh":18,"minecraft:diamond":10,"kimetsunoyaiba:boar_flesh":4,"minecraft:iron_block":4,"minecraft:granite":7,"minecraft:oak_sapling":1,"minecraft:mutton":1,"minecraft:coal":18,"minecraft:white_wool":2,"minecraft:cobblestone":80},"minecraft:crafted":{"minecraft:oak_planks":8,"minecraft:crafting_table":1,"minecraft:furnace":1,"minecraft:air":0,"minecraft:diamond_pickaxe":2,"minecraft:stick":8,"minecraft:iron_ingot":20,"minecraft:iron_pickaxe":1},"minecraft:dropped":{"croptopia:lettuce_seed":2,"minecraft:sweet_berries":2,"minecraft:wheat_seeds":2,"minecraft:glass_bottle":6,"kimetsunoyaiba:nichirinsword_rengoku":1,"minecraft:cobblestone":2,"minecraft:rotten_flesh":18,"minecraft:granite":1,"minecraft:salmon":1,"minecraft:dirt":1,"kimetsunoyaiba:human_flesh_2":3,"minecraft:gunpowder":7,"minecraft:mutton":1,"croptopia:lettuce":2,"croptopia:roe":1,"minecraft:writable_book":1,"minecraft:arrow":5,"minecraft:string":1,"minecraft:white_wool":2,"minecraft:bone":12},"minecraft:custom":{"minecraft:interact_with_furnace":5,"minecraft:mob_kills":53,"minecraft:interact_with_crafting_table":5,"minecraft:interact_with_cartography_table":1,"minecraft:open_barrel":31,"minecraft:play_one_minute":140046,"minecraft:damage_dealt_resisted":786,"minecraft:leave_game":5,"minecraft:time_since_death":10644,"minecraft:damage_resisted":4111,"minecraft:climb_one_cm":618,"minecraft:time_since_rest":10676,"minecraft:sprint_one_cm":223919,"minecraft:damage_taken":16766,"minecraft:walk_one_cm":266530,"minecraft:drop":66,"minecraft:damage_dealt":8995,"minecraft:player_kills":1,"minecraft:swim_one_cm":3354,"minecraft:fly_one_cm":1031080,"minecraft:open_chest":3,"minecraft:crouch_one_cm":5141,"minecraft:deaths":35,"minecraft:sneak_time":5024,"minecraft:walk_under_water_one_cm":12145,"minecraft:jump":1286,"minecraft:interact_with_brewingstand":4,"minecraft:interact_with_blast_furnace":1,"minecraft:walk_on_water_one_cm":24540,"minecraft:fall_one_cm":84429},"minecraft:mined":{"minecraft:diamond_ore":10,"kimetsunoyaiba:cherry_blossoms":4,"croptopia:lettuce_crop":2,"kimetsunoyaiba:scarlet_ore_block":3,"minecraft:crafting_table":2,"minecraft:granite":6,"minecraft:blast_furnace":1,"minecraft:grass_block":8,"minecraft:tall_grass":5,"minecraft:diorite":4,"minecraft:redstone_ore":2,"minecraft:furnace":1,"minecraft:iron_ore":98,"kimetsunoyaiba:fusuma":2,"minecraft:gold_block":18,"minecraft:enchanting_table":1,"minecraft:grass":38,"minecraft:dead_brain_coral_block":1,"minecraft:bookshelf":4,"minecraft:oak_log":5,"minecraft:coal_ore":20,"minecraft:smooth_quartz":12,"minecraft:dirt":12,"minecraft:stone":96,"minecraft:iron_block":4,"minecraft:oak_leaves":8,"minecraft:fern":1},"minecraft:killed_by":{"kimetsunoyaiba:demon_10":1,"kimetsunoyaiba:hairo":1,"kimetsunoyaiba:goldfishbig":1,"kimetsunoyaiba:demon":15,"minecraft:skeleton":1,"minecraft:spider":1,"kimetsunoyaiba:demon_2":3,"kimetsunoyaiba:demon_4":1,"kimetsunoyaiba:shadow_wolf":1,"kimetsunoyaiba:kamanue":1,"kimetsunoyaiba:temple_demon":1,"kimetsunoyaiba:gyokko":1,"kimetsunoyaiba:demon_9":1},"minecraft:used":{"kimetsunoyaiba:cherry_blossoms":4,"minecraft:diorite":4,"minecraft:writable_book":1,"minecraft:stone_pickaxe":63,"kimetsunoyaiba:nichirinsword_rengoku":138,"minecraft:dirt":5,"minecraft:crafting_table":3,"minecraft:granite":6,"minecraft:diamond_pickaxe":20,"minecraft:string":4,"minecraft:iron_pickaxe":198,"kimetsunoyaiba:boar_flesh":11,"minecraft:stone_axe":4,"minecraft:potion":5,"minecraft:cobblestone":6,"minecraft:furnace":1,"minecraft:oak_sapling":1,"minecraft:white_banner":2,"minecraft:sea_pickle":3,"croptopia:beer":52},"minecraft:killed":{"kimetsunoyaiba:demon":5,"kimetsunoyaiba:demon_2":1,"kimetsunoyaiba:boar":1,"kimetsunoyaiba:ubuyashiki":1,"minecraft:creeper":3,"minecraft:sheep":1,"minecraft:skeleton":8,"kimetsunoyaiba:demon_9":1,"minecraft:zombie":7},"minecraft:broken":{"kimetsunoyaiba:uniform_boots":1}},"DataVersion":2586}