{"stats":{"minecraft:killed":{"kimetsunoyaiba:enmu_tentacle":4,"kimetsunoyaiba:hairo":2,"minecraft:spider":17,"kimetsunoyaiba:demon_slayer":65,"kimetsunoyaiba:yahaba":2,"minecraft:horse":2,"minecraft:skeleton":22,"kimetsunoyaiba:demon_9":1,"kimetsunoyaiba:goldfishbig":2,"kimetsunoyaiba:dice_steak_senior":1,"kimetsunoyaiba:demon_10":1,"kimetsunoyaiba:demon":37,"kimetsunoyaiba:demon_2":2,"kimetsunoyaiba:demon_4":1,"kimetsunoyaiba:boar":3,"kimetsunoyaiba:ubuyashiki":1,"minecraft:creeper":12,"minecraft:sheep":1,"kimetsunoyaiba:kamanue":1,"minecraft:zombie":19,"kimetsunoyaiba:hantengu":1,"kimetsunoyaiba:demon_3":2,"minecraft:cow":1},"minecraft:dropped":{"croptopia:lettuce_seed":2,"minecraft:porkchop":1,"minecraft:wheat_seeds":18,"kimetsunoyaiba:blooddemonart_yahaba":1,"minecraft:glass_bottle":8,"kimetsunoyaiba:dice_steak_head_1":1,"kimetsunoyaiba:nichirinsword_rengoku":1,"minecraft:feather":2,"minecraft:cobblestone":111,"kimetsunoyaiba:dice_steak_head_2":1,"minecraft:granite":1,"minecraft:spruce_stairs":1,"kimetsunoyaiba:dice_steak_leg":2,"minecraft:stick":3,"kimetsunoyaiba:rifle":1,"minecraft:dirt":20,"kimetsunoyaiba:human_flesh_2":7,"croptopia:grape_seed":2,"kimetsunoyaiba:dice_steak_head_4":1,"minecraft:mutton":1,"croptopia:lettuce":2,"minecraft:smooth_quartz":10,"croptopia:sweetpotato_seed":5,"kimetsunoyaiba:dice_steak_body":1,"kimetsunoyaiba:blooddemonart_kamanue":2,"minecraft:writable_book":1,"kimetsunoyaiba:nichirinsword_flame":1,"minecraft:string":3,"minecraft:white_wool":2,"kimetsunoyaiba:dice_steak_arm":2,"kimetsunoyaiba:nichirinsword_kaigaku":1,"minecraft:bone":24,"kimetsunoyaiba:d_ice_steak_head_3":1,"minecraft:stone_axe":1,"minecraft:sweet_berries":2,"croptopia:blackberry_seed":8,"minecraft:stone_shovel":1,"minecraft:chicken":1,"minecraft:rotten_flesh":55,"kimetsunoyaiba:uniform_chestplate":3,"croptopia:greenbean_seed":5,"minecraft:spruce_fence":1,"kimetsunoyaiba:uniform_leggings":3,"minecraft:salmon":1,"croptopia:bellpepper_seed":2,"minecraft:poppy":2,"minecraft:gunpowder":34,"minecraft:spruce_planks":2,"croptopia:roe":1,"minecraft:spider_eye":2,"minecraft:arrow":25,"minecraft:beef":2},"minecraft:used":{"kimetsunoyaiba:cherry_blossoms":4,"minecraft:writable_book":1,"croptopia:calamari":2,"minecraft:chest":4,"kimetsunoyaiba:nichirinsword_rengoku":715,"kimetsunoyaiba:nichirinsword_wind":12,"minecraft:dirt":14,"minecraft:granite":6,"minecraft:spruce_fence":1,"kimetsunoyaiba:nichirinsword_thunder":29,"minecraft:smooth_quartz":1,"kimetsunoyaiba:boar_flesh":38,"kimetsunoyaiba:rui_string":1,"minecraft:oak_sapling":1,"minecraft:furnace":1,"croptopia:beer":128,"kimetsunoyaiba:nichirinsword_flame":95,"croptopia:grape":1,"minecraft:diorite":4,"minecraft:stone_pickaxe":63,"kimetsunoyaiba:human_flesh_2":52,"minecraft:crafting_table":6,"croptopia:sweetpotato":3,"kimetsunoyaiba:nichirinsword_kaigaku":80,"minecraft:diamond_pickaxe":194,"minecraft:string":6,"minecraft:iron_pickaxe":198,"minecraft:stone_axe":4,"minecraft:cobblestone":8,"minecraft:potion":7,"minecraft:white_banner":2,"croptopia:blackberry":5,"croptopia:bellpepper":2,"minecraft:sea_pickle":3,"minecraft:white_concrete":2,"kimetsunoyaiba:nichirinsword_water":6,"croptopia:greenbean":2},"minecraft:crafted":{"minecraft:oak_planks":56,"minecraft:furnace":1,"minecraft:chest":4,"sophisticatedbackpacks:iron_backpack":1,"sophisticatedbackpacks:backpack":1,"minecraft:crafting_table":4,"sophisticatedbackpacks:gold_backpack":1,"minecraft:air":0,"minecraft:diamond_pickaxe":2,"minecraft:stick":8,"minecraft:iron_ingot":20,"minecraft:iron_pickaxe":1,"minecraft:gold_ingot":9},"minecraft:mined":{"croptopia:bellpepper_crop":2,"minecraft:diamond_ore":10,"minecraft:spruce_planks":2,"croptopia:greenbean_crop":4,"croptopia:grape_crop":1,"kimetsunoyaiba:cherry_blossoms":4,"croptopia:persimmon_crop":1,"minecraft:granite":6,"minecraft:spruce_fence":2,"minecraft:grass_block":9,"minecraft:white_concrete":2,"minecraft:large_fern":5,"croptopia:barley_crop":2,"minecraft:redstone_ore":2,"minecraft:furnace":1,"minecraft:iron_ore":98,"minecraft:gold_block":18,"minecraft:enchanting_table":1,"minecraft:bookshelf":4,"minecraft:vine":1,"minecraft:stone":155,"minecraft:iron_block":4,"croptopia:lettuce_crop":2,"kimetsunoyaiba:scarlet_ore_block":93,"croptopia:sweetpotato_crop":5,"minecraft:cornflower":2,"minecraft:crafting_table":2,"kimetsunoyaiba:rui_string":1,"minecraft:blast_furnace":1,"minecraft:poppy":1,"minecraft:chest":3,"minecraft:tall_grass":40,"minecraft:diorite":4,"minecraft:spruce_stairs":1,"minecraft:sweet_berry_bush":1,"kimetsunoyaiba:scarlet_ore_block_rare":17,"kimetsunoyaiba:fusuma":2,"minecraft:grass":299,"minecraft:dead_brain_coral_block":1,"minecraft:coal_ore":20,"minecraft:oak_log":14,"minecraft:smooth_quartz":14,"croptopia:blackberry_crop":2,"minecraft:dirt":13,"minecraft:oak_leaves":10,"minecraft:fern":1},"minecraft:killed_by":{"kimetsunoyaiba:enmu_train":1,"kimetsunoyaiba:kokushibo":2,"kimetsunoyaiba:demon_slayer":8,"minecraft:player":1,"kimetsunoyaiba:genya":1,"kimetsunoyaiba:demon":62,"minecraft:spider":1,"kimetsunoyaiba:doma":2,"kimetsunoyaiba:akaza":5,"kimetsunoyaiba:kanroji":2,"kimetsunoyaiba:kamanue":4,"kimetsunoyaiba:yahaba":1,"kimetsunoyaiba:gyokko":2,"kimetsunoyaiba:demon_3":5,"kimetsunoyaiba:daki":1,"kimetsunoyaiba:doma_mini":1,"kimetsunoyaiba:demon_10":2,"kimetsunoyaiba:hairo":4,"kimetsunoyaiba:goldfishbig":6,"kimetsunoyaiba:kocho":1,"minecraft:skeleton":2,"kimetsunoyaiba:hantengu_karaku":1,"kimetsunoyaiba:rokuro":1,"kimetsunoyaiba:demon_2":9,"kimetsunoyaiba:demon_4":4,"kimetsunoyaiba:shadow_wolf":4,"kimetsunoyaiba:muzan":5,"kimetsunoyaiba:temple_demon":4,"kimetsunoyaiba:susamaru":2,"kimetsunoyaiba:zohakuten":1,"kimetsunoyaiba:gyutaro":3,"kimetsunoyaiba:demon_9":1,"kimetsunoyaiba:demon_5":1},"minecraft:custom":{"minecraft:mob_kills":321,"minecraft:interact_with_crafting_table":10,"minecraft:open_barrel":33,"minecraft:damage_dealt_resisted":32160,"minecraft:leave_game":7,"minecraft:time_since_death":13408,"minecraft:climb_one_cm":2231,"minecraft:damage_resisted":62071,"minecraft:sprint_one_cm":1119613,"minecraft:walk_one_cm":958644,"minecraft:drop":221,"minecraft:damage_dealt_absorbed":120,"minecraft:deaths":168,"minecraft:sneak_time":12348,"minecraft:walk_under_water_one_cm":50762,"minecraft:interact_with_brewingstand":4,"minecraft:jump":4349,"minecraft:interact_with_blast_furnace":1,"minecraft:walk_on_water_one_cm":69958,"minecraft:interact_with_furnace":5,"minecraft:interact_with_cartography_table":1,"minecraft:play_one_minute":465581,"minecraft:interact_with_loom":3,"minecraft:time_since_rest":13435,"minecraft:damage_taken":97541,"minecraft:damage_dealt":82825,"minecraft:player_kills":1,"minecraft:swim_one_cm":9844,"minecraft:fly_one_cm":4062983,"minecraft:open_chest":19,"minecraft:crouch_one_cm":7865,"minecraft:fall_one_cm":466461},"minecraft:picked_up":{"kimetsunoyaiba:muzan_hat_helmet":1,"minecraft:crafting_table":2,"minecraft:chicken":1,"kimetsunoyaiba:nichirinsword_flame":1,"croptopia:grape_seed":2,"croptopia:sweetpotato_seed":5,"kimetsunoyaiba:scarlet_ironsand":51,"minecraft:gold_block":16,"croptopia:calamari":2,"minecraft:string":42,"croptopia:lettuce":2,"kimetsunoyaiba:dice_steak_head_2":1,"croptopia:bellpepper_seed":2,"minecraft:sea_pickle":3,"minecraft:spruce_planks":2,"minecraft:beef":2,"minecraft:poppy":2,"minecraft:smooth_quartz":11,"minecraft:chest":3,"kimetsunoyaiba:dice_steak_head_4":1,"minecraft:furnace":1,"kimetsunoyaiba:rui_string":1,"kimetsunoyaiba:blooddemonart_enmu":2,"minecraft:stick":1,"croptopia:greenbean_seed":5,"croptopia:blackberry_seed":8,"minecraft:spruce_stairs":1,"minecraft:spruce_fence":2,"minecraft:porkchop":1,"minecraft:diorite":4,"minecraft:redstone":1,"fh:clan_roll":3,"kimetsunoyaiba:d_ice_steak_head_3":1,"croptopia:grape":2,"minecraft:arrow":46,"minecraft:rotten_flesh":88,"kimetsunoyaiba:boar_flesh":6,"minecraft:iron_block":4,"kimetsunoyaiba:dice_steak_head_1":1,"kimetsunoyaiba:demon_hand":4,"minecraft:white_wool":2,"minecraft:mutton":1,"kimetsunoyaiba:rifle":3,"minecraft:cobblestone":134,"kimetsunoyaiba:human_flesh_2":66,"croptopia:lettuce_seed":2,"minecraft:enchanting_table":1,"minecraft:feather":2,"minecraft:salmon":1,"kimetsunoyaiba:nichirinsword_kaigaku":2,"minecraft:leather":13,"kimetsunoyaiba:blooddemonart_kamanue":3,"minecraft:oak_log":14,"kimetsunoyaiba:dice_steak_leg":2,"kimetsunoyaiba:fusuma":2,"artifacts:flame_pendant":1,"kimetsunoyaiba:scarlet_ore_rare":17,"minecraft:gunpowder":53,"kimetsunoyaiba:boar_head":1,"kimetsunoyaiba:uniform_chestplate":11,"kimetsunoyaiba:dice_steak_arm":2,"minecraft:dirt":34,"minecraft:white_banner":2,"minecraft:bone":51,"croptopia:sweetpotato":3,"minecraft:wheat_seeds":21,"kimetsunoyaiba:scarlet_ore":39,"kimetsunoyaiba:blooddemonart_yahaba":2,"croptopia:bellpepper":2,"minecraft:iron_ore":98,"minecraft:glass_bottle":1,"croptopia:roe":1,"minecraft:book":12,"kimetsunoyaiba:muzanblood":59,"minecraft:sweet_berries":2,"croptopia:blackberry":5,"minecraft:blast_furnace":1,"kimetsunoyaiba:uniform_leggings":7,"kimetsunoyaiba:cherry_blossoms":4,"minecraft:spider_eye":2,"minecraft:diamond":10,"kimetsunoyaiba:uniform_boots":9,"minecraft:granite":7,"croptopia:greenbean":2,"minecraft:white_concrete":2,"kimetsunoyaiba:dice_steak_body":1,"kimetsunoyaiba:nichirinsword":10,"minecraft:oak_sapling":1,"minecraft:coal":18},"minecraft:broken":{"kimetsunoyaiba:uniform_boots":6,"minecraft:iron_boots":1,"minecraft:iron_chestplate":1,"minecraft:iron_leggings":1,"kimetsunoyaiba:uniform_leggings":5,"kimetsunoyaiba:uniform_chestplate":4}},"DataVersion":2586}