{"stats":{"minecraft:picked_up":{"kimetsunoyaiba:human_flesh_2":4,"croptopia:lettuce_seed":2,"minecraft:enchanting_table":1,"minecraft:crafting_table":2,"minecraft:salmon":1,"kimetsunoyaiba:scarlet_ironsand":22,"minecraft:gold_block":16,"minecraft:oak_log":5,"artifacts:flame_pendant":1,"minecraft:gunpowder":7,"kimetsunoyaiba:fusuma":2,"kimetsunoyaiba:scarlet_ore_rare":5,"kimetsunoyaiba:boar_head":1,"minecraft:string":5,"minecraft:dirt":6,"croptopia:lettuce":2,"minecraft:white_banner":2,"minecraft:bone":15,"minecraft:sea_pickle":3,"minecraft:wheat_seeds":3,"kimetsunoyaiba:scarlet_ore":8,"minecraft:spruce_planks":2,"minecraft:iron_ore":98,"minecraft:smooth_quartz":11,"minecraft:glass_bottle":1,"croptopia:roe":1,"minecraft:furnace":1,"minecraft:book":12,"kimetsunoyaiba:rui_string":1,"minecraft:stick":1,"kimetsunoyaiba:muzanblood":2,"minecraft:sweet_berries":2,"minecraft:spruce_stairs":1,"minecraft:spruce_fence":2,"minecraft:blast_furnace":1,"minecraft:diorite":4,"minecraft:redstone":1,"kimetsunoyaiba:cherry_blossoms":4,"minecraft:arrow":10,"minecraft:rotten_flesh":18,"minecraft:diamond":10,"kimetsunoyaiba:boar_flesh":6,"minecraft:iron_block":4,"minecraft:granite":7,"minecraft:oak_sapling":1,"minecraft:mutton":1,"minecraft:coal":18,"minecraft:white_wool":2,"minecraft:cobblestone":90},"minecraft:crafted":{"minecraft:oak_planks":8,"minecraft:crafting_table":1,"minecraft:furnace":1,"minecraft:air":0,"minecraft:diamond_pickaxe":2,"minecraft:stick":8,"minecraft:iron_ingot":20,"minecraft:iron_pickaxe":1},"minecraft:broken":{"kimetsunoyaiba:uniform_boots":1,"kimetsunoyaiba:uniform_leggings":1},"minecraft:killed":{"kimetsunoyaiba:demon":6,"kimetsunoyaiba:demon_2":1,"kimetsunoyaiba:boar":3,"kimetsunoyaiba:ubuyashiki":1,"minecraft:creeper":3,"minecraft:sheep":1,"minecraft:skeleton":9,"kimetsunoyaiba:demon_9":1,"minecraft:zombie":8},"minecraft:custom":{"minecraft:interact_with_furnace":5,"minecraft:mob_kills":61,"minecraft:interact_with_crafting_table":5,"minecraft:interact_with_cartography_table":1,"minecraft:open_barrel":31,"minecraft:play_one_minute":181297,"minecraft:interact_with_loom":3,"minecraft:damage_dealt_resisted":1110,"minecraft:leave_game":5,"minecraft:time_since_death":5670,"minecraft:damage_resisted":5408,"minecraft:climb_one_cm":1574,"minecraft:time_since_rest":5693,"minecraft:sprint_one_cm":251830,"minecraft:damage_taken":19450,"minecraft:walk_one_cm":302523,"minecraft:drop":89,"minecraft:damage_dealt":11048,"minecraft:player_kills":1,"minecraft:swim_one_cm":3354,"minecraft:fly_one_cm":1882271,"minecraft:open_chest":5,"minecraft:crouch_one_cm":5928,"minecraft:deaths":39,"minecraft:sneak_time":8111,"minecraft:walk_under_water_one_cm":24749,"minecraft:interact_with_brewingstand":4,"minecraft:jump":1363,"minecraft:interact_with_blast_furnace":1,"minecraft:walk_on_water_one_cm":27295,"minecraft:fall_one_cm":86776},"minecraft:dropped":{"croptopia:lettuce_seed":2,"minecraft:sweet_berries":2,"minecraft:wheat_seeds":3,"minecraft:glass_bottle":7,"kimetsunoyaiba:nichirinsword_rengoku":1,"minecraft:cobblestone":3,"minecraft:rotten_flesh":18,"minecraft:granite":1,"minecraft:spruce_stairs":1,"minecraft:spruce_fence":1,"minecraft:salmon":1,"minecraft:dirt":1,"kimetsunoyaiba:human_flesh_2":3,"minecraft:gunpowder":7,"minecraft:spruce_planks":2,"minecraft:mutton":1,"minecraft:smooth_quartz":10,"croptopia:lettuce":2,"croptopia:roe":1,"minecraft:writable_book":1,"minecraft:arrow":7,"minecraft:string":1,"minecraft:white_wool":2,"minecraft:bone":17},"minecraft:killed_by":{"kimetsunoyaiba:enmu_train":1,"kimetsunoyaiba:demon_10":1,"kimetsunoyaiba:hairo":1,"kimetsunoyaiba:goldfishbig":1,"kimetsunoyaiba:demon":17,"minecraft:skeleton":1,"minecraft:spider":1,"kimetsunoyaiba:demon_2":3,"kimetsunoyaiba:demon_4":1,"kimetsunoyaiba:shadow_wolf":1,"kimetsunoyaiba:kamanue":1,"kimetsunoyaiba:temple_demon":1,"kimetsunoyaiba:gyokko":1,"kimetsunoyaiba:demon_9":1},"minecraft:used":{"kimetsunoyaiba:cherry_blossoms":4,"minecraft:writable_book":1,"minecraft:diorite":4,"minecraft:stone_pickaxe":63,"kimetsunoyaiba:nichirinsword_rengoku":159,"minecraft:dirt":5,"minecraft:crafting_table":3,"minecraft:spruce_fence":1,"minecraft:granite":6,"minecraft:diamond_pickaxe":69,"minecraft:string":4,"minecraft:iron_pickaxe":198,"minecraft:smooth_quartz":1,"kimetsunoyaiba:boar_flesh":15,"minecraft:stone_axe":4,"minecraft:potion":6,"minecraft:cobblestone":8,"minecraft:furnace":1,"minecraft:oak_sapling":1,"minecraft:white_banner":2,"minecraft:sea_pickle":3,"croptopia:beer":58},"minecraft:mined":{"minecraft:diamond_ore":10,"minecraft:spruce_planks":2,"kimetsunoyaiba:cherry_blossoms":4,"croptopia:lettuce_crop":2,"kimetsunoyaiba:scarlet_ore_block":30,"kimetsunoyaiba:rui_string":1,"minecraft:crafting_table":2,"minecraft:granite":6,"minecraft:blast_furnace":1,"minecraft:spruce_fence":2,"minecraft:grass_block":8,"minecraft:tall_grass":5,"minecraft:diorite":4,"minecraft:spruce_stairs":1,"minecraft:redstone_ore":2,"minecraft:furnace":1,"minecraft:iron_ore":98,"kimetsunoyaiba:scarlet_ore_block_rare":5,"kimetsunoyaiba:fusuma":2,"minecraft:gold_block":18,"minecraft:enchanting_table":1,"minecraft:grass":39,"minecraft:dead_brain_coral_block":1,"minecraft:bookshelf":4,"minecraft:coal_ore":20,"minecraft:oak_log":5,"minecraft:smooth_quartz":14,"minecraft:dirt":12,"minecraft:stone":107,"minecraft:iron_block":4,"minecraft:oak_leaves":8,"minecraft:fern":1}},"DataVersion":2586}