{"stats":{"minecraft:killed":{"minecraft:witch":1,"minecraft:spider":3,"kimetsunoyaiba:kanroji":1,"minecraft:skeleton":4,"minecraft:horse":2,"kimetsunoyaiba:hand_demon":1,"kimetsunoyaiba:gyutaro":1,"kimetsunoyaiba:demon":2,"kimetsunoyaiba:demon_2":2,"kimetsunoyaiba:nezuko":2,"kimetsunoyaiba:haganeduka":1,"minecraft:creeper":9,"kimetsunoyaiba:kasugai_crow":2,"kimetsunoyaiba:daki":1,"minecraft:zombie":12,"kimetsunoyaiba:tomioka":1,"kimetsunoyaiba:susamaru":3,"kimetsunoyaiba:uzui":1,"kimetsunoyaiba:kokushibo":2,"kimetsunoyaiba:rokuro":1},"minecraft:dropped":{"minecraft:porkchop":2,"minecraft:lilac":1,"kimetsunoyaiba:clothes_akaza_leggings":1,"kimetsunoyaiba:blooddemonart_akaza":2,"minecraft:jungle_planks":2,"minecraft:stick":8,"minecraft:dirt":7,"fh:blue_spider_lily":1,"minecraft:warped_stairs":1,"minecraft:ink_sac":8,"croptopia:sweetpotato_seed":2,"kimetsunoyaiba:blooddemonart_kamanue":1,"kimetsunoyaiba:nichirinsword":1,"kimetsunoyaiba:demon_2_spawn_egg":1,"minecraft:polished_blackstone_bricks":3,"kimetsunoyaiba:clothes_akaza_chestplate":1,"kimetsunoyaiba:drum":1,"minecraft:string":8,"croptopia:calamari":6,"minecraft:bone":44,"minecraft:stone_shovel":1,"minecraft:rotten_flesh":29,"kimetsunoyaiba:uniform_chestplate":1,"minecraft:oak_planks":6,"kimetsunoyaiba:muzanblood":8,"kimetsunoyaiba:uniform_leggings":1,"kimetsunoyaiba:hair_tsugikuni":1,"minecraft:gunpowder":10,"kimetsunoyaiba:chigama":1,"kimetsunoyaiba:sword_kokushibo_2":2,"minecraft:arrow":17,"minecraft:stone_pickaxe":1,"kimetsunoyaiba:handfan":1,"kimetsunoyaiba:clothes_gyutaro_leggings":4},"minecraft:used":{"minecraft:stone_sword":16,"minecraft:stone_shovel":24,"minecraft:spruce_planks":3,"croptopia:wine":1,"minecraft:dirt":25,"kimetsunoyaiba:daki_spawn_egg":2,"kimetsunoyaiba:blooddemonart_nezuko":4,"kimetsunoyaiba:demon_spawn_egg":3,"kimetsunoyaiba:boar_flesh":23,"kimetsunoyaiba:muzanblood":188,"minecraft:warped_stairs":1,"minecraft:furnace":1,"minecraft:oak_sapling":3,"croptopia:beer":1,"minecraft:stripped_spruce_wood":1,"minecraft:birch_planks":20,"minecraft:stone_pickaxe":64,"minecraft:oak_planks":110,"kimetsunoyaiba:human_flesh_2":14,"kimetsunoyaiba:sword_kokushibo_1":11,"kimetsunoyaiba:sword_kokushibo_2":173,"minecraft:crafting_table":1,"croptopia:sweetpotato":2,"kimetsunoyaiba:demon_2_spawn_egg":1,"minecraft:string":1,"minecraft:iron_pickaxe":139,"minecraft:stone_axe":63,"minecraft:cobblestone":32,"fh:blue_spider_lily":1},"minecraft:crafted":{"minecraft:oak_planks":116,"minecraft:furnace":1,"minecraft:crafting_table":1,"minecraft:birch_planks":20,"minecraft:air":0,"minecraft:stick":4,"minecraft:iron_ingot":5,"minecraft:iron_pickaxe":1},"minecraft:mined":{"croptopia:pepper_crop":1,"minecraft:spruce_planks":3,"minecraft:warped_stairs":1,"minecraft:grass_block":27,"minecraft:jungle_planks":2,"minecraft:coal_block":16,"minecraft:spruce_leaves":3,"minecraft:large_fern":9,"minecraft:polished_blackstone_bricks":3,"minecraft:furnace":1,"minecraft:iron_ore":34,"minecraft:stone":68,"croptopia:sweetpotato_crop":2,"minecraft:crafting_table":1,"minecraft:sugar_cane":5,"minecraft:oak_planks":6,"minecraft:birch_planks":4,"fh:blue_spider_lily":3,"minecraft:stripped_spruce_wood":1,"minecraft:birch_log":5,"minecraft:sweet_berry_bush":1,"minecraft:lilac":2,"minecraft:birch_leaves":1,"minecraft:grass":20,"minecraft:oak_log":30,"minecraft:coal_ore":75,"croptopia:celery_crop":1,"minecraft:gravel":5,"minecraft:dirt":10,"minecraft:gold_ore":5,"minecraft:oak_leaves":20,"minecraft:fern":4},"minecraft:killed_by":{"minecraft:player":5,"kimetsunoyaiba:demon_slayer":4,"kimetsunoyaiba:inosuke":1,"minecraft:creeper":4,"kimetsunoyaiba:muichiro":2,"kimetsunoyaiba:shinazugawa":1,"kimetsunoyaiba:kanroji":2,"kimetsunoyaiba:tanjiro":1,"minecraft:skeleton":1,"kimetsunoyaiba:tanjiro_demon":2,"minecraft:zombie":2,"kimetsunoyaiba:kanawo":1,"kimetsunoyaiba:rengoku":1,"kimetsunoyaiba:demon_2":1,"kimetsunoyaiba:kaigaku_human":1,"kimetsunoyaiba:demon_9":2},"minecraft:custom":{"minecraft:mob_kills":79,"minecraft:interact_with_crafting_table":3,"minecraft:damage_dealt_resisted":14515,"minecraft:leave_game":7,"minecraft:time_since_death":1323,"minecraft:damage_resisted":117239,"minecraft:sprint_one_cm":598024,"minecraft:walk_one_cm":630629,"minecraft:drop":76,"minecraft:deaths":65,"minecraft:sneak_time":11976,"minecraft:walk_under_water_one_cm":11189,"minecraft:jump":2539,"minecraft:walk_on_water_one_cm":60409,"minecraft:interact_with_furnace":7,"minecraft:play_one_minute":278765,"minecraft:time_since_rest":1347,"minecraft:damage_taken":51439,"minecraft:damage_dealt":32275,"minecraft:swim_one_cm":14270,"minecraft:fly_one_cm":684565,"minecraft:player_kills":11,"minecraft:open_chest":11,"minecraft:crouch_one_cm":24130,"minecraft:fall_one_cm":216163},"minecraft:picked_up":{"minecraft:crafting_table":1,"croptopia:sweetpotato_seed":2,"croptopia:calamari":6,"minecraft:warped_stairs":2,"kimetsunoyaiba:kokushibo_tentacles_chestplate":1,"minecraft:string":9,"kimetsunoyaiba:blooddemonart_demon_king":1,"minecraft:spruce_planks":3,"kimetsunoyaiba:chigama":3,"minecraft:sugar_cane":4,"minecraft:coal_block":16,"kimetsunoyaiba:clothes_doma_chestplate":1,"minecraft:furnace":1,"minecraft:stick":6,"kimetsunoyaiba:clothes_kokushibo_chestplate":2,"fh:tsugikuni_clan_item":1,"minecraft:polished_blackstone_bricks":3,"kimetsunoyaiba:handfan":1,"minecraft:porkchop":2,"minecraft:arrow":17,"minecraft:rotten_flesh":29,"kimetsunoyaiba:demon_hand":1,"kimetsunoyaiba:nichirinsword_tomioka":1,"minecraft:cobblestone":40,"kimetsunoyaiba:human_flesh_2":15,"minecraft:birch_log":5,"minecraft:lilac":1,"minecraft:leather":3,"kimetsunoyaiba:blooddemonart_kamanue":1,"minecraft:stripped_spruce_wood":1,"minecraft:oak_log":29,"minecraft:gunpowder":10,"minecraft:dirt":32,"kimetsunoyaiba:blooddemonart_akaza":1,"kimetsunoyaiba:sword_kokushibo_1":3,"kimetsunoyaiba:sword_kokushibo_2":2,"minecraft:bone":23,"kimetsunoyaiba:whistle":2,"croptopia:sweetpotato":2,"minecraft:iron_ore":34,"minecraft:oak_planks":6,"kimetsunoyaiba:clothes_gyutaro_leggings":4,"kimetsunoyaiba:muzanblood":65,"minecraft:jungle_planks":2,"minecraft:ink_sac":8,"minecraft:gold_ore":5,"kimetsunoyaiba:drum":1,"fh:blue_spider_lily":3,"minecraft:oak_sapling":3,"kimetsunoyaiba:blooddemonart_nezuko":1,"minecraft:coal":102},"minecraft:broken":{"kimetsunoyaiba:uniform_boots":1}},"DataVersion":2586}