{"stats":{"minecraft:killed":{"kimetsunoyaiba:demon":2,"kimetsunoyaiba:demon_2":2,"kimetsunoyaiba:nezuko":2,"minecraft:creeper":5,"kimetsunoyaiba:kanroji":1,"minecraft:skeleton":2,"minecraft:horse":2,"kimetsunoyaiba:kasugai_crow":2,"kimetsunoyaiba:hand_demon":1,"kimetsunoyaiba:daki":1,"minecraft:zombie":10,"kimetsunoyaiba:gyutaro":1,"kimetsunoyaiba:susamaru":3,"kimetsunoyaiba:uzui":1,"kimetsunoyaiba:kokushibo":2},"minecraft:dropped":{"minecraft:porkchop":2,"minecraft:lilac":1,"kimetsunoyaiba:clothes_akaza_leggings":1,"minecraft:rotten_flesh":14,"kimetsunoyaiba:uniform_chestplate":1,"kimetsunoyaiba:muzanblood":8,"kimetsunoyaiba:blooddemonart_akaza":2,"minecraft:jungle_planks":2,"minecraft:stick":7,"minecraft:dirt":2,"kimetsunoyaiba:hair_tsugikuni":1,"minecraft:gunpowder":8,"minecraft:warped_stairs":1,"minecraft:ink_sac":2,"kimetsunoyaiba:chigama":1,"croptopia:sweetpotato_seed":2,"kimetsunoyaiba:blooddemonart_kamanue":1,"kimetsunoyaiba:nichirinsword":1,"kimetsunoyaiba:demon_2_spawn_egg":1,"kimetsunoyaiba:sword_kokushibo_2":1,"minecraft:arrow":12,"minecraft:polished_blackstone_bricks":3,"minecraft:stone_pickaxe":1,"kimetsunoyaiba:clothes_akaza_chestplate":1,"kimetsunoyaiba:drum":1,"minecraft:string":2,"croptopia:calamari":6,"kimetsunoyaiba:handfan":1,"kimetsunoyaiba:clothes_gyutaro_leggings":3,"minecraft:bone":27},"minecraft:used":{"minecraft:stone_sword":16,"minecraft:stone_shovel":17,"minecraft:stone_pickaxe":64,"minecraft:oak_planks":69,"minecraft:spruce_planks":3,"kimetsunoyaiba:human_flesh_2":10,"kimetsunoyaiba:sword_kokushibo_1":8,"kimetsunoyaiba:sword_kokushibo_2":122,"croptopia:wine":1,"minecraft:dirt":21,"kimetsunoyaiba:daki_spawn_egg":2,"minecraft:crafting_table":1,"kimetsunoyaiba:blooddemonart_nezuko":2,"croptopia:sweetpotato":2,"kimetsunoyaiba:demon_2_spawn_egg":1,"kimetsunoyaiba:demon_spawn_egg":3,"minecraft:iron_pickaxe":84,"kimetsunoyaiba:boar_flesh":16,"kimetsunoyaiba:muzanblood":179,"minecraft:stone_axe":39,"minecraft:cobblestone":21,"minecraft:warped_stairs":1,"minecraft:oak_sapling":2,"minecraft:furnace":1,"croptopia:beer":1,"minecraft:stripped_spruce_wood":1},"minecraft:crafted":{"minecraft:oak_planks":72,"minecraft:crafting_table":1,"minecraft:furnace":1,"minecraft:air":0,"minecraft:stick":4,"minecraft:iron_ingot":5,"minecraft:iron_pickaxe":1},"minecraft:mined":{"croptopia:pepper_crop":1,"minecraft:spruce_planks":3,"croptopia:sweetpotato_crop":2,"minecraft:warped_stairs":1,"minecraft:crafting_table":1,"minecraft:grass_block":22,"minecraft:jungle_planks":2,"minecraft:coal_block":16,"minecraft:spruce_leaves":3,"minecraft:oak_planks":3,"minecraft:large_fern":1,"minecraft:polished_blackstone_bricks":3,"minecraft:furnace":1,"minecraft:stripped_spruce_wood":1,"minecraft:iron_ore":34,"minecraft:lilac":1,"minecraft:grass":14,"croptopia:celery_crop":1,"minecraft:coal_ore":73,"minecraft:oak_log":18,"minecraft:dirt":6,"minecraft:stone":21,"minecraft:oak_leaves":19,"minecraft:fern":2},"minecraft:killed_by":{"kimetsunoyaiba:demon_slayer":3,"minecraft:player":1,"kimetsunoyaiba:inosuke":1,"minecraft:skeleton":1,"minecraft:creeper":4,"minecraft:zombie":1,"kimetsunoyaiba:rengoku":1,"kimetsunoyaiba:demon_2":1,"kimetsunoyaiba:muichiro":1,"kimetsunoyaiba:shinazugawa":1,"kimetsunoyaiba:kanroji":2,"kimetsunoyaiba:kaigaku_human":1,"kimetsunoyaiba:tanjiro":1,"kimetsunoyaiba:demon_9":2},"minecraft:custom":{"minecraft:interact_with_furnace":7,"minecraft:mob_kills":58,"minecraft:interact_with_crafting_table":3,"minecraft:play_one_minute":168194,"minecraft:damage_dealt_resisted":13757,"minecraft:leave_game":4,"minecraft:time_since_death":2181,"minecraft:damage_resisted":59574,"minecraft:time_since_rest":2225,"minecraft:sprint_one_cm":447833,"minecraft:damage_taken":30179,"minecraft:walk_one_cm":424122,"minecraft:damage_dealt":25287,"minecraft:drop":53,"minecraft:player_kills":3,"minecraft:swim_one_cm":11930,"minecraft:fly_one_cm":486161,"minecraft:open_chest":6,"minecraft:crouch_one_cm":13969,"minecraft:deaths":42,"minecraft:sneak_time":7454,"minecraft:walk_under_water_one_cm":7517,"minecraft:jump":1731,"minecraft:walk_on_water_one_cm":40316,"minecraft:fall_one_cm":136159},"minecraft:picked_up":{"kimetsunoyaiba:human_flesh_2":11,"minecraft:crafting_table":1,"minecraft:lilac":1,"minecraft:leather":3,"croptopia:sweetpotato_seed":2,"kimetsunoyaiba:blooddemonart_kamanue":1,"croptopia:calamari":6,"minecraft:stripped_spruce_wood":1,"minecraft:oak_log":18,"kimetsunoyaiba:kokushibo_tentacles_chestplate":1,"minecraft:warped_stairs":2,"minecraft:gunpowder":8,"minecraft:string":3,"minecraft:dirt":23,"kimetsunoyaiba:blooddemonart_akaza":1,"kimetsunoyaiba:sword_kokushibo_1":3,"kimetsunoyaiba:sword_kokushibo_2":1,"minecraft:bone":18,"kimetsunoyaiba:whistle":2,"croptopia:sweetpotato":2,"minecraft:spruce_planks":3,"kimetsunoyaiba:chigama":3,"minecraft:iron_ore":34,"kimetsunoyaiba:clothes_doma_chestplate":1,"minecraft:coal_block":16,"minecraft:oak_planks":3,"minecraft:furnace":1,"kimetsunoyaiba:clothes_gyutaro_leggings":4,"minecraft:stick":5,"kimetsunoyaiba:clothes_kokushibo_chestplate":2,"kimetsunoyaiba:muzanblood":64,"fh:tsugikuni_clan_item":1,"kimetsunoyaiba:handfan":1,"minecraft:porkchop":2,"minecraft:polished_blackstone_bricks":3,"minecraft:jungle_planks":2,"minecraft:ink_sac":2,"minecraft:arrow":13,"minecraft:rotten_flesh":27,"kimetsunoyaiba:drum":1,"kimetsunoyaiba:demon_hand":1,"minecraft:oak_sapling":2,"kimetsunoyaiba:blooddemonart_nezuko":1,"minecraft:coal":100,"minecraft:cobblestone":29}},"DataVersion":2586}