{"stats":{"minecraft:used":{"minecraft:stone_axe":1,"minecraft:stone_sword":3},"minecraft:custom":{"minecraft:jump":32,"minecraft:time_since_rest":2382,"minecraft:damage_dealt":110,"minecraft:crouch_one_cm":19,"minecraft:play_one_minute":2382,"minecraft:leave_game":1,"minecraft:walk_on_water_one_cm":520,"minecraft:sprint_one_cm":4938,"minecraft:damage_taken":32,"minecraft:time_since_death":2382,"minecraft:walk_one_cm":6717,"minecraft:sneak_time":79,"minecraft:damage_resisted":8,"minecraft:fall_one_cm":1994,"minecraft:fly_one_cm":2364,"minecraft:damage_dealt_resisted":28}},"DataVersion":2586}