{"stats":{"minecraft:killed":{"kimetsunoyaiba:kanroji":1,"minecraft:horse":2,"minecraft:skeleton":2,"kimetsunoyaiba:hand_demon":1,"kimetsunoyaiba:gyutaro":1,"kimetsunoyaiba:demon":2,"kimetsunoyaiba:demon_2":2,"kimetsunoyaiba:nezuko":2,"kimetsunoyaiba:haganeduka":1,"minecraft:creeper":5,"kimetsunoyaiba:kasugai_crow":2,"kimetsunoyaiba:daki":1,"minecraft:zombie":10,"kimetsunoyaiba:susamaru":3,"kimetsunoyaiba:uzui":1,"kimetsunoyaiba:kokushibo":2},"minecraft:dropped":{"minecraft:porkchop":2,"minecraft:lilac":1,"kimetsunoyaiba:clothes_akaza_leggings":1,"kimetsunoyaiba:blooddemonart_akaza":2,"minecraft:jungle_planks":2,"minecraft:stick":7,"minecraft:dirt":2,"minecraft:warped_stairs":1,"minecraft:ink_sac":2,"croptopia:sweetpotato_seed":2,"kimetsunoyaiba:blooddemonart_kamanue":1,"kimetsunoyaiba:nichirinsword":1,"kimetsunoyaiba:demon_2_spawn_egg":1,"minecraft:polished_blackstone_bricks":3,"kimetsunoyaiba:clothes_akaza_chestplate":1,"kimetsunoyaiba:drum":1,"minecraft:string":2,"croptopia:calamari":6,"minecraft:bone":27,"minecraft:rotten_flesh":14,"kimetsunoyaiba:uniform_chestplate":1,"kimetsunoyaiba:muzanblood":8,"kimetsunoyaiba:hair_tsugikuni":1,"minecraft:gunpowder":10,"kimetsunoyaiba:chigama":1,"kimetsunoyaiba:sword_kokushibo_2":1,"minecraft:arrow":13,"minecraft:stone_pickaxe":1,"kimetsunoyaiba:handfan":1,"kimetsunoyaiba:clothes_gyutaro_leggings":3},"minecraft:used":{"minecraft:stone_sword":16,"minecraft:stone_shovel":17,"minecraft:spruce_planks":3,"croptopia:wine":1,"minecraft:dirt":22,"kimetsunoyaiba:daki_spawn_egg":2,"kimetsunoyaiba:blooddemonart_nezuko":2,"kimetsunoyaiba:demon_spawn_egg":3,"kimetsunoyaiba:boar_flesh":18,"kimetsunoyaiba:muzanblood":179,"minecraft:warped_stairs":1,"minecraft:furnace":1,"minecraft:oak_sapling":3,"croptopia:beer":1,"minecraft:stripped_spruce_wood":1,"minecraft:birch_planks":20,"minecraft:stone_pickaxe":64,"minecraft:oak_planks":84,"kimetsunoyaiba:sword_kokushibo_2":132,"kimetsunoyaiba:sword_kokushibo_1":8,"kimetsunoyaiba:human_flesh_2":13,"minecraft:crafting_table":1,"croptopia:sweetpotato":2,"kimetsunoyaiba:demon_2_spawn_egg":1,"minecraft:string":1,"minecraft:iron_pickaxe":84,"minecraft:stone_axe":55,"minecraft:cobblestone":21},"minecraft:crafted":{"minecraft:oak_planks":96,"minecraft:furnace":1,"minecraft:crafting_table":1,"minecraft:birch_planks":20,"minecraft:air":0,"minecraft:stick":4,"minecraft:iron_ingot":5,"minecraft:iron_pickaxe":1},"minecraft:mined":{"croptopia:pepper_crop":1,"minecraft:spruce_planks":3,"minecraft:warped_stairs":1,"minecraft:grass_block":25,"minecraft:jungle_planks":2,"minecraft:coal_block":16,"minecraft:spruce_leaves":3,"minecraft:large_fern":5,"minecraft:polished_blackstone_bricks":3,"minecraft:furnace":1,"minecraft:iron_ore":34,"minecraft:stone":21,"croptopia:sweetpotato_crop":2,"minecraft:crafting_table":1,"minecraft:oak_planks":4,"minecraft:birch_planks":4,"minecraft:stripped_spruce_wood":1,"minecraft:birch_log":5,"minecraft:sweet_berry_bush":1,"minecraft:lilac":1,"minecraft:grass":15,"minecraft:oak_log":24,"minecraft:coal_ore":73,"croptopia:celery_crop":1,"minecraft:dirt":6,"minecraft:oak_leaves":20,"minecraft:fern":2},"minecraft:killed_by":{"minecraft:player":1,"kimetsunoyaiba:demon_slayer":3,"kimetsunoyaiba:inosuke":1,"minecraft:creeper":4,"kimetsunoyaiba:muichiro":2,"kimetsunoyaiba:shinazugawa":1,"kimetsunoyaiba:kanroji":2,"kimetsunoyaiba:tanjiro":1,"minecraft:skeleton":1,"minecraft:zombie":1,"kimetsunoyaiba:rengoku":1,"kimetsunoyaiba:demon_2":1,"kimetsunoyaiba:kaigaku_human":1,"kimetsunoyaiba:demon_9":2},"minecraft:custom":{"minecraft:mob_kills":61,"minecraft:interact_with_crafting_table":3,"minecraft:damage_dealt_resisted":13765,"minecraft:leave_game":6,"minecraft:time_since_death":1189,"minecraft:damage_resisted":85598,"minecraft:sprint_one_cm":497448,"minecraft:walk_one_cm":479449,"minecraft:drop":55,"minecraft:deaths":51,"minecraft:sneak_time":8831,"minecraft:walk_under_water_one_cm":10295,"minecraft:jump":1966,"minecraft:walk_on_water_one_cm":49525,"minecraft:interact_with_furnace":7,"minecraft:play_one_minute":197729,"minecraft:time_since_rest":1217,"minecraft:damage_taken":38387,"minecraft:damage_dealt":25653,"minecraft:swim_one_cm":13368,"minecraft:fly_one_cm":540199,"minecraft:player_kills":3,"minecraft:open_chest":6,"minecraft:crouch_one_cm":16486,"minecraft:fall_one_cm":157856},"minecraft:picked_up":{"minecraft:crafting_table":1,"croptopia:sweetpotato_seed":2,"croptopia:calamari":6,"minecraft:warped_stairs":2,"kimetsunoyaiba:kokushibo_tentacles_chestplate":1,"minecraft:string":3,"minecraft:spruce_planks":3,"kimetsunoyaiba:chigama":3,"minecraft:coal_block":16,"kimetsunoyaiba:clothes_doma_chestplate":1,"minecraft:furnace":1,"kimetsunoyaiba:clothes_kokushibo_chestplate":2,"minecraft:stick":5,"fh:tsugikuni_clan_item":1,"minecraft:polished_blackstone_bricks":3,"kimetsunoyaiba:handfan":1,"minecraft:porkchop":2,"minecraft:arrow":13,"minecraft:rotten_flesh":27,"kimetsunoyaiba:demon_hand":1,"minecraft:cobblestone":29,"kimetsunoyaiba:human_flesh_2":14,"minecraft:birch_log":5,"minecraft:lilac":1,"minecraft:leather":3,"kimetsunoyaiba:blooddemonart_kamanue":1,"minecraft:stripped_spruce_wood":1,"minecraft:oak_log":24,"minecraft:gunpowder":10,"minecraft:dirt":26,"kimetsunoyaiba:blooddemonart_akaza":1,"kimetsunoyaiba:sword_kokushibo_1":3,"kimetsunoyaiba:sword_kokushibo_2":1,"minecraft:bone":21,"kimetsunoyaiba:whistle":2,"croptopia:sweetpotato":2,"minecraft:iron_ore":34,"minecraft:oak_planks":3,"kimetsunoyaiba:clothes_gyutaro_leggings":4,"kimetsunoyaiba:muzanblood":64,"minecraft:jungle_planks":2,"minecraft:ink_sac":6,"kimetsunoyaiba:drum":1,"minecraft:oak_sapling":3,"kimetsunoyaiba:blooddemonart_nezuko":1,"minecraft:coal":100}},"DataVersion":2586}