{"stats":{"minecraft:used":{"minecraft:stone_sword":16,"minecraft:stone_pickaxe":64,"minecraft:oak_planks":32,"kimetsunoyaiba:sword_kokushibo_1":4,"kimetsunoyaiba:sword_kokushibo_2":29,"kimetsunoyaiba:human_flesh_2":5,"minecraft:dirt":1,"minecraft:crafting_table":1,"croptopia:sweetpotato":2,"minecraft:iron_pickaxe":55,"kimetsunoyaiba:boar_flesh":9,"minecraft:stone_axe":29,"kimetsunoyaiba:muzanblood":12,"minecraft:cobblestone":14,"minecraft:warped_stairs":1,"minecraft:furnace":1,"minecraft:oak_sapling":1,"minecraft:stripped_spruce_wood":1},"minecraft:crafted":{"minecraft:oak_planks":48,"minecraft:crafting_table":1,"minecraft:furnace":1,"minecraft:air":0,"minecraft:stick":4,"minecraft:iron_ingot":5,"minecraft:iron_pickaxe":1},"minecraft:killed":{"kimetsunoyaiba:demon":1,"kimetsunoyaiba:demon_2":1,"kimetsunoyaiba:nezuko":1,"minecraft:horse":2,"minecraft:skeleton":1,"kimetsunoyaiba:kasugai_crow":2,"kimetsunoyaiba:hand_demon":1,"minecraft:zombie":4,"kimetsunoyaiba:susamaru":1},"minecraft:mined":{"minecraft:spruce_planks":3,"croptopia:sweetpotato_crop":2,"minecraft:warped_stairs":1,"minecraft:crafting_table":1,"minecraft:grass_block":1,"minecraft:jungle_planks":2,"minecraft:coal_block":16,"minecraft:polished_blackstone_bricks":3,"minecraft:furnace":1,"minecraft:stripped_spruce_wood":1,"minecraft:iron_ore":10,"minecraft:grass":1,"minecraft:coal_ore":73,"minecraft:oak_log":12,"minecraft:stone":16,"minecraft:oak_leaves":10},"minecraft:picked_up":{"kimetsunoyaiba:human_flesh_2":6,"minecraft:crafting_table":1,"minecraft:leather":3,"croptopia:sweetpotato_seed":2,"croptopia:calamari":6,"minecraft:stripped_spruce_wood":1,"minecraft:oak_log":12,"minecraft:warped_stairs":2,"minecraft:dirt":1,"kimetsunoyaiba:sword_kokushibo_1":1,"kimetsunoyaiba:sword_kokushibo_2":1,"minecraft:bone":7,"croptopia:sweetpotato":2,"minecraft:spruce_planks":3,"minecraft:iron_ore":10,"minecraft:coal_block":16,"minecraft:furnace":1,"kimetsunoyaiba:muzanblood":12,"fh:tsugikuni_clan_item":1,"minecraft:polished_blackstone_bricks":3,"minecraft:jungle_planks":2,"minecraft:ink_sac":2,"minecraft:arrow":5,"minecraft:rotten_flesh":10,"kimetsunoyaiba:drum":1,"kimetsunoyaiba:demon_hand":1,"minecraft:oak_sapling":1,"kimetsunoyaiba:blooddemonart_nezuko":1,"minecraft:coal":100,"minecraft:cobblestone":22},"minecraft:dropped":{"minecraft:rotten_flesh":2,"kimetsunoyaiba:uniform_chestplate":1,"minecraft:warped_stairs":1,"croptopia:sweetpotato_seed":2,"kimetsunoyaiba:nichirinsword":1,"kimetsunoyaiba:sword_kokushibo_2":1,"minecraft:arrow":2,"kimetsunoyaiba:drum":1,"minecraft:bone":16},"minecraft:custom":{"minecraft:interact_with_furnace":7,"minecraft:mob_kills":24,"minecraft:interact_with_crafting_table":3,"minecraft:play_one_minute":59975,"minecraft:damage_dealt_resisted":2046,"minecraft:leave_game":2,"minecraft:time_since_death":2102,"minecraft:damage_resisted":6214,"minecraft:time_since_rest":2125,"minecraft:sprint_one_cm":197735,"minecraft:damage_taken":8124,"minecraft:walk_one_cm":187784,"minecraft:drop":12,"minecraft:damage_dealt":5248,"minecraft:fly_one_cm":161384,"minecraft:swim_one_cm":6405,"minecraft:crouch_one_cm":4329,"minecraft:deaths":14,"minecraft:sneak_time":1883,"minecraft:walk_under_water_one_cm":5023,"minecraft:jump":793,"minecraft:walk_on_water_one_cm":13327,"minecraft:fall_one_cm":41928},"minecraft:killed_by":{"kimetsunoyaiba:demon_slayer":3,"minecraft:player":1,"minecraft:skeleton":1,"minecraft:creeper":2,"kimetsunoyaiba:demon_9":2}},"DataVersion":2586}