{"stats":{"minecraft:picked_up":{"kimetsunoyaiba:human_flesh_2":9,"minecraft:crafting_table":1,"minecraft:lilac":1,"minecraft:leather":3,"croptopia:sweetpotato_seed":2,"kimetsunoyaiba:blooddemonart_kamanue":1,"croptopia:calamari":6,"minecraft:stripped_spruce_wood":1,"minecraft:oak_log":18,"minecraft:warped_stairs":2,"minecraft:gunpowder":7,"minecraft:dirt":3,"kimetsunoyaiba:sword_kokushibo_1":2,"kimetsunoyaiba:sword_kokushibo_2":1,"minecraft:bone":17,"kimetsunoyaiba:whistle":1,"croptopia:sweetpotato":2,"minecraft:spruce_planks":3,"kimetsunoyaiba:chigama":1,"minecraft:iron_ore":10,"kimetsunoyaiba:clothes_doma_chestplate":1,"minecraft:coal_block":16,"minecraft:oak_planks":3,"minecraft:furnace":1,"kimetsunoyaiba:clothes_gyutaro_leggings":1,"minecraft:stick":5,"kimetsunoyaiba:muzanblood":21,"fh:tsugikuni_clan_item":1,"kimetsunoyaiba:handfan":1,"minecraft:porkchop":2,"minecraft:polished_blackstone_bricks":3,"minecraft:jungle_planks":2,"minecraft:ink_sac":2,"minecraft:arrow":10,"minecraft:rotten_flesh":16,"kimetsunoyaiba:drum":1,"kimetsunoyaiba:demon_hand":1,"minecraft:oak_sapling":1,"kimetsunoyaiba:blooddemonart_nezuko":1,"minecraft:coal":100,"minecraft:cobblestone":28},"minecraft:crafted":{"minecraft:oak_planks":72,"minecraft:crafting_table":1,"minecraft:furnace":1,"minecraft:air":0,"minecraft:stick":4,"minecraft:iron_ingot":5,"minecraft:iron_pickaxe":1},"minecraft:killed":{"kimetsunoyaiba:demon":2,"kimetsunoyaiba:demon_2":2,"kimetsunoyaiba:nezuko":2,"minecraft:creeper":3,"kimetsunoyaiba:kanroji":1,"minecraft:horse":2,"minecraft:skeleton":1,"kimetsunoyaiba:daki":1,"kimetsunoyaiba:kasugai_crow":2,"kimetsunoyaiba:hand_demon":1,"minecraft:zombie":9,"kimetsunoyaiba:susamaru":2,"kimetsunoyaiba:uzui":1,"kimetsunoyaiba:kokushibo":1},"minecraft:custom":{"minecraft:interact_with_furnace":7,"minecraft:mob_kills":47,"minecraft:interact_with_crafting_table":3,"minecraft:play_one_minute":121212,"minecraft:damage_dealt_resisted":4722,"minecraft:leave_game":3,"minecraft:time_since_death":2125,"minecraft:damage_resisted":15353,"minecraft:time_since_rest":2161,"minecraft:sprint_one_cm":355100,"minecraft:damage_taken":16801,"minecraft:walk_one_cm":321872,"minecraft:drop":43,"minecraft:damage_dealt":16217,"minecraft:player_kills":3,"minecraft:swim_one_cm":10795,"minecraft:fly_one_cm":405371,"minecraft:open_chest":5,"minecraft:crouch_one_cm":8417,"minecraft:deaths":25,"minecraft:sneak_time":4795,"minecraft:walk_under_water_one_cm":7031,"minecraft:jump":1356,"minecraft:walk_on_water_one_cm":36199,"minecraft:fall_one_cm":97527},"minecraft:dropped":{"minecraft:porkchop":2,"minecraft:lilac":1,"kimetsunoyaiba:clothes_akaza_leggings":1,"minecraft:rotten_flesh":14,"kimetsunoyaiba:uniform_chestplate":1,"kimetsunoyaiba:muzanblood":8,"kimetsunoyaiba:blooddemonart_akaza":1,"minecraft:jungle_planks":2,"minecraft:stick":7,"minecraft:dirt":1,"kimetsunoyaiba:hair_tsugikuni":1,"minecraft:gunpowder":7,"minecraft:ink_sac":2,"minecraft:warped_stairs":1,"croptopia:sweetpotato_seed":2,"kimetsunoyaiba:blooddemonart_kamanue":1,"kimetsunoyaiba:nichirinsword":1,"minecraft:polished_blackstone_bricks":3,"kimetsunoyaiba:demon_2_spawn_egg":1,"kimetsunoyaiba:sword_kokushibo_2":1,"minecraft:arrow":9,"minecraft:stone_pickaxe":1,"kimetsunoyaiba:clothes_akaza_chestplate":1,"kimetsunoyaiba:drum":1,"croptopia:calamari":6,"kimetsunoyaiba:handfan":1,"kimetsunoyaiba:clothes_gyutaro_leggings":1,"minecraft:bone":27},"minecraft:killed_by":{"minecraft:player":1,"kimetsunoyaiba:demon_slayer":3,"kimetsunoyaiba:inosuke":1,"minecraft:skeleton":1,"minecraft:creeper":3,"kimetsunoyaiba:rengoku":1,"kimetsunoyaiba:demon_2":1,"kimetsunoyaiba:muichiro":1,"kimetsunoyaiba:shinazugawa":1,"kimetsunoyaiba:kanroji":2,"kimetsunoyaiba:kaigaku_human":1,"kimetsunoyaiba:tanjiro":1,"kimetsunoyaiba:demon_9":2},"minecraft:used":{"minecraft:stone_sword":16,"minecraft:stone_pickaxe":64,"minecraft:oak_planks":69,"minecraft:spruce_planks":2,"kimetsunoyaiba:human_flesh_2":8,"kimetsunoyaiba:sword_kokushibo_1":8,"kimetsunoyaiba:sword_kokushibo_2":65,"croptopia:wine":1,"minecraft:dirt":2,"minecraft:crafting_table":1,"croptopia:sweetpotato":2,"kimetsunoyaiba:demon_2_spawn_egg":1,"kimetsunoyaiba:demon_spawn_egg":3,"minecraft:iron_pickaxe":59,"kimetsunoyaiba:boar_flesh":15,"kimetsunoyaiba:muzanblood":52,"minecraft:stone_axe":39,"minecraft:cobblestone":20,"minecraft:warped_stairs":1,"minecraft:furnace":1,"minecraft:oak_sapling":1,"croptopia:beer":1,"minecraft:stripped_spruce_wood":1},"minecraft:mined":{"croptopia:pepper_crop":1,"minecraft:spruce_planks":3,"croptopia:sweetpotato_crop":2,"minecraft:warped_stairs":1,"minecraft:crafting_table":1,"minecraft:grass_block":2,"minecraft:jungle_planks":2,"minecraft:coal_block":16,"minecraft:oak_planks":3,"minecraft:polished_blackstone_bricks":3,"minecraft:furnace":1,"minecraft:stripped_spruce_wood":1,"minecraft:iron_ore":10,"minecraft:lilac":1,"minecraft:grass":6,"minecraft:oak_log":18,"minecraft:coal_ore":73,"minecraft:dirt":1,"minecraft:stone":20,"minecraft:oak_leaves":16,"minecraft:fern":1}},"DataVersion":2586}