{"stats":{"minecraft:picked_up":{"kimetsunoyaiba:human_flesh_2":11,"minecraft:crafting_table":1,"minecraft:lilac":1,"minecraft:leather":3,"croptopia:sweetpotato_seed":2,"kimetsunoyaiba:blooddemonart_kamanue":1,"croptopia:calamari":6,"minecraft:stripped_spruce_wood":1,"minecraft:oak_log":18,"minecraft:string":2,"kimetsunoyaiba:blooddemonart_akaza":1,"minecraft:warped_stairs":2,"minecraft:gunpowder":8,"minecraft:dirt":22,"kimetsunoyaiba:sword_kokushibo_1":3,"kimetsunoyaiba:sword_kokushibo_2":1,"minecraft:bone":18,"kimetsunoyaiba:whistle":2,"croptopia:sweetpotato":2,"minecraft:spruce_planks":3,"kimetsunoyaiba:chigama":3,"minecraft:iron_ore":34,"kimetsunoyaiba:clothes_doma_chestplate":1,"minecraft:coal_block":16,"minecraft:oak_planks":3,"kimetsunoyaiba:clothes_kokushibo_chestplate":1,"minecraft:furnace":1,"kimetsunoyaiba:clothes_gyutaro_leggings":3,"minecraft:stick":5,"kimetsunoyaiba:muzanblood":64,"fh:tsugikuni_clan_item":1,"kimetsunoyaiba:handfan":1,"minecraft:porkchop":2,"minecraft:polished_blackstone_bricks":3,"minecraft:jungle_planks":2,"minecraft:ink_sac":2,"minecraft:arrow":10,"minecraft:rotten_flesh":25,"kimetsunoyaiba:drum":1,"kimetsunoyaiba:demon_hand":1,"minecraft:oak_sapling":1,"kimetsunoyaiba:blooddemonart_nezuko":1,"minecraft:coal":100,"minecraft:cobblestone":29},"minecraft:crafted":{"minecraft:oak_planks":72,"minecraft:crafting_table":1,"minecraft:furnace":1,"minecraft:air":0,"minecraft:stick":4,"minecraft:iron_ingot":5,"minecraft:iron_pickaxe":1},"minecraft:killed":{"kimetsunoyaiba:demon":2,"kimetsunoyaiba:demon_2":2,"kimetsunoyaiba:nezuko":2,"minecraft:creeper":4,"kimetsunoyaiba:kanroji":1,"minecraft:horse":2,"minecraft:skeleton":2,"kimetsunoyaiba:gyutaro":1,"kimetsunoyaiba:daki":1,"kimetsunoyaiba:kasugai_crow":2,"kimetsunoyaiba:hand_demon":1,"minecraft:zombie":10,"kimetsunoyaiba:susamaru":3,"kimetsunoyaiba:uzui":1,"kimetsunoyaiba:kokushibo":2},"minecraft:custom":{"minecraft:interact_with_furnace":7,"minecraft:mob_kills":56,"minecraft:interact_with_crafting_table":3,"minecraft:play_one_minute":148063,"minecraft:damage_dealt_resisted":13692,"minecraft:leave_game":4,"minecraft:time_since_death":705,"minecraft:damage_resisted":54198,"minecraft:time_since_rest":745,"minecraft:sprint_one_cm":420731,"minecraft:damage_taken":27875,"minecraft:walk_one_cm":388225,"minecraft:drop":48,"minecraft:damage_dealt":24826,"minecraft:player_kills":3,"minecraft:swim_one_cm":11262,"minecraft:fly_one_cm":456494,"minecraft:open_chest":5,"minecraft:crouch_one_cm":11387,"minecraft:deaths":40,"minecraft:sneak_time":6821,"minecraft:walk_under_water_one_cm":7406,"minecraft:jump":1599,"minecraft:walk_on_water_one_cm":39379,"minecraft:fall_one_cm":123114},"minecraft:dropped":{"minecraft:porkchop":2,"minecraft:lilac":1,"kimetsunoyaiba:clothes_akaza_leggings":1,"minecraft:rotten_flesh":14,"kimetsunoyaiba:uniform_chestplate":1,"kimetsunoyaiba:muzanblood":8,"kimetsunoyaiba:blooddemonart_akaza":2,"minecraft:jungle_planks":2,"minecraft:stick":7,"minecraft:dirt":2,"kimetsunoyaiba:hair_tsugikuni":1,"minecraft:gunpowder":8,"minecraft:ink_sac":2,"minecraft:warped_stairs":1,"croptopia:sweetpotato_seed":2,"kimetsunoyaiba:blooddemonart_kamanue":1,"kimetsunoyaiba:nichirinsword":1,"minecraft:polished_blackstone_bricks":3,"kimetsunoyaiba:demon_2_spawn_egg":1,"kimetsunoyaiba:sword_kokushibo_2":1,"minecraft:arrow":9,"minecraft:stone_pickaxe":1,"kimetsunoyaiba:clothes_akaza_chestplate":1,"kimetsunoyaiba:drum":1,"minecraft:string":2,"croptopia:calamari":6,"kimetsunoyaiba:handfan":1,"kimetsunoyaiba:clothes_gyutaro_leggings":1,"minecraft:bone":27},"minecraft:killed_by":{"minecraft:player":1,"kimetsunoyaiba:demon_slayer":3,"kimetsunoyaiba:inosuke":1,"minecraft:skeleton":1,"minecraft:creeper":3,"minecraft:zombie":1,"kimetsunoyaiba:rengoku":1,"kimetsunoyaiba:demon_2":1,"kimetsunoyaiba:muichiro":1,"kimetsunoyaiba:shinazugawa":1,"kimetsunoyaiba:kanroji":2,"kimetsunoyaiba:kaigaku_human":1,"kimetsunoyaiba:tanjiro":1,"kimetsunoyaiba:demon_9":2},"minecraft:used":{"minecraft:stone_sword":16,"minecraft:stone_shovel":17,"minecraft:stone_pickaxe":64,"minecraft:oak_planks":69,"minecraft:spruce_planks":3,"kimetsunoyaiba:human_flesh_2":10,"kimetsunoyaiba:sword_kokushibo_1":8,"kimetsunoyaiba:sword_kokushibo_2":120,"croptopia:wine":1,"minecraft:dirt":17,"kimetsunoyaiba:daki_spawn_egg":2,"minecraft:crafting_table":1,"croptopia:sweetpotato":2,"kimetsunoyaiba:demon_2_spawn_egg":1,"kimetsunoyaiba:demon_spawn_egg":3,"minecraft:iron_pickaxe":84,"kimetsunoyaiba:boar_flesh":16,"kimetsunoyaiba:muzanblood":179,"minecraft:stone_axe":39,"minecraft:cobblestone":21,"minecraft:warped_stairs":1,"minecraft:furnace":1,"minecraft:oak_sapling":1,"croptopia:beer":1,"minecraft:stripped_spruce_wood":1},"minecraft:mined":{"croptopia:pepper_crop":1,"minecraft:spruce_planks":3,"croptopia:sweetpotato_crop":2,"minecraft:warped_stairs":1,"minecraft:crafting_table":1,"minecraft:grass_block":22,"minecraft:jungle_planks":2,"minecraft:coal_block":16,"minecraft:spruce_leaves":3,"minecraft:oak_planks":3,"minecraft:large_fern":1,"minecraft:polished_blackstone_bricks":3,"minecraft:furnace":1,"minecraft:stripped_spruce_wood":1,"minecraft:iron_ore":34,"minecraft:lilac":1,"minecraft:grass":13,"minecraft:oak_log":18,"minecraft:coal_ore":73,"minecraft:dirt":5,"minecraft:stone":21,"minecraft:oak_leaves":16,"minecraft:fern":2}},"DataVersion":2586}