{"stats":{"minecraft:killed":{"kimetsunoyaiba:enmu_tentacle_hand":1,"minecraft:spider":17,"kimetsunoyaiba:demon_slayer":2,"kimetsunoyaiba:yahaba":1,"minecraft:skeleton":20,"minecraft:horse":1,"kimetsunoyaiba:demon_9":2,"kimetsunoyaiba:temple_demon":1,"kimetsunoyaiba:hand_demon":1,"kimetsunoyaiba:goldfishbig":1,"kimetsunoyaiba:demon_5":1,"minecraft:chicken":15,"kimetsunoyaiba:demon":61,"minecraft:pig":32,"kimetsunoyaiba:demon_2":9,"minecraft:zombie_villager":2,"minecraft:salmon":1,"kimetsunoyaiba:demon_4":1,"kimetsunoyaiba:boar":19,"kimetsunoyaiba:kyogai":3,"minecraft:creeper":15,"kimetsunoyaiba:kaigaku_human":1,"minecraft:sheep":63,"minecraft:donkey":1,"minecraft:zombie":34,"kimetsunoyaiba:rokuro":1,"minecraft:cow":52},"minecraft:dropped":{"croptopia:lettuce_seed":3,"minecraft:porkchop":2,"minecraft:wheat_seeds":8,"minecraft:glass_bottle":1,"minecraft:feather":1,"minecraft:cobblestone":1,"minecraft:coal":22,"minecraft:gray_wool":1,"croptopia:greenbean":1,"kimetsunoyaiba:nichirinsword_tomioka":1,"minecraft:diorite":2,"croptopia:grape_seed":3,"croptopia:sweetpotato_seed":1,"kimetsunoyaiba:nichirinsword_mist":1,"croptopia:mustard_seed":2,"minecraft:string":4,"minecraft:white_wool":1,"minecraft:bucket":1,"kimetsunoyaiba:nichirinsword_shinazugawa":1,"croptopia:cantaloupe_seed":10,"minecraft:bone":27,"minecraft:netherite_ingot":21,"minecraft:stone_sword":1,"croptopia:blackberry_seed":1,"croptopia:oat_seed":2,"minecraft:rotten_flesh":9,"croptopia:raspberry_seed":1,"minecraft:oak_planks":2,"croptopia:greenbean_seed":5,"croptopia:radish_seed":1,"minecraft:lily_of_the_valley":1,"croptopia:bellpepper_seed":6,"minecraft:gunpowder":2,"croptopia:broccoli_seed":1,"minecraft:leather_boots":1,"minecraft:spider_eye":1,"croptopia:blackbean_seed":2,"croptopia:tomatillo_seed":2,"minecraft:arrow":15,"minecraft:bow":1,"minecraft:stone_pickaxe":1,"minecraft:wooden_pickaxe":2,"croptopia:mustard":2,"kimetsunoyaiba:boar_head":1},"minecraft:used":{"minecraft:stone_sword":77,"kimetsunoyaiba:nichirinsword_tokito":270,"minecraft:spruce_planks":1,"minecraft:iron_sword":209,"croptopia:blackbean":1,"minecraft:cooked_chicken":7,"minecraft:rotten_flesh":3,"croptopia:oat":1,"minecraft:torch":42,"minecraft:dirt":12,"minecraft:anvil":1,"croptopia:broccoli":1,"croptopia:raspberry":1,"minecraft:granite":4,"minecraft:lava_bucket":15,"kimetsunoyaiba:boar_flesh":24,"minecraft:sweet_berries":5,"minecraft:furnace":22,"croptopia:lettuce":5,"croptopia:roe":1,"kimetsunoyaiba:nichirinsword_tanjiro_2":64,"minecraft:cooked_beef":93,"croptopia:grape":2,"minecraft:cooked_mutton":49,"minecraft:water_bucket":4,"croptopia:celery":1,"minecraft:oak_planks":18,"minecraft:stone_pickaxe":143,"croptopia:radish":1,"minecraft:white_wool":1,"minecraft:wooden_pickaxe":12,"kimetsunoyaiba:human_flesh_2":3,"minecraft:salmon":1,"minecraft:crafting_table":16,"kimetsunoyaiba:demon_hand":2,"minecraft:white_bed":4,"croptopia:sweetpotato":2,"kimetsunoyaiba:futon":8,"minecraft:diamond_pickaxe":57,"minecraft:iron_pickaxe":365,"croptopia:tomatillo":1,"minecraft:stone_axe":51,"minecraft:potion":1,"minecraft:cobblestone":35,"minecraft:cooked_porkchop":28,"croptopia:blackberry":1,"minecraft:smithing_table":1,"croptopia:bellpepper":3,"minecraft:bucket":19,"minecraft:oak_boat":2,"croptopia:cantaloupe":7,"croptopia:greenbean":3},"minecraft:crafted":{"minecraft:oak_planks":60,"minecraft:cooked_chicken":15,"minecraft:furnace":6,"minecraft:cooked_mutton":107,"kimetsunoyaiba:uniform_leggings":1,"minecraft:stone_pickaxe":2,"minecraft:chest":2,"sophisticatedbackpacks:iron_backpack":2,"minecraft:cooked_beef":120,"kimetsunoyaiba:uniform_chestplate":1,"sophisticatedbackpacks:backpack":2,"minecraft:cooked_porkchop":26,"minecraft:crafting_table":5,"minecraft:spruce_planks":32,"minecraft:wooden_pickaxe":2,"minecraft:iron_sword":1,"minecraft:smithing_table":1,"sophisticatedbackpacks:gold_backpack":2,"minecraft:bucket":1,"minecraft:stone_axe":1,"minecraft:air":0,"minecraft:oak_boat":1,"minecraft:diamond_pickaxe":1,"sophisticatedbackpacks:diamond_backpack":1,"minecraft:stick":40,"minecraft:iron_ingot":82,"minecraft:iron_pickaxe":2,"minecraft:iron_block":3,"minecraft:gold_ingot":25,"minecraft:anvil":1,"minecraft:white_bed":2,"minecraft:torch":48},"minecraft:mined":{"minecraft:diamond_ore":14,"minecraft:white_bed":2,"croptopia:greenbean_crop":1,"minecraft:granite":7,"minecraft:grass_block":4,"minecraft:spruce_leaves":2,"minecraft:oxeye_daisy":1,"kimetsunoyaiba:futon_2":9,"minecraft:large_fern":5,"croptopia:barley_crop":1,"minecraft:furnace":22,"minecraft:iron_ore":93,"minecraft:fire":1,"minecraft:andesite":4,"minecraft:anvil":1,"minecraft:gold_block":3,"minecraft:stone":104,"minecraft:smithing_table":1,"minecraft:lily_of_the_valley":1,"kimetsunoyaiba:scarlet_ore_block":83,"minecraft:crafting_table":12,"minecraft:emerald_ore":1,"minecraft:rose_bush":1,"minecraft:dead_bush":3,"minecraft:tall_grass":26,"minecraft:cobblestone":4,"minecraft:wall_torch":4,"minecraft:oak_planks":6,"minecraft:sugar_cane":5,"minecraft:diorite":8,"minecraft:seagrass":1,"minecraft:spruce_log":8,"kimetsunoyaiba:scarlet_ore_block_rare":36,"minecraft:grass":217,"minecraft:coal_ore":149,"minecraft:oak_log":15,"minecraft:dirt":15,"minecraft:netherrack":1,"minecraft:gold_ore":25,"minecraft:oak_leaves":6},"minecraft:killed_by":{"kimetsunoyaiba:kokushibo":11,"kimetsunoyaiba:inosuke":1,"kimetsunoyaiba:demon":33,"minecraft:creeper":1,"kimetsunoyaiba:doma":1,"kimetsunoyaiba:akaza":1,"kimetsunoyaiba:kamanue":1,"kimetsunoyaiba:uzui":1,"kimetsunoyaiba:gyokko":3,"kimetsunoyaiba:demon_3":5,"kimetsunoyaiba:doma_mini":1,"kimetsunoyaiba:hairo":4,"kimetsunoyaiba:goldfishbig":9,"kimetsunoyaiba:kocho":1,"kimetsunoyaiba:gyokko_goldfish":2,"kimetsunoyaiba:iguro":1,"kimetsunoyaiba:rokuro":2,"kimetsunoyaiba:demon_2":14,"kimetsunoyaiba:demon_4":4,"kimetsunoyaiba:shadow_wolf":3,"kimetsunoyaiba:kaigaku_human":2,"kimetsunoyaiba:temple_demon":1,"kimetsunoyaiba:susamaru":1,"kimetsunoyaiba:gyutaro":5},"minecraft:picked_up":{"kimetsunoyaiba:futon":9,"minecraft:iron_chestplate":1,"minecraft:crafting_table":12,"minecraft:chicken":17,"croptopia:grape_seed":3,"minecraft:anvil":1,"croptopia:tomatillo_seed":2,"minecraft:smithing_table":1,"croptopia:broccoli":1,"croptopia:sweetpotato_seed":5,"kimetsunoyaiba:scarlet_ironsand":37,"minecraft:gold_block":1,"minecraft:potion":5,"minecraft:string":23,"croptopia:cantaloupe":7,"croptopia:lettuce":5,"minecraft:iron_leggings":1,"minecraft:netherite_ingot":21,"croptopia:bellpepper_seed":6,"croptopia:tomatillo":1,"minecraft:beef":160,"minecraft:oak_boat":1,"croptopia:mustard_seed":2,"minecraft:sugar_cane":7,"minecraft:iron_boots":1,"minecraft:furnace":22,"kimetsunoyaiba:blooddemonart_enmu":2,"kimetsunoyaiba:clothes_kokushibo_chestplate":1,"croptopia:barley_seed":1,"minecraft:torch":7,"croptopia:blackbean":1,"croptopia:greenbean_seed":6,"croptopia:blackberry_seed":1,"croptopia:blackbean_seed":2,"minecraft:porkchop":104,"minecraft:diorite":18,"fh:clan_roll":34,"croptopia:grape":2,"minecraft:stone_sword":1,"minecraft:arrow":38,"croptopia:cantaloupe_seed":10,"minecraft:rotten_flesh":37,"croptopia:raspberry_seed":1,"kimetsunoyaiba:boar_flesh":40,"kimetsunoyaiba:demon_hand":10,"minecraft:mutton":136,"minecraft:cobblestone":104,"minecraft:white_wool":91,"kimetsunoyaiba:human_flesh_2":19,"croptopia:lettuce_seed":6,"croptopia:radish":1,"minecraft:feather":20,"minecraft:cooked_beef":6,"kimetsunoyaiba:nichirinsword_tokito":1,"croptopia:broccoli_seed":1,"minecraft:andesite":4,"minecraft:salmon":1,"minecraft:leather":66,"kimetsunoyaiba:blooddemonart_kamanue":1,"minecraft:oak_log":15,"croptopia:celery":1,"kimetsunoyaiba:scarlet_ore_rare":36,"minecraft:gunpowder":12,"kimetsunoyaiba:boar_head":2,"fh:tokito_clan_item":1,"kimetsunoyaiba:uniform_chestplate":3,"minecraft:dirt":19,"kimetsunoyaiba:sword_kokushibo_1":1,"minecraft:leather_boots":1,"minecraft:cooked_mutton":2,"minecraft:bone":32,"kimetsunoyaiba:whistle":1,"croptopia:barley":3,"croptopia:sweetpotato":2,"minecraft:bow":1,"minecraft:wheat_seeds":17,"kimetsunoyaiba:scarlet_ore":46,"kimetsunoyaiba:blooddemonart_yahaba":1,"croptopia:bellpepper":3,"minecraft:iron_ingot":4,"croptopia:raspberry":1,"minecraft:iron_ore":96,"croptopia:roe":1,"minecraft:oak_planks":7,"kimetsunoyaiba:muzanblood":16,"minecraft:cooked_porkchop":2,"minecraft:sweet_berries":7,"patchouli:guide_book":1,"croptopia:mustard":3,"croptopia:blackberry":1,"croptopia:celery_seed":1,"minecraft:lily_of_the_valley":1,"kimetsunoyaiba:uniform_leggings":1,"croptopia:oat":2,"minecraft:white_bed":2,"minecraft:spruce_log":8,"minecraft:gold_ore":25,"minecraft:spider_eye":6,"croptopia:oat_seed":3,"minecraft:diamond":14,"kimetsunoyaiba:drum_armor_chestplate":2,"kimetsunoyaiba:uniform_boots":1,"kimetsunoyaiba:drum":1,"croptopia:radish_seed":1,"minecraft:granite":7,"croptopia:greenbean":4,"minecraft:gray_wool":3,"minecraft:emerald":1,"kimetsunoyaiba:nichirinsword_mist":1,"minecraft:netherrack":1,"minecraft:coal":478},"minecraft:custom":{"minecraft:interact_with_smithing_table":2,"minecraft:interact_with_anvil":4,"minecraft:mob_kills":407,"minecraft:interact_with_crafting_table":39,"minecraft:open_barrel":3,"minecraft:damage_dealt_resisted":22383,"minecraft:leave_game":10,"minecraft:time_since_death":148,"minecraft:climb_one_cm":258,"minecraft:damage_resisted":34876,"minecraft:sprint_one_cm":2911997,"minecraft:walk_one_cm":1097512,"minecraft:drop":104,"minecraft:damage_dealt_absorbed":280,"minecraft:deaths":116,"minecraft:sneak_time":7206,"minecraft:walk_under_water_one_cm":29159,"minecraft:boat_one_cm":14499,"minecraft:jump":5139,"minecraft:walk_on_water_one_cm":75704,"minecraft:interact_with_furnace":153,"minecraft:play_one_minute":314757,"minecraft:sleep_in_bed":3,"minecraft:time_since_rest":173,"minecraft:damage_taken":86651,"minecraft:damage_dealt":90085,"minecraft:swim_one_cm":122830,"minecraft:fly_one_cm":1650160,"minecraft:open_chest":5,"minecraft:crouch_one_cm":18384,"minecraft:fall_one_cm":451697},"minecraft:broken":{"minecraft:iron_boots":1,"minecraft:iron_chestplate":1,"minecraft:iron_leggings":1,"minecraft:stone_pickaxe":1,"kimetsunoyaiba:uniform_leggings":1,"minecraft:iron_pickaxe":1,"kimetsunoyaiba:uniform_chestplate":2}},"DataVersion":2586}