{"stats":{"minecraft:picked_up":{"kimetsunoyaiba:futon":1,"minecraft:iron_chestplate":1,"minecraft:crafting_table":11,"minecraft:chicken":17,"minecraft:anvil":1,"croptopia:grape_seed":3,"minecraft:smithing_table":1,"croptopia:sweetpotato_seed":5,"kimetsunoyaiba:scarlet_ironsand":34,"minecraft:gold_block":1,"minecraft:potion":5,"minecraft:string":23,"croptopia:lettuce":5,"croptopia:cantaloupe":7,"minecraft:iron_leggings":1,"minecraft:netherite_ingot":21,"croptopia:bellpepper_seed":6,"minecraft:beef":160,"minecraft:oak_boat":1,"croptopia:mustard_seed":2,"minecraft:sugar_cane":7,"minecraft:iron_boots":1,"minecraft:furnace":16,"croptopia:greenbean_seed":6,"minecraft:torch":7,"croptopia:blackberry_seed":1,"minecraft:porkchop":104,"minecraft:diorite":18,"fh:clan_roll":34,"croptopia:grape":2,"minecraft:stone_sword":1,"minecraft:arrow":34,"croptopia:cantaloupe_seed":10,"minecraft:rotten_flesh":32,"croptopia:raspberry_seed":1,"kimetsunoyaiba:boar_flesh":27,"kimetsunoyaiba:demon_hand":5,"minecraft:mutton":136,"minecraft:white_wool":91,"minecraft:cobblestone":104,"kimetsunoyaiba:human_flesh_2":7,"croptopia:lettuce_seed":6,"kimetsunoyaiba:nichirinsword_tokito":1,"minecraft:feather":20,"minecraft:cooked_beef":4,"croptopia:radish":1,"minecraft:andesite":4,"minecraft:salmon":1,"minecraft:leather":66,"minecraft:oak_log":15,"kimetsunoyaiba:scarlet_ore_rare":30,"minecraft:gunpowder":12,"kimetsunoyaiba:boar_head":2,"fh:tokito_clan_item":1,"kimetsunoyaiba:uniform_chestplate":2,"croptopia:celery":1,"minecraft:dirt":19,"minecraft:cooked_mutton":2,"minecraft:leather_boots":1,"minecraft:bone":29,"croptopia:sweetpotato":2,"minecraft:bow":1,"minecraft:wheat_seeds":16,"kimetsunoyaiba:scarlet_ore":41,"kimetsunoyaiba:blooddemonart_yahaba":1,"croptopia:bellpepper":3,"minecraft:iron_ingot":4,"croptopia:raspberry":1,"minecraft:iron_ore":96,"croptopia:roe":1,"minecraft:oak_planks":7,"kimetsunoyaiba:muzanblood":5,"minecraft:cooked_porkchop":2,"minecraft:sweet_berries":7,"patchouli:guide_book":1,"croptopia:mustard":3,"croptopia:blackberry":1,"croptopia:celery_seed":1,"croptopia:oat":2,"kimetsunoyaiba:uniform_leggings":1,"minecraft:white_bed":2,"minecraft:spruce_log":8,"minecraft:lily_of_the_valley":1,"minecraft:gold_ore":25,"minecraft:spider_eye":6,"croptopia:oat_seed":3,"minecraft:diamond":14,"kimetsunoyaiba:uniform_boots":1,"kimetsunoyaiba:drum":1,"croptopia:radish_seed":1,"minecraft:granite":7,"croptopia:greenbean":4,"minecraft:gray_wool":3,"minecraft:emerald":1,"kimetsunoyaiba:nichirinsword_mist":1,"minecraft:netherrack":1,"minecraft:coal":399},"minecraft:crafted":{"minecraft:oak_planks":60,"minecraft:cooked_chicken":15,"minecraft:furnace":6,"minecraft:cooked_mutton":43,"minecraft:stone_pickaxe":2,"minecraft:chest":2,"sophisticatedbackpacks:iron_backpack":2,"minecraft:cooked_beef":60,"kimetsunoyaiba:uniform_chestplate":1,"sophisticatedbackpacks:backpack":2,"minecraft:cooked_porkchop":26,"minecraft:crafting_table":5,"minecraft:spruce_planks":32,"minecraft:wooden_pickaxe":2,"minecraft:iron_sword":1,"minecraft:smithing_table":1,"sophisticatedbackpacks:gold_backpack":2,"minecraft:bucket":1,"minecraft:stone_axe":1,"minecraft:air":0,"minecraft:oak_boat":1,"minecraft:diamond_pickaxe":1,"sophisticatedbackpacks:diamond_backpack":1,"minecraft:stick":40,"minecraft:iron_ingot":82,"minecraft:iron_pickaxe":2,"minecraft:iron_block":3,"minecraft:gold_ingot":25,"minecraft:anvil":1,"minecraft:white_bed":2,"minecraft:torch":48},"minecraft:broken":{"minecraft:iron_boots":1,"minecraft:iron_chestplate":1,"minecraft:iron_leggings":1,"minecraft:stone_pickaxe":1,"minecraft:iron_pickaxe":1,"kimetsunoyaiba:uniform_chestplate":1},"minecraft:killed":{"kimetsunoyaiba:enmu_tentacle_hand":1,"minecraft:spider":17,"minecraft:horse":1,"minecraft:skeleton":19,"kimetsunoyaiba:demon_9":2,"kimetsunoyaiba:temple_demon":1,"kimetsunoyaiba:hand_demon":1,"kimetsunoyaiba:demon_5":1,"minecraft:chicken":15,"kimetsunoyaiba:demon":21,"minecraft:pig":32,"kimetsunoyaiba:demon_2":6,"minecraft:zombie_villager":2,"minecraft:salmon":1,"kimetsunoyaiba:boar":10,"kimetsunoyaiba:kyogai":1,"minecraft:creeper":15,"minecraft:sheep":63,"minecraft:donkey":1,"minecraft:zombie":33,"minecraft:cow":52},"minecraft:custom":{"minecraft:interact_with_smithing_table":2,"minecraft:interact_with_anvil":4,"minecraft:mob_kills":328,"minecraft:open_barrel":3,"minecraft:interact_with_crafting_table":38,"minecraft:damage_dealt_resisted":9128,"minecraft:leave_game":8,"minecraft:time_since_death":776,"minecraft:climb_one_cm":258,"minecraft:damage_resisted":12847,"minecraft:sprint_one_cm":2203776,"minecraft:walk_one_cm":747960,"minecraft:drop":92,"minecraft:damage_dealt_absorbed":160,"minecraft:deaths":59,"minecraft:sneak_time":6147,"minecraft:walk_under_water_one_cm":29159,"minecraft:boat_one_cm":14499,"minecraft:jump":4131,"minecraft:walk_on_water_one_cm":75223,"minecraft:interact_with_furnace":122,"minecraft:play_one_minute":243976,"minecraft:sleep_in_bed":2,"minecraft:time_since_rest":778,"minecraft:damage_taken":40051,"minecraft:damage_dealt":57687,"minecraft:swim_one_cm":122830,"minecraft:fly_one_cm":1299924,"minecraft:open_chest":5,"minecraft:crouch_one_cm":15499,"minecraft:fall_one_cm":327859},"minecraft:dropped":{"croptopia:lettuce_seed":3,"minecraft:porkchop":2,"minecraft:wheat_seeds":8,"minecraft:glass_bottle":1,"minecraft:feather":1,"minecraft:cobblestone":1,"minecraft:coal":22,"minecraft:gray_wool":1,"croptopia:greenbean":1,"minecraft:diorite":2,"croptopia:grape_seed":3,"croptopia:sweetpotato_seed":1,"kimetsunoyaiba:nichirinsword_mist":1,"croptopia:mustard_seed":2,"minecraft:string":4,"minecraft:white_wool":1,"minecraft:bucket":1,"croptopia:cantaloupe_seed":10,"minecraft:bone":21,"minecraft:netherite_ingot":21,"minecraft:stone_sword":1,"croptopia:blackberry_seed":1,"croptopia:oat_seed":2,"minecraft:rotten_flesh":8,"croptopia:raspberry_seed":1,"minecraft:oak_planks":2,"croptopia:greenbean_seed":5,"croptopia:radish_seed":1,"minecraft:lily_of_the_valley":1,"croptopia:bellpepper_seed":6,"minecraft:gunpowder":2,"minecraft:leather_boots":1,"minecraft:spider_eye":1,"minecraft:arrow":15,"minecraft:bow":1,"minecraft:stone_pickaxe":1,"minecraft:wooden_pickaxe":2,"croptopia:mustard":2,"kimetsunoyaiba:boar_head":1},"minecraft:killed_by":{"kimetsunoyaiba:kokushibo":1,"kimetsunoyaiba:demon":20,"minecraft:creeper":1,"kimetsunoyaiba:kamanue":1,"kimetsunoyaiba:uzui":1,"kimetsunoyaiba:gyokko":2,"kimetsunoyaiba:demon_3":4,"kimetsunoyaiba:hairo":2,"kimetsunoyaiba:goldfishbig":5,"kimetsunoyaiba:iguro":1,"kimetsunoyaiba:rokuro":1,"kimetsunoyaiba:demon_2":10,"kimetsunoyaiba:demon_4":2,"kimetsunoyaiba:shadow_wolf":2,"kimetsunoyaiba:susamaru":1},"minecraft:used":{"kimetsunoyaiba:nichirinsword_tokito":245,"minecraft:stone_sword":77,"minecraft:spruce_planks":1,"minecraft:iron_sword":92,"minecraft:cooked_chicken":7,"croptopia:oat":1,"minecraft:rotten_flesh":3,"minecraft:torch":42,"minecraft:dirt":12,"minecraft:anvil":1,"minecraft:granite":4,"croptopia:raspberry":1,"minecraft:lava_bucket":15,"kimetsunoyaiba:boar_flesh":17,"minecraft:sweet_berries":5,"minecraft:furnace":16,"croptopia:lettuce":5,"croptopia:roe":1,"minecraft:cooked_beef":54,"croptopia:grape":2,"minecraft:cooked_mutton":33,"minecraft:water_bucket":4,"croptopia:celery":1,"minecraft:stone_pickaxe":143,"croptopia:radish":1,"minecraft:oak_planks":18,"minecraft:wooden_pickaxe":12,"minecraft:white_wool":1,"minecraft:salmon":1,"minecraft:crafting_table":15,"kimetsunoyaiba:demon_hand":2,"minecraft:white_bed":3,"croptopia:sweetpotato":2,"minecraft:diamond_pickaxe":37,"minecraft:iron_pickaxe":365,"minecraft:stone_axe":51,"minecraft:cobblestone":35,"minecraft:potion":1,"minecraft:cooked_porkchop":28,"croptopia:blackberry":1,"minecraft:smithing_table":1,"croptopia:bellpepper":3,"minecraft:bucket":19,"minecraft:oak_boat":2,"croptopia:cantaloupe":7,"croptopia:greenbean":3},"minecraft:mined":{"minecraft:diamond_ore":14,"minecraft:white_bed":2,"croptopia:greenbean_crop":1,"minecraft:granite":7,"minecraft:grass_block":4,"minecraft:spruce_leaves":2,"minecraft:oxeye_daisy":1,"kimetsunoyaiba:futon_2":1,"minecraft:large_fern":5,"minecraft:furnace":16,"minecraft:iron_ore":93,"minecraft:fire":1,"minecraft:andesite":4,"minecraft:anvil":1,"minecraft:gold_block":3,"minecraft:stone":104,"minecraft:smithing_table":1,"minecraft:lily_of_the_valley":1,"kimetsunoyaiba:scarlet_ore_block":75,"minecraft:crafting_table":11,"minecraft:emerald_ore":1,"minecraft:dead_bush":3,"minecraft:rose_bush":1,"minecraft:tall_grass":26,"minecraft:cobblestone":4,"minecraft:oak_planks":6,"minecraft:sugar_cane":5,"minecraft:diorite":8,"minecraft:wall_torch":4,"minecraft:seagrass":1,"minecraft:spruce_log":8,"kimetsunoyaiba:scarlet_ore_block_rare":30,"minecraft:grass":186,"minecraft:coal_ore":149,"minecraft:oak_log":15,"minecraft:dirt":15,"minecraft:netherrack":1,"minecraft:gold_ore":25,"minecraft:oak_leaves":6}},"DataVersion":2586}