{"stats":{"minecraft:used":{"kimetsunoyaiba:nichirinsword_tokito":63,"minecraft:stone_sword":46,"minecraft:rotten_flesh":3,"minecraft:torch":14,"minecraft:dirt":8,"minecraft:lava_bucket":15,"kimetsunoyaiba:boar_flesh":8,"croptopia:lettuce":2,"minecraft:furnace":4,"minecraft:cooked_mutton":7,"minecraft:water_bucket":4,"minecraft:stone_pickaxe":143,"minecraft:oak_planks":18,"minecraft:wooden_pickaxe":12,"minecraft:white_wool":1,"minecraft:crafting_table":7,"minecraft:white_bed":2,"croptopia:sweetpotato":1,"minecraft:iron_pickaxe":149,"minecraft:stone_axe":36,"minecraft:cobblestone":14,"minecraft:potion":1,"minecraft:cooked_porkchop":2,"croptopia:bellpepper":1,"minecraft:bucket":19,"minecraft:oak_boat":1,"croptopia:cantaloupe":7,"croptopia:greenbean":1},"minecraft:crafted":{"minecraft:oak_planks":60,"minecraft:furnace":4,"minecraft:cooked_mutton":8,"minecraft:stone_pickaxe":2,"minecraft:chest":1,"sophisticatedbackpacks:iron_backpack":1,"sophisticatedbackpacks:backpack":1,"minecraft:cooked_porkchop":1,"minecraft:crafting_table":4,"minecraft:spruce_planks":20,"minecraft:wooden_pickaxe":2,"minecraft:bucket":1,"minecraft:stone_axe":1,"minecraft:air":0,"minecraft:oak_boat":1,"minecraft:stick":24,"minecraft:iron_ingot":18,"minecraft:iron_pickaxe":1,"minecraft:white_bed":1,"minecraft:torch":28},"minecraft:killed":{"minecraft:spider":7,"minecraft:skeleton":8,"kimetsunoyaiba:demon_9":1,"minecraft:chicken":15,"kimetsunoyaiba:demon":1,"minecraft:pig":12,"kimetsunoyaiba:demon_2":1,"minecraft:creeper":6,"minecraft:sheep":21,"minecraft:donkey":1,"minecraft:zombie":10,"minecraft:cow":11},"minecraft:broken":{"minecraft:stone_pickaxe":1},"minecraft:mined":{"minecraft:white_bed":1,"minecraft:granite":7,"minecraft:grass_block":3,"minecraft:spruce_leaves":1,"minecraft:large_fern":3,"minecraft:furnace":4,"minecraft:iron_ore":40,"minecraft:fire":1,"minecraft:andesite":4,"minecraft:stone":84,"kimetsunoyaiba:scarlet_ore_block":17,"minecraft:crafting_table":4,"minecraft:emerald_ore":1,"minecraft:tall_grass":6,"minecraft:cobblestone":4,"minecraft:oak_planks":6,"minecraft:diorite":5,"minecraft:spruce_log":5,"minecraft:grass":19,"minecraft:oak_log":15,"minecraft:coal_ore":124,"minecraft:dirt":9,"minecraft:gold_ore":4,"minecraft:oak_leaves":4},"minecraft:picked_up":{"minecraft:crafting_table":4,"minecraft:iron_chestplate":1,"minecraft:chicken":15,"croptopia:sweetpotato_seed":4,"kimetsunoyaiba:scarlet_ironsand":9,"minecraft:potion":5,"minecraft:string":10,"croptopia:cantaloupe":7,"croptopia:lettuce":2,"minecraft:iron_leggings":1,"croptopia:bellpepper_seed":2,"minecraft:beef":30,"minecraft:oak_boat":1,"minecraft:iron_boots":1,"minecraft:furnace":4,"croptopia:greenbean_seed":2,"minecraft:torch":4,"minecraft:porkchop":50,"minecraft:diorite":5,"fh:clan_roll":34,"minecraft:stone_sword":1,"minecraft:arrow":15,"croptopia:cantaloupe_seed":10,"minecraft:rotten_flesh":14,"kimetsunoyaiba:boar_flesh":17,"minecraft:mutton":59,"minecraft:cobblestone":84,"minecraft:white_wool":42,"kimetsunoyaiba:human_flesh_2":1,"croptopia:lettuce_seed":3,"minecraft:feather":18,"kimetsunoyaiba:nichirinsword_tokito":1,"minecraft:andesite":4,"minecraft:leather":19,"minecraft:oak_log":15,"minecraft:gunpowder":2,"fh:tokito_clan_item":1,"kimetsunoyaiba:uniform_chestplate":1,"minecraft:dirt":12,"minecraft:cooked_mutton":2,"minecraft:bone":8,"croptopia:sweetpotato":1,"minecraft:bow":1,"minecraft:wheat_seeds":2,"kimetsunoyaiba:scarlet_ore":8,"croptopia:bellpepper":1,"minecraft:iron_ore":39,"minecraft:oak_planks":7,"kimetsunoyaiba:muzanblood":1,"minecraft:cooked_porkchop":1,"patchouli:guide_book":1,"kimetsunoyaiba:uniform_leggings":1,"minecraft:white_bed":1,"minecraft:spruce_log":5,"minecraft:gold_ore":4,"minecraft:spider_eye":1,"kimetsunoyaiba:uniform_boots":1,"minecraft:granite":7,"croptopia:greenbean":1,"minecraft:gray_wool":2,"minecraft:emerald":1,"kimetsunoyaiba:nichirinsword_mist":1,"minecraft:coal":205},"minecraft:dropped":{"croptopia:lettuce_seed":3,"minecraft:wheat_seeds":2,"minecraft:glass_bottle":1,"minecraft:feather":1,"minecraft:coal":22,"minecraft:gray_wool":1,"kimetsunoyaiba:nichirinsword_mist":1,"minecraft:string":1,"minecraft:white_wool":1,"minecraft:bucket":1,"croptopia:cantaloupe_seed":10,"minecraft:bone":5,"minecraft:rotten_flesh":3,"minecraft:oak_planks":2,"croptopia:greenbean_seed":2,"croptopia:bellpepper_seed":2,"minecraft:spider_eye":1,"minecraft:arrow":15,"minecraft:bow":1,"minecraft:wooden_pickaxe":2,"minecraft:stone_pickaxe":1},"minecraft:custom":{"minecraft:mob_kills":105,"minecraft:interact_with_crafting_table":18,"minecraft:damage_dealt_resisted":484,"minecraft:leave_game":1,"minecraft:time_since_death":1613,"minecraft:damage_resisted":706,"minecraft:sprint_one_cm":389908,"minecraft:walk_one_cm":217564,"minecraft:drop":29,"minecraft:deaths":16,"minecraft:sneak_time":3693,"minecraft:walk_under_water_one_cm":4265,"minecraft:boat_one_cm":10776,"minecraft:jump":978,"minecraft:walk_on_water_one_cm":20615,"minecraft:interact_with_furnace":30,"minecraft:play_one_minute":67789,"minecraft:sleep_in_bed":1,"minecraft:time_since_rest":1651,"minecraft:damage_taken":6895,"minecraft:damage_dealt":11902,"minecraft:swim_one_cm":7619,"minecraft:fly_one_cm":210423,"minecraft:crouch_one_cm":9899,"minecraft:fall_one_cm":42162},"minecraft:killed_by":{"kimetsunoyaiba:demon":7,"kimetsunoyaiba:demon_3":1,"kimetsunoyaiba:demon_2":5,"kimetsunoyaiba:demon_4":1,"kimetsunoyaiba:shadow_wolf":1}},"DataVersion":2586}