{"stats":{"minecraft:used":{"kimetsunoyaiba:nichirinsword_tokito":31,"minecraft:stone_sword":23,"minecraft:stone_pickaxe":124,"minecraft:oak_planks":1,"minecraft:wooden_pickaxe":12,"minecraft:rotten_flesh":3,"minecraft:white_wool":1,"minecraft:dirt":5,"minecraft:crafting_table":3,"kimetsunoyaiba:boar_flesh":5,"minecraft:stone_axe":10,"minecraft:cobblestone":12,"minecraft:potion":1,"croptopia:lettuce":2,"minecraft:oak_boat":1,"croptopia:cantaloupe":6},"minecraft:crafted":{"minecraft:oak_planks":28,"minecraft:crafting_table":2,"minecraft:wooden_pickaxe":2,"minecraft:stone_axe":1,"minecraft:oak_boat":1,"minecraft:stick":8,"minecraft:stone_pickaxe":1,"minecraft:white_bed":1},"minecraft:killed":{"minecraft:pig":5,"kimetsunoyaiba:demon_2":1,"minecraft:spider":3,"minecraft:creeper":1,"minecraft:sheep":9,"minecraft:skeleton":5,"minecraft:donkey":1,"minecraft:zombie":6,"minecraft:chicken":15,"minecraft:cow":5},"minecraft:mined":{"minecraft:crafting_table":1,"minecraft:grass_block":1,"minecraft:tall_grass":4,"minecraft:cobblestone":1,"minecraft:iron_ore":18,"minecraft:grass":14,"minecraft:coal_ore":91,"minecraft:oak_log":6,"minecraft:dirt":4,"minecraft:stone":17},"minecraft:picked_up":{"croptopia:lettuce_seed":3,"minecraft:iron_chestplate":1,"minecraft:crafting_table":1,"minecraft:feather":18,"kimetsunoyaiba:nichirinsword_tokito":1,"minecraft:chicken":15,"minecraft:leather":9,"minecraft:potion":5,"minecraft:oak_log":7,"fh:tokito_clan_item":1,"kimetsunoyaiba:uniform_chestplate":1,"minecraft:string":3,"minecraft:dirt":5,"croptopia:lettuce":2,"croptopia:cantaloupe":6,"minecraft:iron_leggings":1,"minecraft:bone":6,"minecraft:bow":1,"minecraft:wheat_seeds":2,"minecraft:beef":13,"minecraft:iron_ore":18,"minecraft:oak_boat":1,"minecraft:iron_boots":1,"patchouli:guide_book":1,"minecraft:porkchop":17,"kimetsunoyaiba:uniform_leggings":1,"fh:clan_roll":34,"minecraft:spider_eye":1,"minecraft:stone_sword":1,"minecraft:arrow":8,"croptopia:cantaloupe_seed":10,"minecraft:rotten_flesh":10,"kimetsunoyaiba:uniform_boots":1,"kimetsunoyaiba:boar_flesh":17,"minecraft:gray_wool":1,"kimetsunoyaiba:nichirinsword_mist":1,"minecraft:mutton":24,"minecraft:coal":113,"minecraft:white_wool":27,"minecraft:cobblestone":18},"minecraft:dropped":{"croptopia:lettuce_seed":3,"minecraft:wheat_seeds":2,"minecraft:glass_bottle":1,"minecraft:feather":1,"minecraft:rotten_flesh":3,"minecraft:coal":22,"minecraft:gray_wool":1,"minecraft:spider_eye":1,"kimetsunoyaiba:nichirinsword_mist":1,"minecraft:wooden_pickaxe":2,"croptopia:cantaloupe_seed":10,"minecraft:bone":5},"minecraft:custom":{"minecraft:mob_kills":59,"minecraft:interact_with_crafting_table":6,"minecraft:play_one_minute":31789,"minecraft:damage_dealt_resisted":317,"minecraft:leave_game":1,"minecraft:time_since_death":869,"minecraft:damage_resisted":353,"minecraft:time_since_rest":894,"minecraft:sprint_one_cm":159678,"minecraft:damage_taken":2964,"minecraft:walk_one_cm":111468,"minecraft:drop":19,"minecraft:damage_dealt":5753,"minecraft:swim_one_cm":6002,"minecraft:fly_one_cm":66194,"minecraft:crouch_one_cm":5341,"minecraft:deaths":7,"minecraft:sneak_time":2297,"minecraft:walk_under_water_one_cm":1975,"minecraft:boat_one_cm":10776,"minecraft:jump":380,"minecraft:walk_on_water_one_cm":9704,"minecraft:fall_one_cm":11097},"minecraft:killed_by":{"kimetsunoyaiba:demon":2,"kimetsunoyaiba:demon_2":4,"kimetsunoyaiba:demon_4":1}},"DataVersion":2586}