{"stats":{"minecraft:used":{"kimetsunoyaiba:nichirinsword_tokito":163,"minecraft:stone_sword":63,"minecraft:spruce_planks":1,"minecraft:rotten_flesh":3,"minecraft:torch":42,"minecraft:dirt":8,"minecraft:anvil":1,"minecraft:lava_bucket":15,"kimetsunoyaiba:boar_flesh":10,"minecraft:sweet_berries":5,"minecraft:furnace":10,"croptopia:lettuce":4,"croptopia:roe":1,"minecraft:cooked_beef":22,"minecraft:cooked_mutton":19,"minecraft:water_bucket":4,"croptopia:celery":1,"minecraft:stone_pickaxe":143,"minecraft:oak_planks":18,"minecraft:wooden_pickaxe":12,"minecraft:white_wool":1,"minecraft:salmon":1,"minecraft:crafting_table":13,"minecraft:white_bed":3,"croptopia:sweetpotato":1,"minecraft:diamond_pickaxe":4,"minecraft:iron_pickaxe":305,"minecraft:stone_axe":47,"minecraft:cobblestone":35,"minecraft:potion":1,"minecraft:cooked_porkchop":2,"minecraft:smithing_table":1,"croptopia:bellpepper":1,"minecraft:bucket":19,"minecraft:oak_boat":2,"croptopia:cantaloupe":7,"croptopia:greenbean":1},"minecraft:crafted":{"minecraft:oak_planks":60,"minecraft:furnace":6,"minecraft:cooked_mutton":32,"minecraft:stone_pickaxe":2,"minecraft:chest":2,"sophisticatedbackpacks:iron_backpack":2,"minecraft:cooked_beef":27,"sophisticatedbackpacks:backpack":2,"minecraft:cooked_porkchop":1,"minecraft:crafting_table":5,"minecraft:spruce_planks":32,"minecraft:wooden_pickaxe":2,"minecraft:smithing_table":1,"sophisticatedbackpacks:gold_backpack":2,"minecraft:bucket":1,"minecraft:stone_axe":1,"minecraft:air":0,"minecraft:oak_boat":1,"minecraft:diamond_pickaxe":1,"sophisticatedbackpacks:diamond_backpack":1,"minecraft:stick":28,"minecraft:iron_ingot":82,"minecraft:iron_pickaxe":2,"minecraft:iron_block":3,"minecraft:gold_ingot":25,"minecraft:anvil":1,"minecraft:white_bed":2,"minecraft:torch":48},"minecraft:killed":{"minecraft:spider":11,"minecraft:horse":1,"minecraft:skeleton":15,"kimetsunoyaiba:demon_9":1,"minecraft:chicken":15,"kimetsunoyaiba:demon":1,"minecraft:pig":12,"kimetsunoyaiba:demon_2":3,"minecraft:zombie_villager":2,"minecraft:salmon":1,"kimetsunoyaiba:boar":2,"minecraft:creeper":14,"minecraft:sheep":41,"minecraft:donkey":1,"minecraft:zombie":25,"minecraft:cow":25},"minecraft:broken":{"minecraft:iron_boots":1,"minecraft:iron_chestplate":1,"minecraft:iron_leggings":1,"minecraft:stone_pickaxe":1,"minecraft:iron_pickaxe":1},"minecraft:mined":{"minecraft:diamond_ore":14,"minecraft:white_bed":2,"minecraft:granite":7,"minecraft:grass_block":3,"minecraft:spruce_leaves":2,"minecraft:large_fern":3,"minecraft:furnace":10,"minecraft:iron_ore":93,"minecraft:fire":1,"minecraft:andesite":4,"minecraft:stone":102,"minecraft:smithing_table":1,"kimetsunoyaiba:scarlet_ore_block":23,"minecraft:crafting_table":9,"minecraft:emerald_ore":1,"minecraft:tall_grass":18,"minecraft:cobblestone":4,"minecraft:sugar_cane":5,"minecraft:oak_planks":6,"minecraft:diorite":6,"minecraft:wall_torch":4,"minecraft:spruce_log":8,"kimetsunoyaiba:scarlet_ore_block_rare":4,"minecraft:grass":84,"minecraft:oak_log":15,"minecraft:coal_ore":149,"minecraft:dirt":12,"minecraft:gold_ore":25,"minecraft:oak_leaves":6},"minecraft:picked_up":{"minecraft:crafting_table":9,"minecraft:iron_chestplate":1,"minecraft:chicken":16,"minecraft:smithing_table":1,"croptopia:sweetpotato_seed":4,"kimetsunoyaiba:scarlet_ironsand":13,"minecraft:potion":5,"minecraft:string":18,"croptopia:lettuce":4,"croptopia:cantaloupe":7,"minecraft:iron_leggings":1,"croptopia:bellpepper_seed":2,"minecraft:beef":80,"minecraft:oak_boat":1,"croptopia:mustard_seed":1,"minecraft:sugar_cane":7,"minecraft:iron_boots":1,"minecraft:furnace":10,"croptopia:greenbean_seed":2,"minecraft:torch":7,"minecraft:porkchop":50,"minecraft:diorite":16,"fh:clan_roll":34,"minecraft:stone_sword":1,"minecraft:arrow":29,"croptopia:cantaloupe_seed":10,"minecraft:rotten_flesh":26,"kimetsunoyaiba:boar_flesh":19,"minecraft:mutton":95,"kimetsunoyaiba:human_flesh_2":2,"minecraft:white_wool":66,"minecraft:cobblestone":102,"croptopia:lettuce_seed":6,"minecraft:feather":20,"kimetsunoyaiba:nichirinsword_tokito":1,"minecraft:andesite":4,"minecraft:salmon":1,"minecraft:leather":44,"minecraft:oak_log":15,"kimetsunoyaiba:scarlet_ore_rare":4,"minecraft:gunpowder":11,"fh:tokito_clan_item":1,"kimetsunoyaiba:uniform_chestplate":2,"croptopia:celery":1,"minecraft:dirt":15,"minecraft:leather_boots":1,"minecraft:cooked_mutton":2,"minecraft:bone":21,"croptopia:sweetpotato":1,"minecraft:bow":1,"minecraft:wheat_seeds":10,"kimetsunoyaiba:scarlet_ore":10,"croptopia:bellpepper":1,"minecraft:iron_ingot":4,"minecraft:iron_ore":96,"croptopia:roe":1,"minecraft:oak_planks":7,"kimetsunoyaiba:muzanblood":2,"minecraft:cooked_porkchop":1,"minecraft:sweet_berries":5,"patchouli:guide_book":1,"croptopia:mustard":1,"croptopia:celery_seed":1,"kimetsunoyaiba:uniform_leggings":1,"minecraft:white_bed":2,"minecraft:spruce_log":8,"minecraft:gold_ore":25,"minecraft:spider_eye":3,"minecraft:diamond":14,"kimetsunoyaiba:uniform_boots":1,"minecraft:granite":7,"croptopia:greenbean":1,"minecraft:gray_wool":2,"minecraft:emerald":1,"kimetsunoyaiba:nichirinsword_mist":1,"minecraft:coal":313},"minecraft:dropped":{"croptopia:lettuce_seed":3,"minecraft:wheat_seeds":2,"minecraft:glass_bottle":1,"minecraft:feather":1,"minecraft:coal":22,"minecraft:gray_wool":1,"kimetsunoyaiba:nichirinsword_mist":1,"croptopia:mustard_seed":1,"minecraft:string":2,"minecraft:white_wool":1,"minecraft:bucket":1,"croptopia:cantaloupe_seed":10,"minecraft:bone":6,"minecraft:rotten_flesh":5,"minecraft:oak_planks":2,"croptopia:greenbean_seed":2,"croptopia:bellpepper_seed":2,"minecraft:gunpowder":2,"minecraft:leather_boots":1,"minecraft:spider_eye":1,"minecraft:arrow":15,"minecraft:bow":1,"minecraft:wooden_pickaxe":2,"minecraft:stone_pickaxe":1},"minecraft:custom":{"minecraft:interact_with_smithing_table":2,"minecraft:interact_with_anvil":3,"minecraft:mob_kills":193,"minecraft:interact_with_crafting_table":36,"minecraft:damage_dealt_resisted":1826,"minecraft:leave_game":2,"minecraft:time_since_death":2183,"minecraft:climb_one_cm":56,"minecraft:damage_resisted":3146,"minecraft:sprint_one_cm":825439,"minecraft:walk_one_cm":418247,"minecraft:drop":36,"minecraft:damage_dealt_absorbed":160,"minecraft:deaths":28,"minecraft:sneak_time":5062,"minecraft:walk_under_water_one_cm":7058,"minecraft:boat_one_cm":14499,"minecraft:jump":1852,"minecraft:walk_on_water_one_cm":31296,"minecraft:interact_with_furnace":85,"minecraft:play_one_minute":127712,"minecraft:sleep_in_bed":2,"minecraft:time_since_rest":2208,"minecraft:damage_taken":15741,"minecraft:damage_dealt":24869,"minecraft:swim_one_cm":20366,"minecraft:fly_one_cm":463079,"minecraft:crouch_one_cm":12915,"minecraft:fall_one_cm":98365},"minecraft:killed_by":{"kimetsunoyaiba:demon":10,"kimetsunoyaiba:uzui":1,"kimetsunoyaiba:demon_3":3,"kimetsunoyaiba:goldfishbig":3,"kimetsunoyaiba:iguro":1,"kimetsunoyaiba:demon_2":5,"kimetsunoyaiba:demon_4":1,"kimetsunoyaiba:shadow_wolf":1,"kimetsunoyaiba:susamaru":1}},"DataVersion":2586}