{"stats":{"minecraft:used":{"kimetsunoyaiba:nichirinsword_tokito":67,"minecraft:stone_sword":46,"minecraft:rotten_flesh":3,"minecraft:torch":42,"minecraft:dirt":8,"minecraft:lava_bucket":15,"kimetsunoyaiba:boar_flesh":10,"croptopia:lettuce":2,"minecraft:furnace":10,"minecraft:cooked_mutton":10,"minecraft:water_bucket":4,"minecraft:stone_pickaxe":143,"minecraft:oak_planks":18,"minecraft:wooden_pickaxe":12,"minecraft:white_wool":1,"minecraft:crafting_table":8,"minecraft:white_bed":2,"croptopia:sweetpotato":1,"minecraft:iron_pickaxe":267,"minecraft:stone_axe":36,"minecraft:cobblestone":35,"minecraft:potion":1,"minecraft:cooked_porkchop":2,"croptopia:bellpepper":1,"minecraft:bucket":19,"minecraft:oak_boat":1,"croptopia:cantaloupe":7,"croptopia:greenbean":1},"minecraft:crafted":{"minecraft:oak_planks":60,"minecraft:furnace":6,"minecraft:cooked_mutton":12,"minecraft:stone_pickaxe":2,"minecraft:chest":1,"sophisticatedbackpacks:iron_backpack":1,"minecraft:cooked_beef":4,"sophisticatedbackpacks:backpack":1,"minecraft:cooked_porkchop":1,"minecraft:crafting_table":5,"minecraft:spruce_planks":20,"minecraft:wooden_pickaxe":2,"sophisticatedbackpacks:gold_backpack":1,"minecraft:bucket":1,"minecraft:stone_axe":1,"minecraft:air":0,"minecraft:oak_boat":1,"sophisticatedbackpacks:diamond_backpack":1,"minecraft:stick":28,"minecraft:iron_ingot":34,"minecraft:iron_pickaxe":2,"minecraft:gold_ingot":12,"minecraft:white_bed":1,"minecraft:torch":48},"minecraft:killed":{"minecraft:spider":7,"minecraft:skeleton":11,"kimetsunoyaiba:demon_9":1,"minecraft:chicken":15,"kimetsunoyaiba:demon":1,"minecraft:pig":12,"kimetsunoyaiba:demon_2":1,"minecraft:creeper":8,"minecraft:sheep":21,"minecraft:donkey":1,"minecraft:zombie":14,"minecraft:cow":11},"minecraft:broken":{"minecraft:stone_pickaxe":1,"minecraft:iron_pickaxe":1},"minecraft:mined":{"minecraft:diamond_ore":14,"minecraft:white_bed":1,"minecraft:granite":7,"minecraft:grass_block":3,"minecraft:spruce_leaves":1,"minecraft:large_fern":3,"minecraft:furnace":4,"minecraft:iron_ore":89,"minecraft:fire":1,"minecraft:andesite":4,"minecraft:stone":102,"kimetsunoyaiba:scarlet_ore_block":17,"minecraft:crafting_table":4,"minecraft:emerald_ore":1,"minecraft:tall_grass":6,"minecraft:cobblestone":4,"minecraft:oak_planks":6,"minecraft:diorite":6,"minecraft:wall_torch":4,"minecraft:spruce_log":5,"minecraft:grass":19,"minecraft:oak_log":15,"minecraft:coal_ore":135,"minecraft:dirt":12,"minecraft:gold_ore":19,"minecraft:oak_leaves":4},"minecraft:picked_up":{"minecraft:crafting_table":4,"minecraft:iron_chestplate":1,"minecraft:chicken":15,"croptopia:sweetpotato_seed":4,"kimetsunoyaiba:scarlet_ironsand":9,"minecraft:potion":5,"minecraft:string":10,"croptopia:cantaloupe":7,"croptopia:lettuce":2,"minecraft:iron_leggings":1,"croptopia:bellpepper_seed":2,"minecraft:beef":30,"minecraft:oak_boat":1,"minecraft:iron_boots":1,"minecraft:furnace":4,"croptopia:greenbean_seed":2,"minecraft:torch":7,"minecraft:porkchop":50,"minecraft:diorite":16,"fh:clan_roll":34,"minecraft:stone_sword":1,"minecraft:arrow":18,"croptopia:cantaloupe_seed":10,"minecraft:rotten_flesh":18,"kimetsunoyaiba:boar_flesh":17,"minecraft:mutton":59,"minecraft:cobblestone":102,"minecraft:white_wool":42,"kimetsunoyaiba:human_flesh_2":1,"croptopia:lettuce_seed":3,"minecraft:feather":18,"kimetsunoyaiba:nichirinsword_tokito":1,"minecraft:andesite":4,"minecraft:leather":19,"minecraft:oak_log":15,"minecraft:gunpowder":4,"fh:tokito_clan_item":1,"kimetsunoyaiba:uniform_chestplate":1,"minecraft:dirt":15,"minecraft:cooked_mutton":2,"minecraft:bone":14,"croptopia:sweetpotato":1,"minecraft:bow":1,"minecraft:wheat_seeds":2,"kimetsunoyaiba:scarlet_ore":8,"croptopia:bellpepper":1,"minecraft:iron_ore":87,"minecraft:oak_planks":7,"kimetsunoyaiba:muzanblood":1,"minecraft:cooked_porkchop":1,"patchouli:guide_book":1,"kimetsunoyaiba:uniform_leggings":1,"minecraft:white_bed":1,"minecraft:spruce_log":5,"minecraft:gold_ore":19,"minecraft:spider_eye":1,"minecraft:diamond":14,"kimetsunoyaiba:uniform_boots":1,"minecraft:granite":7,"croptopia:greenbean":1,"minecraft:gray_wool":2,"minecraft:emerald":1,"kimetsunoyaiba:nichirinsword_mist":1,"minecraft:coal":214},"minecraft:dropped":{"croptopia:lettuce_seed":3,"minecraft:wheat_seeds":2,"minecraft:glass_bottle":1,"minecraft:feather":1,"minecraft:coal":22,"minecraft:gray_wool":1,"kimetsunoyaiba:nichirinsword_mist":1,"minecraft:string":1,"minecraft:white_wool":1,"minecraft:bucket":1,"croptopia:cantaloupe_seed":10,"minecraft:bone":5,"minecraft:rotten_flesh":3,"minecraft:oak_planks":2,"croptopia:greenbean_seed":2,"croptopia:bellpepper_seed":2,"minecraft:spider_eye":1,"minecraft:arrow":15,"minecraft:bow":1,"minecraft:wooden_pickaxe":2,"minecraft:stone_pickaxe":1},"minecraft:custom":{"minecraft:mob_kills":117,"minecraft:interact_with_crafting_table":27,"minecraft:damage_dealt_resisted":484,"minecraft:leave_game":1,"minecraft:time_since_death":6367,"minecraft:climb_one_cm":56,"minecraft:damage_resisted":1188,"minecraft:sprint_one_cm":414586,"minecraft:walk_one_cm":246749,"minecraft:drop":29,"minecraft:deaths":17,"minecraft:sneak_time":4492,"minecraft:walk_under_water_one_cm":4265,"minecraft:boat_one_cm":10776,"minecraft:jump":1073,"minecraft:walk_on_water_one_cm":21137,"minecraft:interact_with_furnace":56,"minecraft:play_one_minute":79789,"minecraft:sleep_in_bed":1,"minecraft:time_since_rest":6404,"minecraft:damage_taken":7615,"minecraft:damage_dealt":14212,"minecraft:swim_one_cm":7619,"minecraft:fly_one_cm":221068,"minecraft:crouch_one_cm":11904,"minecraft:fall_one_cm":48259},"minecraft:killed_by":{"kimetsunoyaiba:demon":7,"kimetsunoyaiba:demon_3":1,"kimetsunoyaiba:demon_2":5,"kimetsunoyaiba:demon_4":1,"kimetsunoyaiba:shadow_wolf":1}},"DataVersion":2586}