{"stats":{"minecraft:used":{"kimetsunoyaiba:nichirinsword_tokito":50,"minecraft:stone_sword":23,"minecraft:stone_pickaxe":143,"minecraft:oak_planks":1,"minecraft:wooden_pickaxe":12,"minecraft:rotten_flesh":3,"minecraft:white_wool":1,"minecraft:dirt":5,"minecraft:crafting_table":6,"minecraft:white_bed":1,"minecraft:iron_pickaxe":37,"kimetsunoyaiba:boar_flesh":8,"minecraft:stone_axe":20,"minecraft:cobblestone":12,"minecraft:potion":1,"minecraft:furnace":4,"croptopia:lettuce":2,"minecraft:cooked_porkchop":1,"minecraft:oak_boat":1,"croptopia:cantaloupe":6},"minecraft:crafted":{"minecraft:oak_planks":28,"sophisticatedbackpacks:backpack":1,"minecraft:cooked_porkchop":1,"minecraft:crafting_table":3,"minecraft:spruce_planks":20,"minecraft:wooden_pickaxe":2,"minecraft:furnace":4,"minecraft:stone_axe":1,"minecraft:cooked_mutton":8,"minecraft:air":0,"minecraft:oak_boat":1,"minecraft:stick":24,"minecraft:iron_pickaxe":1,"minecraft:iron_ingot":18,"minecraft:stone_pickaxe":2,"minecraft:chest":1,"minecraft:white_bed":1,"sophisticatedbackpacks:iron_backpack":1},"minecraft:killed":{"minecraft:pig":5,"kimetsunoyaiba:demon_2":1,"minecraft:spider":4,"minecraft:creeper":4,"minecraft:sheep":9,"minecraft:skeleton":7,"kimetsunoyaiba:demon_9":1,"minecraft:donkey":1,"minecraft:zombie":6,"minecraft:chicken":15,"minecraft:cow":5},"minecraft:broken":{"minecraft:stone_pickaxe":1},"minecraft:mined":{"minecraft:white_bed":1,"kimetsunoyaiba:scarlet_ore_block":17,"minecraft:crafting_table":4,"minecraft:grass_block":1,"minecraft:tall_grass":4,"minecraft:cobblestone":1,"minecraft:spruce_leaves":1,"minecraft:large_fern":3,"minecraft:furnace":4,"minecraft:iron_ore":18,"minecraft:spruce_log":5,"minecraft:grass":14,"minecraft:coal_ore":91,"minecraft:oak_log":6,"minecraft:dirt":4,"minecraft:stone":52},"minecraft:picked_up":{"kimetsunoyaiba:human_flesh_2":1,"croptopia:lettuce_seed":3,"minecraft:iron_chestplate":1,"minecraft:crafting_table":4,"minecraft:feather":18,"kimetsunoyaiba:nichirinsword_tokito":1,"minecraft:chicken":15,"minecraft:leather":9,"kimetsunoyaiba:scarlet_ironsand":9,"minecraft:potion":5,"minecraft:oak_log":7,"minecraft:gunpowder":2,"fh:tokito_clan_item":1,"kimetsunoyaiba:uniform_chestplate":1,"minecraft:string":5,"minecraft:dirt":5,"croptopia:lettuce":2,"croptopia:cantaloupe":6,"minecraft:cooked_mutton":2,"minecraft:iron_leggings":1,"minecraft:bone":8,"minecraft:bow":1,"minecraft:wheat_seeds":2,"kimetsunoyaiba:scarlet_ore":8,"minecraft:beef":13,"minecraft:iron_ore":18,"minecraft:oak_boat":1,"minecraft:oak_planks":1,"minecraft:furnace":4,"minecraft:iron_boots":1,"minecraft:cooked_porkchop":1,"patchouli:guide_book":1,"minecraft:porkchop":32,"kimetsunoyaiba:uniform_leggings":1,"minecraft:white_bed":1,"minecraft:spruce_log":5,"fh:clan_roll":34,"minecraft:spider_eye":1,"minecraft:stone_sword":1,"minecraft:arrow":15,"croptopia:cantaloupe_seed":10,"minecraft:rotten_flesh":11,"kimetsunoyaiba:uniform_boots":1,"kimetsunoyaiba:boar_flesh":17,"minecraft:gray_wool":1,"kimetsunoyaiba:nichirinsword_mist":1,"minecraft:mutton":46,"minecraft:coal":172,"minecraft:white_wool":30,"minecraft:cobblestone":53},"minecraft:dropped":{"croptopia:lettuce_seed":3,"minecraft:wheat_seeds":2,"minecraft:glass_bottle":1,"minecraft:feather":1,"minecraft:rotten_flesh":3,"minecraft:oak_planks":2,"minecraft:coal":22,"minecraft:gray_wool":1,"minecraft:stone_pickaxe":1,"minecraft:spider_eye":1,"minecraft:arrow":15,"minecraft:bow":1,"kimetsunoyaiba:nichirinsword_mist":1,"minecraft:wooden_pickaxe":2,"minecraft:string":1,"minecraft:white_wool":1,"croptopia:cantaloupe_seed":10,"minecraft:bone":5},"minecraft:custom":{"minecraft:interact_with_furnace":30,"minecraft:mob_kills":67,"minecraft:interact_with_crafting_table":17,"minecraft:play_one_minute":43789,"minecraft:damage_dealt_resisted":396,"minecraft:leave_game":1,"minecraft:time_since_death":9817,"minecraft:sleep_in_bed":1,"minecraft:damage_resisted":487,"minecraft:time_since_rest":5225,"minecraft:sprint_one_cm":225123,"minecraft:damage_taken":5596,"minecraft:walk_one_cm":145628,"minecraft:drop":26,"minecraft:damage_dealt":7162,"minecraft:swim_one_cm":6630,"minecraft:fly_one_cm":102209,"minecraft:crouch_one_cm":5903,"minecraft:deaths":13,"minecraft:sneak_time":2586,"minecraft:walk_under_water_one_cm":2462,"minecraft:boat_one_cm":10776,"minecraft:jump":555,"minecraft:walk_on_water_one_cm":12665,"minecraft:fall_one_cm":16074},"minecraft:killed_by":{"kimetsunoyaiba:demon":6,"kimetsunoyaiba:demon_2":4,"kimetsunoyaiba:demon_4":1,"kimetsunoyaiba:shadow_wolf":1,"kimetsunoyaiba:demon_3":1}},"DataVersion":2586}