{"stats":{"minecraft:killed":{"kimetsunoyaiba:enmu_tentacle_hand":3,"kimetsunoyaiba:enmu_tentacle":1,"minecraft:spider":20,"kimetsunoyaiba:yahaba":13,"minecraft:skeleton":46,"kimetsunoyaiba:hand_demon":7,"minecraft:chicken":15,"kimetsunoyaiba:doma_mini":1,"kimetsunoyaiba:yorichi_0":2,"kimetsunoyaiba:dice_steak_senior":4,"minecraft:pig":51,"kimetsunoyaiba:demon_2":158,"minecraft:zombie_villager":2,"minecraft:salmon":1,"kimetsunoyaiba:demon_4":18,"kimetsunoyaiba:haganeduka":2,"kimetsunoyaiba:boar":20,"kimetsunoyaiba:kyogai":44,"minecraft:creeper":20,"minecraft:sheep":74,"kimetsunoyaiba:kamanue":4,"kimetsunoyaiba:kaigaku":4,"kimetsunoyaiba:kasugai_crow":1,"minecraft:donkey":1,"minecraft:zombie":148,"kimetsunoyaiba:demon_3":18,"kimetsunoyaiba:rokuro":1,"minecraft:cow":75,"kimetsunoyaiba:hairo":1,"kimetsunoyaiba:demon_slayer":146,"kimetsunoyaiba:yachan":1,"minecraft:horse":1,"kimetsunoyaiba:muzan_2":1,"kimetsunoyaiba:demon_9":42,"kimetsunoyaiba:temple_demon":42,"kimetsunoyaiba:gyutaro":2,"kimetsunoyaiba:muscular_mouse":1,"kimetsunoyaiba:goldfishbig":19,"kimetsunoyaiba:demon_5":12,"kimetsunoyaiba:kakushi":1,"kimetsunoyaiba:demon_10":5,"kimetsunoyaiba:demon":733,"kimetsunoyaiba:kaigaku_human":1,"kimetsunoyaiba:susamaru":9},"minecraft:crafted":{"minecraft:oak_planks":76,"minecraft:cooked_chicken":15,"minecraft:cooked_mutton":135,"kimetsunoyaiba:uniform_leggings":6,"minecraft:chest":2,"kimetsunoyaiba:uniform_boots":9,"kimetsunoyaiba:uniform_chestplate":12,"sophisticatedbackpacks:backpack":2,"minecraft:cooked_porkchop":134,"minecraft:crafting_table":5,"minecraft:spruce_planks":32,"minecraft:wooden_pickaxe":2,"minecraft:smithing_table":1,"minecraft:birch_planks":4,"minecraft:diamond_pickaxe":1,"sophisticatedbackpacks:diamond_backpack":1,"minecraft:stick":48,"minecraft:iron_ingot":82,"minecraft:iron_pickaxe":2,"minecraft:iron_block":3,"minecraft:gold_ingot":25,"minecraft:coal":54,"minecraft:furnace":7,"minecraft:oak_trapdoor":4,"minecraft:stone_pickaxe":2,"minecraft:wheat":54,"sophisticatedbackpacks:iron_backpack":2,"minecraft:cooked_beef":182,"minecraft:iron_sword":14,"sophisticatedbackpacks:gold_backpack":2,"minecraft:bucket":1,"minecraft:stone_axe":1,"minecraft:bread":18,"minecraft:air":0,"minecraft:oak_boat":1,"minecraft:anvil":1,"minecraft:white_bed":2,"minecraft:torch":48},"minecraft:mined":{"minecraft:white_bed":2,"croptopia:greenbean_crop":1,"minecraft:granite":7,"minecraft:grass_block":6,"minecraft:coal_block":28,"minecraft:oxeye_daisy":1,"minecraft:iron_ore":93,"minecraft:fire":1,"minecraft:anvil":1,"minecraft:poppy":7,"minecraft:dead_bush":3,"minecraft:cobblestone":4,"minecraft:sugar_cane":7,"minecraft:oak_planks":6,"minecraft:wall_torch":4,"minecraft:seagrass":1,"minecraft:birch_log":1,"minecraft:grass":387,"minecraft:oak_log":20,"minecraft:dirt":19,"minecraft:netherrack":1,"minecraft:oak_leaves":13,"minecraft:diamond_ore":14,"minecraft:spruce_leaves":3,"kimetsunoyaiba:futon_2":50,"minecraft:large_fern":12,"minecraft:hay_block":25,"croptopia:barley_crop":1,"minecraft:furnace":29,"minecraft:andesite":4,"minecraft:gold_block":8,"minecraft:stone":104,"minecraft:smithing_table":2,"minecraft:lily_of_the_valley":1,"kimetsunoyaiba:scarlet_ore_block":107,"minecraft:dandelion":2,"croptopia:sweetpotato_crop":1,"minecraft:crafting_table":24,"minecraft:emerald_ore":1,"minecraft:rose_bush":1,"minecraft:tall_grass":29,"minecraft:diorite":8,"minecraft:spruce_log":8,"kimetsunoyaiba:scarlet_ore_block_rare":44,"kimetsunoyaiba:futon":4,"minecraft:coal_ore":149,"minecraft:gold_ore":25},"minecraft:dropped":{"minecraft:iron_sword":1,"minecraft:porkchop":2,"minecraft:glass_bottle":1,"croptopia:chile_pepper_seed":2,"minecraft:dirt":1,"croptopia:sweetpotato_seed":5,"croptopia:barley_seed":1,"kimetsunoyaiba:nichirinsword_flame":2,"minecraft:iron_pickaxe":1,"kimetsunoyaiba:kemari":2,"croptopia:mustard_seed":2,"croptopia:calamari":1,"minecraft:white_wool":1,"croptopia:cantaloupe_seed":10,"minecraft:bone":67,"croptopia:oat_seed":2,"minecraft:rotten_flesh":61,"minecraft:oak_planks":2,"croptopia:greenbean_seed":5,"minecraft:cooked_mutton":72,"minecraft:carrot":1,"minecraft:poppy":5,"minecraft:gunpowder":3,"croptopia:broccoli_seed":1,"minecraft:leather_boots":1,"croptopia:blackbean_seed":2,"minecraft:arrow":20,"fh:clan_roll":1,"croptopia:mustard":2,"croptopia:lettuce_seed":5,"minecraft:wheat_seeds":17,"kimetsunoyaiba:dice_steak_head_1":4,"minecraft:feather":1,"minecraft:cobblestone":1,"kimetsunoyaiba:nichirinsword_thunder":1,"kimetsunoyaiba:dice_steak_head_2":8,"kimetsunoyaiba:dice_steak_leg":14,"minecraft:coal":22,"croptopia:ginger_seed":6,"croptopia:celery_seed":2,"croptopia:kale_seed":2,"croptopia:greenbean":1,"minecraft:gray_wool":2,"kimetsunoyaiba:nichirinsword_tomioka":1,"minecraft:diorite":2,"croptopia:grape_seed":3,"minecraft:ink_sac":2,"kimetsunoyaiba:dice_steak_head_4":8,"minecraft:brown_wool":1,"kimetsunoyaiba:dice_steak_body":8,"kimetsunoyaiba:blooddemonart_kamanue":2,"kimetsunoyaiba:nichirinsword_mist":1,"minecraft:string":4,"minecraft:bucket":1,"kimetsunoyaiba:nichirinsword_shinazugawa":1,"kimetsunoyaiba:dice_steak_arm":10,"minecraft:dandelion":1,"kimetsunoyaiba:d_ice_steak_head_3":7,"croptopia:oat":1,"minecraft:oak_trapdoor":2,"minecraft:netherite_ingot":21,"minecraft:stone_sword":1,"croptopia:blackberry_seed":1,"croptopia:cabbage_seed":2,"croptopia:raspberry_seed":1,"kimetsunoyaiba:uniform_chestplate":1,"minecraft:light_gray_wool":3,"kimetsunoyaiba:muzanblood":25,"croptopia:radish_seed":5,"minecraft:lily_of_the_valley":1,"croptopia:bellpepper_seed":6,"minecraft:hay_block":19,"minecraft:golden_leggings":1,"minecraft:spider_eye":1,"croptopia:tomatillo_seed":2,"minecraft:bow":1,"minecraft:stone_pickaxe":1,"minecraft:wooden_pickaxe":2,"kimetsunoyaiba:boar_head":1},"minecraft:custom":{"minecraft:interact_with_crafting_table":58,"minecraft:open_barrel":5,"minecraft:leave_game":43,"minecraft:time_since_death":3908,"minecraft:damage_resisted":251078,"minecraft:sprint_one_cm":7936341,"minecraft:drop":241,"minecraft:deaths":727,"minecraft:jump":10137,"minecraft:walk_on_water_one_cm":112062,"minecraft:interact_with_furnace":230,"minecraft:play_one_minute":729820,"minecraft:sleep_in_bed":3,"minecraft:damage_dealt":829033,"minecraft:player_kills":1,"minecraft:crouch_one_cm":39459,"minecraft:interact_with_smithing_table":4,"minecraft:interact_with_anvil":4,"minecraft:mob_kills":2165,"minecraft:inspect_hopper":1,"minecraft:damage_dealt_resisted":331749,"minecraft:climb_one_cm":312,"minecraft:walk_one_cm":3476220,"minecraft:damage_dealt_absorbed":295,"minecraft:sneak_time":13739,"minecraft:walk_under_water_one_cm":44710,"minecraft:boat_one_cm":14499,"minecraft:time_since_rest":3931,"minecraft:damage_taken":678082,"minecraft:swim_one_cm":165355,"minecraft:fly_one_cm":4378887,"minecraft:open_chest":9,"minecraft:fall_one_cm":900629},"minecraft:picked_up":{"kimetsunoyaiba:muzan_hat_helmet":5,"kimetsunoyaiba:futon":54,"minecraft:iron_chestplate":1,"minecraft:anvil":1,"croptopia:grape_seed":3,"croptopia:kale":1,"kimetsunoyaiba:nichirinsword_thunder":1,"croptopia:tomatillo_seed":2,"minecraft:smithing_table":2,"croptopia:broccoli":1,"kimetsunoyaiba:scarlet_ironsand":46,"minecraft:potion":5,"croptopia:cabbage_seed":2,"croptopia:calamari":1,"minecraft:string":25,"croptopia:lettuce":5,"croptopia:cantaloupe":7,"minecraft:iron_leggings":1,"kimetsunoyaiba:dice_steak_head_2":8,"kimetsunoyaiba:horns":4,"minecraft:netherite_ingot":21,"minecraft:iron_pickaxe":1,"croptopia:mustard_seed":2,"minecraft:coal_block":28,"kimetsunoyaiba:dice_steak_head_4":8,"minecraft:iron_boots":1,"minecraft:furnace":29,"croptopia:barley_seed":1,"croptopia:blackbean":1,"minecraft:torch":7,"croptopia:blackberry_seed":1,"minecraft:porkchop":160,"croptopia:ginger_seed":6,"minecraft:diorite":18,"fh:clan_roll":34,"minecraft:stone_sword":1,"minecraft:rotten_flesh":144,"croptopia:raspberry_seed":1,"kimetsunoyaiba:dice_steak_head_1":4,"kimetsunoyaiba:rifle":1,"croptopia:cabbage":1,"minecraft:cobblestone":104,"kimetsunoyaiba:human_flesh_2":219,"croptopia:lettuce_seed":7,"minecraft:birch_log":1,"minecraft:cooked_beef":12,"minecraft:feather":20,"croptopia:radish":8,"croptopia:broccoli_seed":1,"minecraft:andesite":4,"kimetsunoyaiba:nichirinsword_kaigaku":4,"minecraft:brown_wool":1,"minecraft:golden_leggings":1,"kimetsunoyaiba:blooddemonart_kamanue":7,"kimetsunoyaiba:boar_head":2,"kimetsunoyaiba:dice_steak_arm":10,"croptopia:celery":1,"minecraft:dirt":24,"minecraft:leather_boots":1,"minecraft:bone":90,"croptopia:sweetpotato":4,"minecraft:bow":1,"minecraft:wheat_seeds":27,"kimetsunoyaiba:scarlet_ore":61,"croptopia:bellpepper":3,"croptopia:roe":1,"croptopia:kale_seed":2,"minecraft:oak_planks":7,"croptopia:chile_pepper_seed":2,"kimetsunoyaiba:muzanblood":108,"minecraft:cooked_porkchop":2,"patchouli:guide_book":1,"croptopia:mustard":3,"croptopia:ginger":7,"croptopia:blackberry":1,"croptopia:celery_seed":2,"croptopia:oat":2,"kimetsunoyaiba:uniform_leggings":9,"minecraft:ink_sac":2,"kimetsunoyaiba:vase_item":3,"minecraft:lily_of_the_valley":1,"croptopia:chile_pepper":1,"minecraft:diamond":14,"kimetsunoyaiba:drum":8,"croptopia:radish_seed":7,"minecraft:granite":7,"minecraft:emerald":1,"kimetsunoyaiba:nichirinsword":10,"kimetsunoyaiba:nichirinsword_mist":1,"minecraft:netherrack":1,"minecraft:crafting_table":24,"minecraft:chicken":17,"kimetsunoyaiba:udon":1,"croptopia:sweetpotato_seed":8,"kimetsunoyaiba:clothes_gyutaro_chestplate":2,"minecraft:gold_block":9,"croptopia:bellpepper_seed":6,"croptopia:soybean":7,"croptopia:tomatillo":1,"minecraft:beef":211,"kimetsunoyaiba:chigama":2,"minecraft:oak_boat":1,"croptopia:pepper_seed":5,"minecraft:poppy":5,"minecraft:light_gray_wool":3,"minecraft:sugar_cane":15,"kimetsunoyaiba:blooddemonart_enmu":5,"kimetsunoyaiba:clothes_kokushibo_chestplate":1,"croptopia:soybean_seed":12,"croptopia:greenbean_seed":9,"croptopia:blackbean_seed":2,"minecraft:carrot":1,"croptopia:grape":2,"kimetsunoyaiba:d_ice_steak_head_3":7,"minecraft:arrow":101,"croptopia:cantaloupe_seed":10,"minecraft:hay_block":25,"kimetsunoyaiba:boar_flesh":42,"kimetsunoyaiba:demon_hand":84,"croptopia:pepper":4,"minecraft:mutton":156,"minecraft:white_wool":102,"kimetsunoyaiba:nichirinsword_tokito":1,"minecraft:salmon":1,"minecraft:leather":95,"minecraft:oak_log":19,"kimetsunoyaiba:dice_steak_leg":14,"minecraft:gunpowder":13,"kimetsunoyaiba:scarlet_ore_rare":44,"fh:tokito_clan_item":1,"kimetsunoyaiba:uniform_chestplate":21,"kimetsunoyaiba:sword_kokushibo_1":1,"kimetsunoyaiba:kemari":6,"minecraft:cooked_mutton":39,"kimetsunoyaiba:whistle":1,"croptopia:barley":3,"kimetsunoyaiba:blooddemonart_yahaba":6,"minecraft:iron_ingot":9,"croptopia:raspberry":1,"minecraft:iron_ore":96,"minecraft:iron_sword":1,"minecraft:sweet_berries":7,"minecraft:dandelion":1,"minecraft:white_bed":2,"minecraft:spruce_log":8,"minecraft:gold_ore":25,"minecraft:spider_eye":6,"croptopia:oat_seed":3,"kimetsunoyaiba:drum_armor_chestplate":7,"kimetsunoyaiba:uniform_boots":12,"croptopia:greenbean":6,"minecraft:gray_wool":4,"kimetsunoyaiba:dice_steak_body":8,"minecraft:coal":566},"minecraft:broken":{"kimetsunoyaiba:uniform_boots":1,"minecraft:iron_boots":1,"minecraft:iron_chestplate":1,"minecraft:iron_leggings":1,"minecraft:stone_pickaxe":1,"minecraft:iron_sword":13,"kimetsunoyaiba:uniform_leggings":2,"minecraft:iron_pickaxe":1,"kimetsunoyaiba:uniform_chestplate":2},"minecraft:used":{"kimetsunoyaiba:nichirinsword_tokito":272,"minecraft:iron_sword":3589,"croptopia:oat":1,"minecraft:rotten_flesh":3,"croptopia:broccoli":1,"minecraft:lava_bucket":15,"kimetsunoyaiba:nichirinswordmoon":4,"minecraft:sweet_berries":5,"kimetsunoyaiba:nichirinsword_kocho":10,"minecraft:furnace":29,"croptopia:lettuce":5,"croptopia:roe":1,"kimetsunoyaiba:nichirinsword_tanjiro_2":618,"croptopia:radish":8,"minecraft:stone_pickaxe":143,"minecraft:oak_planks":18,"minecraft:wooden_pickaxe":12,"kimetsunoyaiba:human_flesh_2":40,"minecraft:white_wool":1,"kimetsunoyaiba:demon_hand":2,"croptopia:tomatillo":1,"croptopia:blackberry":1,"minecraft:smithing_table":2,"kimetsunoyaiba:drum":5,"croptopia:bellpepper":3,"minecraft:oak_boat":2,"croptopia:cantaloupe":7,"minecraft:oak_trapdoor":2,"minecraft:stone_sword":77,"minecraft:spruce_planks":1,"croptopia:blackbean":1,"minecraft:cooked_chicken":7,"minecraft:torch":42,"minecraft:dirt":15,"minecraft:anvil":1,"croptopia:chile_pepper":1,"croptopia:raspberry":1,"minecraft:granite":4,"croptopia:soybean":1,"kimetsunoyaiba:rifle":1,"kimetsunoyaiba:boar_flesh":24,"minecraft:cooked_beef":191,"croptopia:grape":2,"minecraft:cooked_mutton":63,"minecraft:water_bucket":4,"croptopia:celery":1,"minecraft:salmon":1,"minecraft:crafting_table":28,"minecraft:white_bed":4,"croptopia:sweetpotato":4,"croptopia:kale":1,"kimetsunoyaiba:futon":52,"minecraft:diamond_pickaxe":110,"croptopia:cabbage":1,"minecraft:iron_pickaxe":387,"minecraft:stone_axe":61,"minecraft:cobblestone":35,"minecraft:potion":1,"minecraft:cooked_porkchop":28,"minecraft:bucket":19,"croptopia:greenbean":5},"minecraft:killed_by":{"kimetsunoyaiba:enmu_train":1,"kimetsunoyaiba:kyogai":3,"kimetsunoyaiba:inosuke":1,"minecraft:creeper":1,"kimetsunoyaiba:doma":15,"kimetsunoyaiba:akaza":13,"kimetsunoyaiba:kamanue":5,"kimetsunoyaiba:kaigaku":6,"kimetsunoyaiba:uzui":1,"kimetsunoyaiba:gyokko":7,"kimetsunoyaiba:daki":1,"kimetsunoyaiba:doma_mini":3,"kimetsunoyaiba:hairo":17,"kimetsunoyaiba:gyokko_goldfish":6,"kimetsunoyaiba:demon_4":43,"kimetsunoyaiba:shadow_wolf":7,"kimetsunoyaiba:muzan":35,"kimetsunoyaiba:kaigaku_human":2,"kimetsunoyaiba:temple_demon":29,"kimetsunoyaiba:hantengu_urogi":1,"kimetsunoyaiba:demon_5":17,"kimetsunoyaiba:kokushibo":24,"minecraft:player":3,"kimetsunoyaiba:demon_slayer":8,"kimetsunoyaiba:demon":179,"kimetsunoyaiba:demon_3":25,"kimetsunoyaiba:demon_10":13,"kimetsunoyaiba:goldfishbig":66,"kimetsunoyaiba:kocho":2,"kimetsunoyaiba:iguro":1,"kimetsunoyaiba:demon_2":88,"kimetsunoyaiba:rokuro":6,"kimetsunoyaiba:yorichi_0":1,"kimetsunoyaiba:enmu":2,"kimetsunoyaiba:muzan_2":46,"kimetsunoyaiba:susamaru":20,"kimetsunoyaiba:zohakuten":1,"kimetsunoyaiba:gyutaro":16,"kimetsunoyaiba:demon_9":2}},"DataVersion":2586}