{"stats":{"minecraft:killed":{"kimetsunoyaiba:enmu_tentacle_hand":2,"minecraft:spider":20,"kimetsunoyaiba:yahaba":1,"minecraft:skeleton":23,"kimetsunoyaiba:hand_demon":1,"minecraft:chicken":15,"kimetsunoyaiba:dice_steak_senior":1,"minecraft:pig":51,"kimetsunoyaiba:demon_2":10,"minecraft:zombie_villager":2,"minecraft:salmon":1,"kimetsunoyaiba:demon_4":2,"kimetsunoyaiba:boar":19,"kimetsunoyaiba:kyogai":7,"minecraft:creeper":20,"minecraft:sheep":74,"kimetsunoyaiba:kamanue":2,"kimetsunoyaiba:kaigaku":1,"minecraft:donkey":1,"minecraft:zombie":39,"kimetsunoyaiba:rokuro":1,"minecraft:cow":75,"kimetsunoyaiba:demon_slayer":32,"minecraft:horse":1,"kimetsunoyaiba:demon_9":2,"kimetsunoyaiba:temple_demon":1,"kimetsunoyaiba:goldfishbig":1,"kimetsunoyaiba:demon_5":1,"kimetsunoyaiba:kakushi":1,"kimetsunoyaiba:demon":102,"kimetsunoyaiba:kaigaku_human":1},"minecraft:dropped":{"minecraft:porkchop":2,"minecraft:glass_bottle":1,"croptopia:chile_pepper_seed":2,"croptopia:sweetpotato_seed":1,"croptopia:barley_seed":1,"minecraft:iron_pickaxe":1,"croptopia:mustard_seed":2,"minecraft:white_wool":1,"croptopia:cantaloupe_seed":10,"minecraft:bone":27,"croptopia:oat_seed":2,"minecraft:rotten_flesh":13,"minecraft:oak_planks":2,"croptopia:greenbean_seed":5,"minecraft:cooked_mutton":72,"minecraft:gunpowder":3,"croptopia:broccoli_seed":1,"minecraft:leather_boots":1,"croptopia:blackbean_seed":2,"minecraft:arrow":15,"croptopia:mustard":2,"croptopia:lettuce_seed":3,"minecraft:wheat_seeds":8,"kimetsunoyaiba:dice_steak_head_1":1,"minecraft:feather":1,"minecraft:cobblestone":1,"kimetsunoyaiba:dice_steak_head_2":1,"kimetsunoyaiba:dice_steak_leg":2,"minecraft:coal":22,"croptopia:ginger_seed":1,"croptopia:kale_seed":2,"croptopia:greenbean":1,"minecraft:gray_wool":2,"kimetsunoyaiba:nichirinsword_tomioka":1,"minecraft:diorite":2,"croptopia:grape_seed":3,"kimetsunoyaiba:dice_steak_head_4":1,"minecraft:brown_wool":1,"kimetsunoyaiba:dice_steak_body":1,"kimetsunoyaiba:nichirinsword_mist":1,"minecraft:string":4,"minecraft:bucket":1,"kimetsunoyaiba:nichirinsword_shinazugawa":1,"kimetsunoyaiba:dice_steak_arm":2,"kimetsunoyaiba:d_ice_steak_head_3":2,"croptopia:oat":1,"minecraft:netherite_ingot":21,"minecraft:stone_sword":1,"croptopia:blackberry_seed":1,"croptopia:raspberry_seed":1,"kimetsunoyaiba:uniform_chestplate":1,"minecraft:light_gray_wool":3,"croptopia:radish_seed":5,"croptopia:bellpepper_seed":6,"minecraft:lily_of_the_valley":1,"minecraft:spider_eye":1,"croptopia:tomatillo_seed":2,"minecraft:bow":1,"minecraft:stone_pickaxe":1,"minecraft:wooden_pickaxe":2,"kimetsunoyaiba:boar_head":1},"minecraft:used":{"kimetsunoyaiba:nichirinsword_tokito":272,"minecraft:iron_sword":360,"croptopia:oat":1,"minecraft:rotten_flesh":3,"croptopia:broccoli":1,"minecraft:lava_bucket":15,"minecraft:sweet_berries":5,"kimetsunoyaiba:nichirinsword_kocho":10,"croptopia:lettuce":5,"minecraft:furnace":22,"croptopia:roe":1,"kimetsunoyaiba:nichirinsword_tanjiro_2":199,"croptopia:radish":7,"minecraft:stone_pickaxe":143,"minecraft:oak_planks":18,"minecraft:wooden_pickaxe":12,"kimetsunoyaiba:human_flesh_2":5,"minecraft:white_wool":1,"kimetsunoyaiba:demon_hand":2,"croptopia:tomatillo":1,"croptopia:blackberry":1,"minecraft:smithing_table":1,"croptopia:bellpepper":3,"minecraft:oak_boat":2,"croptopia:cantaloupe":7,"minecraft:stone_sword":77,"minecraft:spruce_planks":1,"croptopia:blackbean":1,"minecraft:cooked_chicken":7,"minecraft:torch":42,"minecraft:dirt":12,"minecraft:anvil":1,"croptopia:chile_pepper":1,"croptopia:raspberry":1,"minecraft:granite":4,"croptopia:soybean":1,"kimetsunoyaiba:boar_flesh":24,"minecraft:cooked_beef":120,"croptopia:grape":2,"minecraft:cooked_mutton":61,"minecraft:water_bucket":4,"croptopia:celery":1,"minecraft:salmon":1,"minecraft:crafting_table":17,"minecraft:white_bed":4,"croptopia:sweetpotato":4,"croptopia:kale":1,"kimetsunoyaiba:futon":12,"minecraft:diamond_pickaxe":102,"minecraft:iron_pickaxe":387,"minecraft:stone_axe":52,"minecraft:cobblestone":35,"minecraft:potion":1,"minecraft:cooked_porkchop":28,"minecraft:bucket":19,"croptopia:greenbean":3},"minecraft:crafted":{"minecraft:oak_planks":60,"minecraft:cooked_chicken":15,"minecraft:cooked_mutton":107,"kimetsunoyaiba:uniform_leggings":3,"minecraft:chest":2,"kimetsunoyaiba:uniform_boots":3,"kimetsunoyaiba:uniform_chestplate":3,"sophisticatedbackpacks:backpack":2,"minecraft:cooked_porkchop":26,"minecraft:crafting_table":5,"minecraft:spruce_planks":32,"minecraft:wooden_pickaxe":2,"minecraft:smithing_table":1,"minecraft:diamond_pickaxe":1,"sophisticatedbackpacks:diamond_backpack":1,"minecraft:stick":40,"minecraft:iron_ingot":82,"minecraft:iron_pickaxe":2,"minecraft:iron_block":3,"minecraft:gold_ingot":25,"minecraft:furnace":6,"minecraft:stone_pickaxe":2,"sophisticatedbackpacks:iron_backpack":2,"minecraft:cooked_beef":120,"minecraft:iron_sword":2,"sophisticatedbackpacks:gold_backpack":2,"minecraft:bucket":1,"minecraft:stone_axe":1,"minecraft:air":0,"minecraft:oak_boat":1,"minecraft:anvil":1,"minecraft:white_bed":2,"minecraft:torch":48},"minecraft:mined":{"minecraft:white_bed":2,"croptopia:greenbean_crop":1,"minecraft:granite":7,"minecraft:grass_block":4,"minecraft:coal_block":28,"minecraft:oxeye_daisy":1,"minecraft:iron_ore":93,"minecraft:fire":1,"minecraft:anvil":1,"minecraft:dead_bush":3,"minecraft:cobblestone":4,"minecraft:sugar_cane":7,"minecraft:oak_planks":6,"minecraft:wall_torch":4,"minecraft:seagrass":1,"minecraft:grass":244,"minecraft:oak_log":15,"minecraft:dirt":15,"minecraft:netherrack":1,"minecraft:oak_leaves":10,"minecraft:diamond_ore":14,"minecraft:spruce_leaves":3,"kimetsunoyaiba:futon_2":13,"minecraft:hay_block":25,"minecraft:large_fern":12,"croptopia:barley_crop":1,"minecraft:furnace":22,"minecraft:andesite":4,"minecraft:gold_block":8,"minecraft:stone":104,"minecraft:smithing_table":1,"minecraft:lily_of_the_valley":1,"kimetsunoyaiba:scarlet_ore_block":107,"minecraft:crafting_table":13,"minecraft:emerald_ore":1,"minecraft:rose_bush":1,"minecraft:tall_grass":29,"minecraft:diorite":8,"minecraft:spruce_log":8,"kimetsunoyaiba:scarlet_ore_block_rare":44,"kimetsunoyaiba:futon":1,"minecraft:coal_ore":149,"minecraft:gold_ore":25},"minecraft:killed_by":{"kimetsunoyaiba:kyogai":1,"kimetsunoyaiba:inosuke":1,"minecraft:creeper":1,"kimetsunoyaiba:doma":2,"kimetsunoyaiba:akaza":1,"kimetsunoyaiba:kamanue":2,"kimetsunoyaiba:kaigaku":1,"kimetsunoyaiba:uzui":1,"kimetsunoyaiba:gyokko":3,"kimetsunoyaiba:doma_mini":1,"kimetsunoyaiba:hairo":6,"kimetsunoyaiba:gyokko_goldfish":2,"kimetsunoyaiba:demon_4":5,"kimetsunoyaiba:shadow_wolf":4,"kimetsunoyaiba:kaigaku_human":2,"kimetsunoyaiba:temple_demon":3,"kimetsunoyaiba:kokushibo":11,"kimetsunoyaiba:demon_slayer":1,"kimetsunoyaiba:demon":42,"kimetsunoyaiba:demon_3":5,"kimetsunoyaiba:goldfishbig":11,"kimetsunoyaiba:kocho":1,"kimetsunoyaiba:iguro":1,"kimetsunoyaiba:rokuro":4,"kimetsunoyaiba:demon_2":17,"kimetsunoyaiba:enmu":1,"kimetsunoyaiba:susamaru":2,"kimetsunoyaiba:gyutaro":5},"minecraft:custom":{"minecraft:interact_with_crafting_table":40,"minecraft:open_barrel":5,"minecraft:leave_game":15,"minecraft:time_since_death":253,"minecraft:damage_resisted":46997,"minecraft:sprint_one_cm":3824204,"minecraft:drop":130,"minecraft:deaths":146,"minecraft:jump":6421,"minecraft:walk_on_water_one_cm":90363,"minecraft:interact_with_furnace":153,"minecraft:play_one_minute":397308,"minecraft:sleep_in_bed":3,"minecraft:damage_dealt":147897,"minecraft:crouch_one_cm":25882,"minecraft:interact_with_smithing_table":2,"minecraft:mob_kills":594,"minecraft:interact_with_anvil":4,"minecraft:damage_dealt_resisted":41448,"minecraft:climb_one_cm":312,"minecraft:walk_one_cm":1443957,"minecraft:damage_dealt_absorbed":280,"minecraft:sneak_time":8637,"minecraft:walk_under_water_one_cm":42790,"minecraft:boat_one_cm":14499,"minecraft:time_since_rest":277,"minecraft:damage_taken":114188,"minecraft:swim_one_cm":148170,"minecraft:fly_one_cm":2319258,"minecraft:open_chest":9,"minecraft:fall_one_cm":559527},"minecraft:picked_up":{"kimetsunoyaiba:muzan_hat_helmet":1,"kimetsunoyaiba:futon":14,"minecraft:iron_chestplate":1,"minecraft:smithing_table":1,"minecraft:anvil":1,"croptopia:grape_seed":3,"croptopia:kale":1,"croptopia:tomatillo_seed":2,"croptopia:broccoli":1,"kimetsunoyaiba:scarlet_ironsand":46,"minecraft:potion":5,"croptopia:cabbage_seed":2,"minecraft:string":25,"croptopia:lettuce":5,"croptopia:cantaloupe":7,"minecraft:iron_leggings":1,"kimetsunoyaiba:dice_steak_head_2":1,"minecraft:netherite_ingot":21,"minecraft:iron_pickaxe":1,"croptopia:mustard_seed":2,"minecraft:coal_block":28,"kimetsunoyaiba:dice_steak_head_4":1,"minecraft:iron_boots":1,"minecraft:furnace":22,"croptopia:barley_seed":1,"croptopia:blackbean":1,"minecraft:torch":7,"croptopia:blackberry_seed":1,"minecraft:porkchop":160,"croptopia:ginger_seed":6,"minecraft:diorite":18,"fh:clan_roll":34,"minecraft:stone_sword":1,"minecraft:rotten_flesh":44,"croptopia:raspberry_seed":1,"kimetsunoyaiba:dice_steak_head_1":1,"kimetsunoyaiba:rifle":1,"croptopia:cabbage":1,"minecraft:cobblestone":104,"kimetsunoyaiba:human_flesh_2":50,"croptopia:lettuce_seed":6,"minecraft:cooked_beef":6,"minecraft:feather":20,"croptopia:radish":8,"croptopia:broccoli_seed":1,"minecraft:andesite":4,"kimetsunoyaiba:nichirinsword_kaigaku":1,"minecraft:brown_wool":1,"kimetsunoyaiba:blooddemonart_kamanue":5,"kimetsunoyaiba:boar_head":2,"kimetsunoyaiba:dice_steak_arm":2,"croptopia:celery":1,"minecraft:dirt":19,"minecraft:leather_boots":1,"minecraft:bone":35,"croptopia:sweetpotato":4,"minecraft:bow":1,"minecraft:wheat_seeds":17,"kimetsunoyaiba:scarlet_ore":61,"croptopia:bellpepper":3,"croptopia:roe":1,"croptopia:kale_seed":2,"minecraft:oak_planks":7,"croptopia:chile_pepper_seed":2,"kimetsunoyaiba:muzanblood":29,"minecraft:cooked_porkchop":2,"patchouli:guide_book":1,"croptopia:mustard":3,"croptopia:ginger":7,"croptopia:blackberry":1,"croptopia:celery_seed":1,"croptopia:oat":2,"kimetsunoyaiba:uniform_leggings":4,"minecraft:lily_of_the_valley":1,"croptopia:chile_pepper":1,"minecraft:diamond":14,"kimetsunoyaiba:drum":2,"croptopia:radish_seed":7,"minecraft:granite":7,"minecraft:emerald":1,"kimetsunoyaiba:nichirinsword":1,"kimetsunoyaiba:nichirinsword_mist":1,"minecraft:netherrack":1,"minecraft:crafting_table":13,"minecraft:chicken":17,"croptopia:sweetpotato_seed":8,"minecraft:gold_block":6,"croptopia:bellpepper_seed":6,"croptopia:soybean":7,"croptopia:tomatillo":1,"minecraft:beef":210,"minecraft:oak_boat":1,"croptopia:pepper_seed":5,"minecraft:light_gray_wool":3,"minecraft:sugar_cane":15,"kimetsunoyaiba:blooddemonart_enmu":2,"kimetsunoyaiba:clothes_kokushibo_chestplate":1,"croptopia:soybean_seed":12,"croptopia:greenbean_seed":6,"croptopia:blackbean_seed":2,"croptopia:grape":2,"kimetsunoyaiba:d_ice_steak_head_3":2,"minecraft:arrow":44,"croptopia:cantaloupe_seed":10,"minecraft:hay_block":25,"kimetsunoyaiba:boar_flesh":40,"croptopia:pepper":4,"kimetsunoyaiba:demon_hand":11,"minecraft:mutton":156,"minecraft:white_wool":102,"kimetsunoyaiba:nichirinsword_tokito":1,"minecraft:salmon":1,"minecraft:leather":95,"minecraft:oak_log":15,"kimetsunoyaiba:dice_steak_leg":2,"minecraft:gunpowder":13,"kimetsunoyaiba:scarlet_ore_rare":44,"fh:tokito_clan_item":1,"kimetsunoyaiba:uniform_chestplate":6,"kimetsunoyaiba:sword_kokushibo_1":1,"minecraft:cooked_mutton":38,"kimetsunoyaiba:whistle":1,"croptopia:barley":3,"kimetsunoyaiba:blooddemonart_yahaba":1,"minecraft:iron_ingot":9,"croptopia:raspberry":1,"minecraft:iron_ore":96,"minecraft:sweet_berries":7,"minecraft:white_bed":2,"minecraft:spruce_log":8,"minecraft:gold_ore":25,"minecraft:spider_eye":6,"croptopia:oat_seed":3,"kimetsunoyaiba:drum_armor_chestplate":2,"kimetsunoyaiba:uniform_boots":5,"croptopia:greenbean":4,"minecraft:gray_wool":4,"kimetsunoyaiba:dice_steak_body":1,"minecraft:coal":478},"minecraft:broken":{"minecraft:iron_boots":1,"minecraft:iron_chestplate":1,"minecraft:iron_leggings":1,"minecraft:stone_pickaxe":1,"minecraft:iron_sword":1,"kimetsunoyaiba:uniform_leggings":2,"minecraft:iron_pickaxe":1,"kimetsunoyaiba:uniform_chestplate":2}},"DataVersion":2586}