{"stats":{"minecraft:mined":{"minecraft:crafting_table":3,"minecraft:grass_block":1,"minecraft:cobblestone":1,"minecraft:furnace":2,"minecraft:iron_ore":4,"minecraft:sweet_berry_bush":3,"minecraft:grass":4,"minecraft:oak_log":8,"minecraft:coal_ore":32,"minecraft:stone":27,"minecraft:oak_leaves":2},"minecraft:killed":{"minecraft:pig":1,"minecraft:spider":3,"minecraft:squid":1,"minecraft:skeleton":3,"minecraft:zombie":3,"minecraft:bee":1},"minecraft:dropped":{"minecraft:wheat_seeds":1,"minecraft:glass_bottle":1,"minecraft:cobblestone":1,"minecraft:rotten_flesh":2,"minecraft:dirt":1,"minecraft:wooden_axe":1,"minecraft:oak_sapling":1,"minecraft:spider_eye":1,"minecraft:stone_pickaxe":1,"minecraft:wooden_pickaxe":1,"minecraft:bone":2},"minecraft:crafted":{"minecraft:oak_planks":28,"minecraft:crafting_table":2,"minecraft:wooden_pickaxe":1,"minecraft:furnace":1,"minecraft:stone_axe":1,"minecraft:cooked_mutton":1,"minecraft:air":0,"minecraft:stick":12,"minecraft:stone_pickaxe":1,"minecraft:wooden_axe":1},"minecraft:custom":{"minecraft:interact_with_furnace":4,"minecraft:mob_kills":20,"minecraft:interact_with_crafting_table":6,"minecraft:play_one_minute":21869,"minecraft:damage_dealt_resisted":289,"minecraft:time_since_death":344,"minecraft:damage_resisted":243,"minecraft:time_since_rest":360,"minecraft:sprint_one_cm":189533,"minecraft:damage_taken":4254,"minecraft:walk_one_cm":55009,"minecraft:drop":11,"minecraft:damage_dealt":2920,"minecraft:swim_one_cm":2567,"minecraft:fly_one_cm":58411,"minecraft:open_chest":1,"minecraft:crouch_one_cm":746,"minecraft:deaths":10,"minecraft:sneak_time":164,"minecraft:walk_under_water_one_cm":319,"minecraft:jump":328,"minecraft:walk_on_water_one_cm":2909,"minecraft:fall_one_cm":12470},"minecraft:picked_up":{"minecraft:crafting_table":3,"minecraft:chicken":2,"croptopia:calamari":2,"minecraft:oak_log":8,"minecraft:string":2,"minecraft:dirt":2,"minecraft:bone":5,"minecraft:bow":1,"minecraft:wheat_seeds":1,"minecraft:iron_ingot":6,"minecraft:stone_pickaxe":1,"minecraft:iron_ore":4,"minecraft:oak_planks":1,"minecraft:furnace":2,"minecraft:sweet_berries":29,"minecraft:porkchop":2,"minecraft:ink_sac":1,"minecraft:spider_eye":1,"minecraft:arrow":7,"minecraft:rotten_flesh":4,"minecraft:oak_sapling":1,"minecraft:mutton":2,"minecraft:coal":45,"minecraft:white_wool":2,"minecraft:cobblestone":28},"minecraft:killed_by":{"kimetsunoyaiba:demon":3,"minecraft:creeper":1,"kimetsunoyaiba:doma":1,"kimetsunoyaiba:demon_2":1,"kimetsunoyaiba:demon_9":2,"kimetsunoyaiba:demon_5":1},"minecraft:used":{"minecraft:cooked_mutton":1,"minecraft:stone_pickaxe":41,"minecraft:oak_planks":1,"minecraft:wooden_pickaxe":25,"minecraft:dirt":1,"minecraft:crafting_table":4,"minecraft:oak_log":1,"minecraft:wooden_axe":6,"kimetsunoyaiba:boar_flesh":4,"minecraft:stone_axe":2,"minecraft:cobblestone":13,"minecraft:potion":2,"minecraft:sweet_berries":24,"minecraft:furnace":2,"kimetsunoyaiba:nichirinsword_flame":49}},"DataVersion":2586}