{"stats":{"minecraft:dropped":{"minecraft:wheat_seeds":1,"minecraft:wooden_axe":1,"minecraft:oak_sapling":1,"minecraft:cobblestone":1,"minecraft:spider_eye":1,"minecraft:wooden_pickaxe":1,"minecraft:stone_pickaxe":1,"minecraft:bone":2},"minecraft:mined":{"minecraft:furnace":1,"minecraft:iron_ore":4,"minecraft:crafting_table":2,"minecraft:coal_ore":32,"minecraft:grass":3,"minecraft:oak_log":8,"minecraft:cobblestone":1,"minecraft:stone":25,"minecraft:oak_leaves":2},"minecraft:crafted":{"minecraft:oak_planks":28,"minecraft:crafting_table":2,"minecraft:stick":12,"minecraft:wooden_pickaxe":1,"minecraft:stone_pickaxe":1,"minecraft:wooden_axe":1,"minecraft:furnace":1,"minecraft:stone_axe":1,"minecraft:air":0,"minecraft:cooked_mutton":1},"minecraft:killed":{"minecraft:skeleton":1,"minecraft:zombie":2,"minecraft:spider":1},"minecraft:picked_up":{"minecraft:crafting_table":2,"minecraft:oak_log":7,"minecraft:spider_eye":1,"minecraft:string":1,"minecraft:bone":2,"minecraft:arrow":1,"minecraft:rotten_flesh":2,"minecraft:wheat_seeds":1,"minecraft:stone_pickaxe":1,"minecraft:iron_ore":4,"minecraft:coal":32,"minecraft:oak_sapling":1,"minecraft:oak_planks":1,"minecraft:mutton":1,"minecraft:white_wool":1,"minecraft:cobblestone":26,"minecraft:furnace":1},"minecraft:custom":{"minecraft:time_since_rest":3321,"minecraft:interact_with_furnace":4,"minecraft:sprint_one_cm":39622,"minecraft:damage_taken":875,"minecraft:walk_one_cm":23007,"minecraft:mob_kills":4,"minecraft:drop":8,"minecraft:damage_dealt":451,"minecraft:interact_with_crafting_table":5,"minecraft:fly_one_cm":10508,"minecraft:open_chest":1,"minecraft:crouch_one_cm":470,"minecraft:play_one_minute":9869,"minecraft:deaths":2,"minecraft:sneak_time":95,"minecraft:damage_dealt_resisted":9,"minecraft:jump":51,"minecraft:time_since_death":3257,"minecraft:damage_resisted":134,"minecraft:fall_one_cm":3511},"minecraft:killed_by":{"kimetsunoyaiba:demon_2":1},"minecraft:used":{"minecraft:cooked_mutton":1,"minecraft:wooden_axe":6,"minecraft:stone_pickaxe":38,"minecraft:wooden_pickaxe":25,"kimetsunoyaiba:boar_flesh":1,"minecraft:stone_axe":1,"minecraft:cobblestone":1,"minecraft:potion":1,"minecraft:crafting_table":3,"minecraft:furnace":2,"kimetsunoyaiba:nichirinsword_flame":13}},"DataVersion":2586}