{"stats":{"minecraft:mined":{"minecraft:crafting_table":3,"minecraft:grass_block":1,"minecraft:poppy":1,"minecraft:cobblestone":1,"minecraft:oak_planks":1,"minecraft:furnace":3,"minecraft:iron_ore":4,"minecraft:sweet_berry_bush":3,"minecraft:grass":9,"minecraft:oak_log":8,"minecraft:coal_ore":32,"minecraft:stone":27,"minecraft:oak_leaves":5},"minecraft:dropped":{"minecraft:wheat_seeds":4,"minecraft:glass_bottle":3,"minecraft:cobblestone":1,"minecraft:rotten_flesh":20,"minecraft:glowstone_dust":6,"minecraft:poppy":1,"minecraft:dirt":1,"minecraft:wooden_axe":1,"minecraft:oak_sapling":2,"minecraft:spider_eye":3,"minecraft:arrow":14,"minecraft:bow":2,"minecraft:stone_pickaxe":1,"minecraft:wooden_pickaxe":1,"minecraft:sugar":6,"minecraft:string":5,"minecraft:bone":39},"minecraft:killed":{"kimetsunoyaiba:demon_10":1,"kimetsunoyaiba:demon":2,"kimetsunoyaiba:zohakuten":1,"minecraft:pig":1,"kimetsunoyaiba:demon_4":1,"minecraft:spider":7,"kimetsunoyaiba:boar":4,"kimetsunoyaiba:hantengu_sekido":1,"minecraft:creeper":4,"minecraft:squid":1,"minecraft:skeleton":6,"kimetsunoyaiba:doctor":1,"kimetsunoyaiba:demon_9":1,"minecraft:zombie":12,"kimetsunoyaiba:muscular_mouse":1,"minecraft:bee":1,"kimetsunoyaiba:goldfishbig":3,"kimetsunoyaiba:susamaru":1,"kimetsunoyaiba:demon_3":2,"minecraft:cow":1},"minecraft:crafted":{"minecraft:cooked_beef":2,"minecraft:oak_planks":28,"minecraft:cooked_porkchop":2,"minecraft:crafting_table":2,"minecraft:cooked_chicken":2,"minecraft:wooden_pickaxe":1,"minecraft:furnace":1,"minecraft:stone_axe":1,"minecraft:cooked_mutton":1,"minecraft:air":0,"minecraft:stick":12,"minecraft:stone_pickaxe":1,"minecraft:wooden_axe":1},"minecraft:custom":{"minecraft:interact_with_furnace":11,"minecraft:mob_kills":83,"minecraft:interact_with_crafting_table":6,"minecraft:play_one_minute":59941,"minecraft:damage_dealt_resisted":14650,"minecraft:leave_game":1,"minecraft:time_since_death":731,"minecraft:climb_one_cm":24,"minecraft:damage_resisted":5870,"minecraft:time_since_rest":751,"minecraft:sprint_one_cm":785067,"minecraft:damage_taken":27305,"minecraft:walk_one_cm":225846,"minecraft:drop":58,"minecraft:damage_dealt":22365,"minecraft:swim_one_cm":4117,"minecraft:fly_one_cm":285283,"minecraft:open_chest":2,"minecraft:crouch_one_cm":3099,"minecraft:deaths":52,"minecraft:sneak_time":408,"minecraft:walk_under_water_one_cm":1034,"minecraft:jump":1001,"minecraft:walk_on_water_one_cm":8640,"minecraft:fall_one_cm":48430},"minecraft:picked_up":{"kimetsunoyaiba:human_flesh_2":5,"kimetsunoyaiba:blooddemonart_zohakuten":1,"minecraft:crafting_table":3,"minecraft:chicken":2,"minecraft:potion":1,"kimetsunoyaiba:blooddemonart_kamanue":1,"croptopia:calamari":2,"minecraft:oak_log":8,"kimetsunoyaiba:dice_steak_leg":2,"kimetsunoyaiba:dice_steak_arm":2,"minecraft:string":5,"minecraft:dirt":2,"kimetsunoyaiba:dice_steak_head_2":1,"minecraft:bone":23,"minecraft:bow":2,"minecraft:wheat_seeds":4,"kimetsunoyaiba:zohakuten_clothes_chestplate":2,"minecraft:beef":2,"minecraft:iron_ingot":6,"minecraft:stone_pickaxe":1,"minecraft:iron_ore":4,"minecraft:poppy":1,"minecraft:glowstone_dust":6,"kimetsunoyaiba:dice_steak_head_4":1,"minecraft:oak_planks":2,"minecraft:furnace":3,"kimetsunoyaiba:muzanblood":16,"minecraft:sweet_berries":29,"kimetsunoyaiba:uzui_decoration_helmet":1,"sophisticatedbackpacks:backpack":1,"minecraft:porkchop":2,"minecraft:ink_sac":1,"minecraft:spider_eye":3,"kimetsunoyaiba:d_ice_steak_head_3":1,"minecraft:arrow":15,"minecraft:sugar":6,"minecraft:rotten_flesh":20,"kimetsunoyaiba:boar_flesh":4,"kimetsunoyaiba:dice_steak_head_1":1,"kimetsunoyaiba:dice_steak_body":1,"minecraft:oak_sapling":2,"minecraft:mutton":2,"minecraft:coal":75,"minecraft:white_wool":2,"minecraft:cobblestone":28},"minecraft:broken":{"kimetsunoyaiba:uniform_boots":1,"kimetsunoyaiba:uniform_leggings":1,"kimetsunoyaiba:uniform_chestplate":1},"minecraft:killed_by":{"kimetsunoyaiba:demon_10":2,"kimetsunoyaiba:goldfishbig":2,"minecraft:skeleton":1,"kimetsunoyaiba:demon":7,"minecraft:creeper":1,"kimetsunoyaiba:gyokko_goldfish":3,"kimetsunoyaiba:doma":1,"kimetsunoyaiba:demon_2":2,"kimetsunoyaiba:akaza":1,"kimetsunoyaiba:kamanue":5,"kimetsunoyaiba:kaigaku":1,"kimetsunoyaiba:zohakuten":2,"kimetsunoyaiba:gyutaro":1,"kimetsunoyaiba:gyokko":6,"kimetsunoyaiba:daki":2,"kimetsunoyaiba:demon_3":2,"kimetsunoyaiba:demon_9":2,"kimetsunoyaiba:demon_5":6},"minecraft:used":{"minecraft:cooked_mutton":1,"minecraft:stone_pickaxe":42,"minecraft:oak_planks":7,"minecraft:wooden_pickaxe":25,"minecraft:cooked_chicken":2,"minecraft:dirt":1,"minecraft:crafting_table":4,"minecraft:oak_log":1,"minecraft:wooden_axe":6,"kimetsunoyaiba:boar_flesh":17,"minecraft:stone_axe":3,"minecraft:cobblestone":13,"minecraft:potion":3,"minecraft:sweet_berries":24,"minecraft:furnace":3,"minecraft:cooked_porkchop":1,"kimetsunoyaiba:nichirinsword_flame":241}},"DataVersion":2586}