{"stats":{"minecraft:killed":{"kimetsunoyaiba:demon":2,"kimetsunoyaiba:demon_9":1,"minecraft:zombie":3,"minecraft:pig":2,"minecraft:spider":1,"minecraft:creeper":2,"kimetsunoyaiba:yorichi_0":1},"minecraft:dropped":{"minecraft:stone_pickaxe":1,"kimetsunoyaiba:nichirinsword_mist":1,"fh:flame_breathitem":1},"minecraft:used":{"kimetsunoyaiba:nichirinsword_mist":114,"minecraft:birch_planks":3,"minecraft:stone_pickaxe":22,"minecraft:wooden_pickaxe":6,"minecraft:stone_axe":1,"minecraft:dirt":1,"minecraft:sweet_berries":26,"minecraft:crafting_table":3,"minecraft:porkchop":9},"minecraft:crafted":{"minecraft:oak_planks":4,"minecraft:crafting_table":2,"minecraft:stick":8,"minecraft:wooden_pickaxe":1,"minecraft:stone_pickaxe":1,"minecraft:birch_planks":16,"minecraft:stone_axe":1},"minecraft:mined":{"minecraft:large_fern":2,"minecraft:iron_ore":7,"minecraft:birch_log":4,"minecraft:sweet_berry_bush":1,"minecraft:torch":3,"minecraft:crafting_table":2,"minecraft:grass":2,"minecraft:coal_ore":13,"minecraft:oak_log":1,"minecraft:dirt":1,"minecraft:spruce_leaves":2,"minecraft:stone":6},"minecraft:killed_by":{"minecraft:player":6,"kimetsunoyaiba:hairo":1,"kimetsunoyaiba:demon":6,"minecraft:spider":1,"minecraft:creeper":1,"kimetsunoyaiba:demon_9":3,"kimetsunoyaiba:demon_2":1},"minecraft:custom":{"minecraft:time_since_rest":1946,"minecraft:sprint_one_cm":197397,"minecraft:damage_taken":8002,"minecraft:walk_one_cm":150624,"minecraft:mob_kills":24,"minecraft:drop":3,"minecraft:damage_dealt":4427,"minecraft:swim_one_cm":2696,"minecraft:interact_with_crafting_table":7,"minecraft:fly_one_cm":136729,"minecraft:player_kills":2,"minecraft:open_chest":1,"minecraft:play_one_minute":43050,"minecraft:crouch_one_cm":98,"minecraft:deaths":22,"minecraft:sneak_time":51,"minecraft:walk_under_water_one_cm":1385,"minecraft:jump":617,"minecraft:damage_dealt_resisted":387,"minecraft:leave_game":1,"minecraft:time_since_death":1920,"minecraft:walk_on_water_one_cm":15999,"minecraft:climb_one_cm":330,"minecraft:damage_resisted":792,"minecraft:fall_one_cm":41519},"minecraft:picked_up":{"minecraft:birch_log":4,"minecraft:crafting_table":4,"minecraft:lilac":1,"minecraft:sweet_berries":22,"minecraft:salmon":4,"minecraft:torch":3,"fh:flame_breathitem":1,"minecraft:wooden_pickaxe":1,"minecraft:porkchop":9,"minecraft:oak_log":1,"minecraft:gunpowder":5,"minecraft:spider_eye":1,"minecraft:dirt":1,"minecraft:bone":9,"minecraft:arrow":6,"minecraft:rotten_flesh":8,"minecraft:bow":1,"kimetsunoyaiba:drum":1,"kimetsunoyaiba:yorichi_0_armor_chestplate":1,"minecraft:stone_pickaxe":1,"minecraft:iron_ore":7,"kimetsunoyaiba:nichirinsword_mist":1,"croptopia:roe":4,"minecraft:coal":13,"minecraft:cobblestone":6}},"DataVersion":2586}