{"stats":{"minecraft:killed":{"kimetsunoyaiba:demon":3,"minecraft:pig":2,"kimetsunoyaiba:demon_2":1,"minecraft:spider":2,"minecraft:creeper":3,"minecraft:skeleton":1,"kimetsunoyaiba:demon_9":1,"minecraft:zombie":6,"kimetsunoyaiba:yorichi_0":1},"minecraft:dropped":{"croptopia:oat":2,"minecraft:wheat_seeds":2,"croptopia:blackberry_seed":7,"croptopia:oat_seed":4,"minecraft:cobblestone":27,"minecraft:rotten_flesh":13,"croptopia:raspberry_seed":2,"croptopia:greenbean_seed":1,"minecraft:gunpowder":7,"minecraft:ink_sac":18,"minecraft:spider_eye":1,"kimetsunoyaiba:nichirinsword_mist":3,"minecraft:stone_pickaxe":1,"minecraft:string":1,"fh:flame_breathitem":1,"minecraft:bone":2},"minecraft:used":{"kimetsunoyaiba:nichirinsword_mist":163,"minecraft:birch_planks":5,"minecraft:stone_pickaxe":99,"croptopia:calamari":7,"minecraft:wooden_pickaxe":6,"minecraft:cooked_salmon":4,"minecraft:dirt":1,"minecraft:crafting_table":4,"kimetsunoyaiba:fuji_flower":1,"kimetsunoyaiba:boar_flesh":3,"minecraft:stone_axe":10,"minecraft:coal_block":1,"minecraft:cobblestone":8,"minecraft:sweet_berries":54,"minecraft:furnace":1,"minecraft:porkchop":9,"croptopia:blackberry":2,"kimetsunoyaiba:drum":4,"minecraft:andesite":2,"croptopia:greenbean":1},"minecraft:crafted":{"minecraft:oak_planks":4,"minecraft:coal":81,"minecraft:crafting_table":2,"minecraft:wooden_pickaxe":1,"minecraft:furnace":1,"minecraft:cooked_salmon":4,"minecraft:birch_planks":16,"minecraft:stone_axe":1,"minecraft:stick":8,"minecraft:iron_ingot":12,"minecraft:stone_pickaxe":1},"minecraft:mined":{"kimetsunoyaiba:fuji_flower":1,"croptopia:pepper_crop":2,"minecraft:crafting_table":3,"minecraft:torch":3,"croptopia:oat_crop":2,"minecraft:coal_block":13,"minecraft:spruce_leaves":2,"minecraft:large_fern":2,"minecraft:furnace":1,"minecraft:birch_log":4,"minecraft:iron_ore":12,"minecraft:sweet_berry_bush":2,"minecraft:andesite":2,"minecraft:grass":7,"minecraft:oak_log":1,"minecraft:coal_ore":25,"kimetsunoyaiba:chest_of_drawer":1,"croptopia:blackberry_crop":4,"minecraft:dirt":1,"minecraft:stone":49},"minecraft:killed_by":{"minecraft:player":8,"kimetsunoyaiba:hairo":1,"kimetsunoyaiba:inosuke":1,"kimetsunoyaiba:demon":8,"minecraft:creeper":1,"minecraft:spider":1,"kimetsunoyaiba:demon_2":1,"kimetsunoyaiba:demon_4":2,"kimetsunoyaiba:yorichi_0":2,"kimetsunoyaiba:gyokko":1,"kimetsunoyaiba:demon_9":3},"minecraft:custom":{"minecraft:interact_with_furnace":5,"minecraft:mob_kills":40,"minecraft:interact_with_crafting_table":9,"minecraft:open_barrel":14,"minecraft:play_one_minute":90674,"minecraft:damage_dealt_resisted":1168,"minecraft:leave_game":2,"minecraft:time_since_death":15313,"minecraft:climb_one_cm":478,"minecraft:damage_resisted":1409,"minecraft:time_since_rest":15336,"minecraft:sprint_one_cm":413348,"minecraft:damage_taken":13270,"minecraft:walk_one_cm":306841,"minecraft:drop":20,"minecraft:damage_dealt":7589,"minecraft:swim_one_cm":3571,"minecraft:fly_one_cm":352794,"minecraft:player_kills":2,"minecraft:open_chest":1,"minecraft:crouch_one_cm":132,"minecraft:deaths":32,"minecraft:sneak_time":61,"minecraft:walk_under_water_one_cm":1928,"minecraft:jump":1368,"minecraft:walk_on_water_one_cm":26050,"minecraft:interact_with_smoker":1,"minecraft:fall_one_cm":81399},"minecraft:picked_up":{"minecraft:birch_log":4,"minecraft:crafting_table":5,"minecraft:lilac":1,"minecraft:andesite":2,"minecraft:salmon":8,"fh:flame_breathitem":1,"minecraft:wooden_pickaxe":1,"croptopia:calamari":7,"minecraft:oak_log":1,"minecraft:gunpowder":7,"kimetsunoyaiba:uniform_chestplate":1,"minecraft:dirt":1,"minecraft:string":2,"minecraft:iron_leggings":1,"minecraft:bone":9,"kimetsunoyaiba:fuji_flower":1,"minecraft:bow":1,"minecraft:wheat_seeds":2,"minecraft:iron_ingot":14,"minecraft:stone_pickaxe":1,"minecraft:iron_ore":12,"croptopia:pepper_seed":6,"croptopia:roe":4,"minecraft:coal_block":23,"minecraft:furnace":1,"minecraft:sweet_berries":46,"croptopia:greenbean_seed":1,"minecraft:torch":6,"croptopia:blackberry_seed":7,"croptopia:blackberry":2,"minecraft:porkchop":9,"croptopia:oat":2,"minecraft:ink_sac":18,"minecraft:spider_eye":1,"minecraft:arrow":8,"croptopia:oat_seed":4,"minecraft:rotten_flesh":13,"kimetsunoyaiba:drum":1,"kimetsunoyaiba:yorichi_0_armor_chestplate":1,"croptopia:raspberry_seed":2,"croptopia:greenbean":1,"croptopia:pepper":3,"kimetsunoyaiba:nichirinsword_mist":3,"minecraft:coal":35,"minecraft:cobblestone":49}},"DataVersion":2586}