{"stats":{"minecraft:killed":{"minecraft:zombie":1,"minecraft:pig":1},"minecraft:dropped":{"fh:flame_breathitem":1},"minecraft:used":{"minecraft:dirt":1,"minecraft:crafting_table":1,"kimetsunoyaiba:nichirinsword_mist":42},"minecraft:crafted":{"minecraft:birch_planks":16,"minecraft:crafting_table":1,"minecraft:stick":4,"minecraft:wooden_pickaxe":1},"minecraft:mined":{"minecraft:dirt":1,"minecraft:birch_log":4,"minecraft:crafting_table":1},"minecraft:killed_by":{"kimetsunoyaiba:demon":3,"minecraft:creeper":1,"minecraft:player":6,"kimetsunoyaiba:demon_9":1},"minecraft:custom":{"minecraft:time_since_rest":3092,"minecraft:open_chest":1,"minecraft:play_one_minute":18634,"minecraft:crouch_one_cm":66,"minecraft:sprint_one_cm":58881,"minecraft:walk_one_cm":71171,"minecraft:damage_taken":4496,"minecraft:deaths":12,"minecraft:sneak_time":48,"minecraft:mob_kills":7,"minecraft:drop":1,"minecraft:damage_dealt_resisted":39,"minecraft:jump":202,"minecraft:damage_dealt":1922,"minecraft:walk_on_water_one_cm":120,"minecraft:time_since_death":3049,"minecraft:damage_resisted":204,"minecraft:interact_with_crafting_table":2,"minecraft:fall_one_cm":13743,"minecraft:fly_one_cm":33198,"minecraft:player_kills":2},"minecraft:picked_up":{"minecraft:birch_log":4,"minecraft:crafting_table":1,"minecraft:lilac":1,"minecraft:arrow":1,"minecraft:bone":2,"minecraft:wooden_pickaxe":1,"kimetsunoyaiba:drum":1,"fh:flame_breathitem":1,"minecraft:porkchop":3,"minecraft:dirt":1}},"DataVersion":2586}