{"stats":{"minecraft:killed":{"minecraft:zombie":1,"minecraft:creeper":2,"kimetsunoyaiba:vase":1},"minecraft:used":{"kimetsunoyaiba:nichirinsword_yoriichi":4,"minecraft:dirt":41,"kimetsunoyaiba:nichirinsword_flame":5,"minecraft:gravel":1},"minecraft:custom":{"minecraft:time_since_rest":16874,"minecraft:open_chest":4,"minecraft:play_one_minute":16874,"minecraft:crouch_one_cm":981,"minecraft:sprint_one_cm":17539,"minecraft:damage_taken":249,"minecraft:walk_one_cm":19901,"minecraft:sneak_time":293,"minecraft:mob_kills":6,"minecraft:damage_dealt_resisted":1111,"minecraft:jump":270,"minecraft:damage_dealt":2586,"minecraft:leave_game":1,"minecraft:time_since_death":16874,"minecraft:damage_resisted":25,"minecraft:climb_one_cm":1171,"minecraft:fly_one_cm":85763,"minecraft:fall_one_cm":4398},"minecraft:picked_up":{"minecraft:pink_tulip":1,"kimetsunoyaiba:demon_hand":1,"kimetsunoyaiba:uniform_leggings":1,"minecraft:gunpowder":1,"minecraft:string":2}},"DataVersion":2586}