{
  "sophisticatedbackpacks:recipes/sophisticatedbackpacks/blasting_upgrade": {
    "criteria": {
      "has_upgrade_base": "2024-08-02 17:39:37 +0000"
    },
    "done": true
  },
  "minecraft:recipes/misc/iron_nugget_from_blasting": {
    "criteria": {
      "has_iron_chestplate": "2024-08-02 17:50:12 +0000"
    },
    "done": true
  },
  "kimetsunoyaiba:hinoto": {
    "criteria": {
      "hinoto": "2024-08-02 17:54:34 +0000"
    },
    "done": true
  },
  "minecraft:recipes/transportation/dark_oak_boat": {
    "criteria": {
      "in_water": "2024-08-02 17:52:47 +0000"
    },
    "done": true
  },
  "sophisticatedbackpacks:recipes/sophisticatedbackpacks/auto_smoking_upgrade": {
    "criteria": {
      "has_smoking_upgrade": "2024-08-02 17:39:37 +0000"
    },
    "done": true
  },
  "kimetsunoyaiba:kinoto": {
    "criteria": {
      "kinoto": "2024-08-02 17:54:34 +0000"
    },
    "done": true
  },
  "sophisticatedbackpacks:recipes/sophisticatedbackpacks/auto_smoking_upgrade_from_auto_smelting_upgrade": {
    "criteria": {
      "has_auto_smelting_upgrade": "2024-08-02 17:39:37 +0000"
    },
    "done": true
  },
  "minecraft:story/obtain_armor": {
    "criteria": {
      "iron_chestplate": "2024-08-02 17:50:12 +0000"
    },
    "done": true
  },
  "kimetsunoyaiba:hinoe": {
    "criteria": {
      "hinoe": "2024-08-02 17:54:34 +0000"
    },
    "done": true
  },
  "fh:slayer_skills": {
    "criteria": {
      "slayer_skills": "2024-08-02 17:39:42 +0000"
    },
    "done": true
  },
  "fh:skills": {
    "criteria": {
      "skills": "2024-08-02 17:39:37 +0000"
    },
    "done": true
  },
  "kimetsunoyaiba:hashira": {
    "criteria": {
      "hashira": "2024-08-02 17:54:34 +0000"
    },
    "done": true
  },
  "kimetsunoyaiba:demon_slayer_corps": {
    "criteria": {
      "demon_slayer_corps": "2024-08-02 17:40:06 +0000"
    },
    "done": true
  },
  "sophisticatedbackpacks:recipes/sophisticatedbackpacks/blasting_upgrade_from_smelting_upgrade": {
    "criteria": {
      "has_smelting_upgrade": "2024-08-02 17:39:37 +0000"
    },
    "done": true
  },
  "sophisticatedbackpacks:recipes/sophisticatedbackpacks/auto_blasting_upgrade": {
    "criteria": {
      "has_blasting_upgrade": "2024-08-02 17:39:37 +0000"
    },
    "done": true
  },
  "minecraft:recipes/misc/iron_nugget_from_smelting": {
    "criteria": {
      "has_iron_chestplate": "2024-08-02 17:50:12 +0000"
    },
    "done": true
  },
  "parcool:grant_parcool_guide": {
    "criteria": {
      "tick": "2024-08-02 17:39:38 +0000"
    },
    "done": true
  },
  "minecraft:recipes/misc/bone_meal": {
    "criteria": {
      "has_bone": "2024-08-02 17:50:34 +0000"
    },
    "done": true
  },
  "minecraft:adventure/adventuring_time": {
    "criteria": {
      "minecraft:forest": "2024-08-02 17:39:37 +0000",
      "minecraft:beach": "2024-08-02 17:52:40 +0000",
      "minecraft:plains": "2024-08-02 18:04:27 +0000"
    },
    "done": false
  },
  "fh:slayer": {
    "criteria": {
      "slayer": "2024-08-02 17:40:06 +0000"
    },
    "done": true
  },
  "kimetsunoyaiba:mizunoe": {
    "criteria": {
      "mizunoe": "2024-08-02 17:54:34 +0000"
    },
    "done": true
  },
  "sophisticatedbackpacks:recipes/sophisticatedbackpacks/smoking_upgrade_from_smelting_upgrade": {
    "criteria": {
      "has_smelting_upgrade": "2024-08-02 17:39:37 +0000"
    },
    "done": true
  },
  "minecraft:husbandry/root": {
    "criteria": {
      "consumed_item": "2024-08-02 17:50:34 +0000"
    },
    "done": true
  },
  "minecraft:recipes/decorations/chest": {
    "criteria": {
      "has_lots_of_items": "2024-08-02 17:50:11 +0000"
    },
    "done": true
  },
  "minecraft:recipes/transportation/birch_boat": {
    "criteria": {
      "in_water": "2024-08-02 17:52:47 +0000"
    },
    "done": true
  },
  "fh:start": {
    "criteria": {
      "start": "2024-08-02 17:39:37 +0000"
    },
    "done": true
  },
  "minecraft:story/upgrade_tools": {
    "criteria": {
      "stone_pickaxe": "2024-08-02 17:39:38 +0000"
    },
    "done": true
  },
  "minecraft:recipes/decorations/torch": {
    "criteria": {
      "has_stone_pickaxe": "2024-08-02 17:39:38 +0000"
    },
    "done": true
  },
  "kimetsunoyaiba:tsuchinoe": {
    "criteria": {
      "tsuchinoe": "2024-08-02 17:54:34 +0000"
    },
    "done": true
  },
  "minecraft:recipes/transportation/acacia_boat": {
    "criteria": {
      "in_water": "2024-08-02 17:52:47 +0000"
    },
    "done": true
  },
  "minecraft:recipes/transportation/oak_boat": {
    "criteria": {
      "in_water": "2024-08-02 17:52:47 +0000"
    },
    "done": true
  },
  "kimetsunoyaiba:kanoe": {
    "criteria": {
      "kanoe": "2024-08-02 17:54:34 +0000"
    },
    "done": true
  },
  "sophisticatedbackpacks:recipes/sophisticatedbackpacks/smoking_upgrade": {
    "criteria": {
      "has_upgrade_base": "2024-08-02 17:39:37 +0000"
    },
    "done": true
  },
  "sophisticatedbackpacks:recipes/sophisticatedbackpacks/auto_blasting_upgrade_from_auto_smelting_upgrade": {
    "criteria": {
      "has_auto_smelting_upgrade": "2024-08-02 17:39:37 +0000"
    },
    "done": true
  },
  "kimetsunoyaiba:mizunoto": {
    "criteria": {
      "mizunoto": "2024-08-02 17:42:32 +0000"
    },
    "done": true
  },
  "kimetsunoyaiba:kanoto": {
    "criteria": {
      "kanoto": "2024-08-02 17:54:34 +0000"
    },
    "done": true
  },
  "kimetsunoyaiba:kinoe": {
    "criteria": {
      "kinoe": "2024-08-02 17:54:34 +0000"
    },
    "done": true
  },
  "minecraft:adventure/root": {
    "criteria": {
      "killed_by_something": "2024-08-02 17:52:53 +0000"
    },
    "done": true
  },
  "minecraft:recipes/transportation/jungle_boat": {
    "criteria": {
      "in_water": "2024-08-02 17:52:47 +0000"
    },
    "done": true
  },
  "kimetsunoyaiba:demon_slayer": {
    "criteria": {
      "demon_slayer": "2024-08-02 17:39:38 +0000"
    },
    "done": true
  },
  "minecraft:recipes/transportation/spruce_boat": {
    "criteria": {
      "in_water": "2024-08-02 17:52:47 +0000"
    },
    "done": true
  },
  "kimetsunoyaiba:cruel": {
    "criteria": {
      "cruel": "2024-08-02 17:39:38 +0000"
    },
    "done": true
  },
  "kimetsunoyaiba:tsuchinoto": {
    "criteria": {
      "tsuchinoto": "2024-08-02 17:54:34 +0000"
    },
    "done": true
  },
  "minecraft:husbandry/tame_an_animal": {
    "criteria": {
      "tamed_animal": "2024-08-02 17:40:06 +0000"
    },
    "done": true
  },
  "DataVersion": 2586
}