{
  "sophisticatedbackpacks:recipes/sophisticatedbackpacks/blasting_upgrade": {
    "criteria": {
      "has_upgrade_base": "2024-08-02 13:28:38 +0000"
    },
    "done": true
  },
  "kimetsunoyaiba:hinoto": {
    "criteria": {
      "hinoto": "2024-08-02 17:26:18 +0000"
    },
    "done": true
  },
  "minecraft:recipes/transportation/dark_oak_boat": {
    "criteria": {
      "in_water": "2024-08-02 17:25:32 +0000"
    },
    "done": true
  },
  "sophisticatedbackpacks:recipes/sophisticatedbackpacks/auto_smoking_upgrade": {
    "criteria": {
      "has_smoking_upgrade": "2024-08-02 13:28:38 +0000"
    },
    "done": true
  },
  "kimetsunoyaiba:kinoto": {
    "criteria": {
      "kinoto": "2024-08-02 17:26:18 +0000"
    },
    "done": true
  },
  "sophisticatedbackpacks:recipes/sophisticatedbackpacks/auto_smoking_upgrade_from_auto_smelting_upgrade": {
    "criteria": {
      "has_auto_smelting_upgrade": "2024-08-02 13:28:38 +0000"
    },
    "done": true
  },
  "kimetsunoyaiba:hinoe": {
    "criteria": {
      "hinoe": "2024-08-02 17:26:18 +0000"
    },
    "done": true
  },
  "fh:skills": {
    "criteria": {
      "skills": "2024-08-02 13:28:38 +0000"
    },
    "done": true
  },
  "fh:slayer_skills": {
    "criteria": {
      "slayer_skills": "2024-08-02 13:32:03 +0000"
    },
    "done": true
  },
  "kimetsunoyaiba:demon_slayer_corps": {
    "criteria": {
      "demon_slayer_corps": "2024-08-02 13:32:10 +0000"
    },
    "done": true
  },
  "kimetsunoyaiba:hashira": {
    "criteria": {
      "hashira": "2024-08-02 17:26:18 +0000"
    },
    "done": true
  },
  "kimetsunoyaiba:the_wind_hashira": {
    "criteria": {
      "the_wind_hashira": "2024-08-02 17:27:19 +0000"
    },
    "done": true
  },
  "sophisticatedbackpacks:recipes/sophisticatedbackpacks/blasting_upgrade_from_smelting_upgrade": {
    "criteria": {
      "has_smelting_upgrade": "2024-08-02 13:28:38 +0000"
    },
    "done": true
  },
  "sophisticatedbackpacks:recipes/sophisticatedbackpacks/auto_blasting_upgrade": {
    "criteria": {
      "has_blasting_upgrade": "2024-08-02 13:28:38 +0000"
    },
    "done": true
  },
  "fh:final_stand_level_two": {
    "criteria": {
      "final_stand_level_two": "2024-08-02 17:26:45 +0000"
    },
    "done": true
  },
  "parcool:grant_parcool_guide": {
    "criteria": {
      "tick": "2024-08-02 13:28:39 +0000"
    },
    "done": true
  },
  "fh:hashira": {
    "criteria": {
      "hashira": "2024-08-02 17:26:24 +0000"
    },
    "done": true
  },
  "minecraft:adventure/adventuring_time": {
    "criteria": {
      "minecraft:forest": "2024-08-02 17:26:08 +0000",
      "minecraft:dark_forest": "2024-08-02 13:28:38 +0000",
      "minecraft:wooded_hills": "2024-08-02 17:25:52 +0000"
    },
    "done": false
  },
  "kimetsunoyaiba:kill_12_moons": {
    "criteria": {
      "kill_12_moons": "2024-08-02 15:43:52 +0000"
    },
    "done": true
  },
  "fh:wind_hashira": {
    "criteria": {
      "wind_hashira": "2024-08-02 17:26:37 +0000"
    },
    "done": true
  },
  "fh:total_concentration_constant": {
    "criteria": {
      "total_concentration_constant": "2024-08-02 17:26:32 +0000"
    },
    "done": true
  },
  "fh:slayer": {
    "criteria": {
      "slayer": "2024-08-02 13:32:10 +0000"
    },
    "done": true
  },
  "kimetsunoyaiba:mizunoe": {
    "criteria": {
      "mizunoe": "2024-08-02 15:00:25 +0000"
    },
    "done": true
  },
  "sophisticatedbackpacks:recipes/sophisticatedbackpacks/smoking_upgrade_from_smelting_upgrade": {
    "criteria": {
      "has_smelting_upgrade": "2024-08-02 13:28:38 +0000"
    },
    "done": true
  },
  "fh:final_stand_level_three": {
    "criteria": {
      "final_stand_level_three": "2024-08-02 17:26:42 +0000"
    },
    "done": true
  },
  "minecraft:recipes/transportation/birch_boat": {
    "criteria": {
      "in_water": "2024-08-02 17:25:32 +0000"
    },
    "done": true
  },
  "fh:start": {
    "criteria": {
      "start": "2024-08-02 13:28:38 +0000"
    },
    "done": true
  },
  "minecraft:story/upgrade_tools": {
    "criteria": {
      "stone_pickaxe": "2024-08-02 13:28:39 +0000"
    },
    "done": true
  },
  "minecraft:recipes/decorations/torch": {
    "criteria": {
      "has_stone_pickaxe": "2024-08-02 13:28:39 +0000"
    },
    "done": true
  },
  "kimetsunoyaiba:tsuchinoe": {
    "criteria": {
      "tsuchinoe": "2024-08-02 17:25:14 +0000"
    },
    "done": true
  },
  "minecraft:recipes/transportation/acacia_boat": {
    "criteria": {
      "in_water": "2024-08-02 17:25:32 +0000"
    },
    "done": true
  },
  "minecraft:recipes/transportation/oak_boat": {
    "criteria": {
      "in_water": "2024-08-02 17:25:32 +0000"
    },
    "done": true
  },
  "kimetsunoyaiba:kanoe": {
    "criteria": {
      "kanoe": "2024-08-02 16:11:03 +0000"
    },
    "done": true
  },
  "sophisticatedbackpacks:recipes/sophisticatedbackpacks/smoking_upgrade": {
    "criteria": {
      "has_upgrade_base": "2024-08-02 13:28:38 +0000"
    },
    "done": true
  },
  "sophisticatedbackpacks:recipes/sophisticatedbackpacks/auto_blasting_upgrade_from_auto_smelting_upgrade": {
    "criteria": {
      "has_auto_smelting_upgrade": "2024-08-02 13:28:38 +0000"
    },
    "done": true
  },
  "kimetsunoyaiba:mizunoto": {
    "criteria": {
      "mizunoto": "2024-08-02 13:32:16 +0000"
    },
    "done": true
  },
  "minecraft:adventure/root": {
    "criteria": {
      "killed_something": "2024-08-02 13:32:32 +0000"
    },
    "done": true
  },
  "kimetsunoyaiba:kanoto": {
    "criteria": {
      "kanoto": "2024-08-02 15:43:52 +0000"
    },
    "done": true
  },
  "kimetsunoyaiba:kinoe": {
    "criteria": {
      "kinoe": "2024-08-02 17:26:18 +0000"
    },
    "done": true
  },
  "minecraft:recipes/transportation/jungle_boat": {
    "criteria": {
      "in_water": "2024-08-02 17:25:32 +0000"
    },
    "done": true
  },
  "kimetsunoyaiba:demon_slayer": {
    "criteria": {
      "demon_slayer": "2024-08-02 13:28:39 +0000"
    },
    "done": true
  },
  "kimetsunoyaiba:cruel": {
    "criteria": {
      "cruel": "2024-08-02 13:28:39 +0000"
    },
    "done": true
  },
  "minecraft:recipes/transportation/spruce_boat": {
    "criteria": {
      "in_water": "2024-08-02 17:25:32 +0000"
    },
    "done": true
  },
  "fh:final_stand_level_one": {
    "criteria": {
      "final_stand_level_one": "2024-08-02 17:26:47 +0000"
    },
    "done": true
  },
  "kimetsunoyaiba:tsuchinoto": {
    "criteria": {
      "tsuchinoto": "2024-08-02 16:19:18 +0000"
    },
    "done": true
  },
  "minecraft:husbandry/tame_an_animal": {
    "criteria": {
      "tamed_animal": "2024-08-02 13:32:10 +0000"
    },
    "done": true
  },
  "DataVersion": 2586
}